# Blender 5.2.0 LTS
# www.blender.org
mtllib airspray-edited.mtl
o 07-Airspray
v 0.005973 0.058724 -0.001347
v -0.019019 0.045886 -0.014185
v 0.000073 0.059385 -0.000686
v -0.005228 0.025377 -0.020108
v 0.004193 0.025918 -0.020649
v -0.005473 0.023697 -0.018428
v 0.018231 0.041715 -0.018356
v 0.019165 0.045886 -0.014185
v -0.003597 0.032622 -0.027449
v 0.000073 0.032388 -0.027684
v -0.005826 0.058724 -0.001347
v -0.018084 0.050058 -0.010014
v -0.011149 0.056807 -0.003264
v -0.015372 0.053821 -0.006251
v 0.011295 0.056807 -0.003264
v 0.015519 0.053820 -0.006251
v 0.018231 0.050057 -0.010014
v 0.015519 0.037952 -0.022119
v 0.011295 0.034966 -0.025106
v 0.007375 0.033432 -0.026639
v 0.003635 0.032543 -0.027528
v -0.007460 0.033553 -0.026519
v -0.011149 0.034966 -0.025106
v -0.015372 0.037952 -0.022119
v -0.018084 0.041715 -0.018356
v 0.000414 0.027860 -0.022590
v 0.004691 0.023697 -0.018428
v -0.001963 0.020847 -0.015577
v 0.000414 0.020673 -0.015403
v -0.001963 0.027686 -0.022417
v -0.004030 0.026839 -0.021569
v 0.002598 0.027175 -0.021906
v 0.003247 0.021694 -0.016424
v -0.004030 0.021694 -0.016424
v 0.008067 0.015459 -0.011010
v 0.008510 0.009969 -0.015008
v 0.004022 0.014564 -0.011861
v -0.004237 0.014735 -0.011756
v -0.008374 0.009969 -0.015008
v -0.007988 0.015576 -0.010849
v -0.062145 -0.240354 0.335971
v -0.073067 -0.255511 0.320815
v 0.000068 -0.263181 0.294882
v -0.045132 -0.228326 0.348000
v -0.023695 -0.220603 0.355722
v 0.000068 -0.217942 0.358383
v 0.023832 -0.220603 0.355722
v 0.045269 -0.228326 0.348000
v 0.062281 -0.240354 0.335971
v 0.073204 -0.255511 0.320814
v 0.076968 -0.272312 0.304013
v 0.073204 -0.289113 0.287212
v 0.062281 -0.304270 0.272055
v 0.045269 -0.316298 0.260027
v 0.023832 -0.324021 0.252304
v 0.000068 -0.326682 0.249643
v -0.023695 -0.324021 0.252304
v -0.045132 -0.316298 0.260027
v -0.062145 -0.304270 0.272055
v -0.073067 -0.289113 0.287212
v -0.076831 -0.272312 0.304013
v 0.018952 0.022657 -0.003718
v 0.020773 0.029041 0.002660
v 0.019058 0.035217 0.008843
v 0.012240 0.040881 0.014500
v 0.006470 0.042960 0.016579
v 0.012240 0.040881 0.014500
v -0.002745 0.043697 0.017320
v -0.012093 0.040881 0.014500
v -0.016673 0.037643 0.011263
v -0.019613 0.033563 0.007183
v -0.020678 0.027580 0.001212
v -0.018084 0.041715 -0.018356
v -0.016671 0.020437 -0.005944
v -0.012417 0.035589 -0.024471
v 0.015522 0.037956 -0.022115
v 0.012649 0.017472 -0.008880
v 0.009836 0.034187 -0.025872
v -0.005535 0.024318 -0.020103
v -0.003956 0.026477 -0.021975
v -0.001910 0.032295 -0.027784
v -0.001145 0.027528 -0.022908
v 0.001893 0.027205 -0.022551
v 0.003723 0.025938 -0.021552
v 0.004722 0.024350 -0.020063
v 0.004163 0.022172 -0.017740
v 0.001928 0.020609 -0.016163
v 0.006464 0.014908 -0.011434
v -0.001198 0.020319 -0.015717
v -0.001418 0.014387 -0.011939
v -0.003380 0.020915 -0.016530
v -0.010236 0.016315 -0.010022
v -0.004956 0.022151 -0.017761
v -0.005657 0.024591 -0.020206
v -0.005734 0.024687 -0.019418
v -0.001806 0.027391 -0.023005
v -0.001476 0.027990 -0.022720
v 0.003581 0.026386 -0.022000
v 0.003718 0.026564 -0.021294
v 0.004281 0.021944 -0.017559
v 0.004250 0.022118 -0.016849
v 0.000267 0.020220 -0.015834
v -0.003609 0.021022 -0.015753
v -0.003434 0.020839 -0.016454
v -0.003519 0.020819 -0.016434
v -0.003466 0.021298 -0.016028
v 0.019195 0.044046 -0.016021
v 0.016440 0.052969 -0.007084
v 0.011295 0.056807 -0.003264
v 0.011295 0.056807 -0.003264
v 0.001323 0.059402 -0.000647
v -0.005826 0.058724 -0.001347
v -0.014296 0.054920 -0.005139
v -0.019063 0.046942 -0.013112
v -0.066871 -0.021734 0.022679
v -0.070316 -0.006356 0.038057
v -0.071611 -0.007139 0.038840
v -0.068103 -0.022799 0.023179
v -0.056874 -0.035606 0.008807
v -0.057921 -0.036927 0.009051
v -0.041303 -0.046615 -0.002203
v -0.042064 -0.048139 -0.002161
v -0.021682 -0.053684 -0.009271
v -0.022082 -0.055337 -0.009359
v 0.000068 -0.056119 -0.011707
v 0.000068 -0.057818 -0.011839
v 0.021818 -0.053684 -0.009271
v 0.022218 -0.055337 -0.009359
v 0.041439 -0.046615 -0.002203
v 0.042200 -0.048139 -0.002161
v 0.057010 -0.035606 0.008807
v 0.058058 -0.036927 0.009051
v 0.067008 -0.021734 0.022679
v 0.068239 -0.022799 0.023179
v 0.070453 -0.006356 0.038057
v 0.071748 -0.007139 0.038840
v 0.067008 0.009022 0.053435
v 0.068239 0.008522 0.054501
v 0.057010 0.022895 0.067307
v 0.058058 0.022650 0.068628
v 0.041439 0.033904 0.078317
v 0.042200 0.033862 0.079840
v 0.021818 0.040972 0.085385
v 0.022218 0.041060 0.087039
v 0.000068 0.043408 0.087821
v 0.000068 0.043541 0.089519
v -0.021682 0.040972 0.085385
v -0.022082 0.041060 0.087039
v -0.041303 0.033904 0.078317
v -0.042064 0.033862 0.079840
v -0.056874 0.022895 0.067307
v -0.057921 0.022650 0.068628
v -0.066871 0.009022 0.053435
v -0.068103 0.008522 0.054501
v -0.066871 0.009022 0.053435
v -0.068103 0.008522 0.054501
v -0.069715 0.009709 0.054054
v -0.059293 0.024171 0.068516
v -0.059499 0.027682 0.065217
v -0.069957 0.013170 0.050704
v -0.043060 0.035648 0.079993
v -0.043210 0.039199 0.076733
v -0.022606 0.043017 0.087362
v -0.022684 0.046594 0.084128
v 0.000068 0.045556 0.089901
v 0.000068 0.049142 0.086676
v 0.022742 0.043017 0.087362
v 0.022821 0.046594 0.084128
v 0.043197 0.035648 0.079993
v 0.043346 0.039199 0.076733
v 0.043197 0.035648 0.079993
v 0.059430 0.024171 0.068516
v 0.059636 0.027682 0.065217
v 0.043346 0.039199 0.076733
v 0.069852 0.009709 0.054054
v 0.070094 0.013170 0.050704
v 0.073443 -0.006322 0.038023
v 0.073697 -0.002916 0.034618
v 0.069852 -0.022353 0.021992
v 0.070094 -0.019003 0.018531
v 0.059430 -0.036815 0.007530
v 0.059636 -0.033515 0.004019
v 0.043197 -0.048292 -0.003947
v 0.043346 -0.045032 -0.007498
v 0.022742 -0.055661 -0.011315
v 0.022821 -0.052426 -0.014892
v 0.000068 -0.058200 -0.013855
v 0.000068 -0.054974 -0.017440
v -0.022606 -0.055661 -0.011315
v -0.022684 -0.052426 -0.014892
v -0.043060 -0.048292 -0.003947
v -0.043210 -0.045032 -0.007498
v -0.059293 -0.036815 0.007530
v -0.059499 -0.033515 0.004019
v -0.069715 -0.022353 0.021992
v -0.069957 -0.019003 0.018531
v -0.073306 -0.006322 0.038023
v -0.073561 -0.002916 0.034618
v -0.073306 -0.006322 0.038023
v -0.069715 -0.022353 0.021992
v -0.059293 -0.036815 0.007530
v -0.043060 -0.048292 -0.003947
v -0.022606 -0.055661 -0.011315
v 0.000068 -0.058200 -0.013855
v 0.022742 -0.055661 -0.011315
v 0.043197 -0.048292 -0.003947
v 0.059430 -0.036815 0.007530
v 0.069852 -0.022353 0.021992
v 0.073443 -0.006322 0.038023
v 0.069852 0.009709 0.054054
v 0.059430 0.024171 0.068516
v 0.043197 0.035648 0.079993
v 0.022742 0.043017 0.087362
v 0.000068 0.045556 0.089901
v -0.022606 0.043017 0.087362
v -0.043060 0.035648 0.079993
v -0.059293 0.024171 0.068516
v -0.069715 0.009709 0.054054
v -0.069715 0.009709 0.054054
v 0.059636 -0.033515 0.004019
v 0.043346 -0.045032 -0.007498
v 0.042580 -0.044272 -0.006767
v 0.058581 -0.032959 0.004546
v 0.070094 -0.019003 0.018531
v 0.068854 -0.018704 0.018801
v 0.073697 -0.002916 0.034618
v 0.072394 -0.002902 0.034603
v 0.070094 0.013170 0.050704
v 0.068854 0.012900 0.050405
v 0.059636 0.027682 0.065217
v 0.058581 0.027155 0.064661
v 0.043346 0.039199 0.076733
v 0.042580 0.038468 0.075974
v 0.022821 0.046594 0.084128
v 0.022418 0.045732 0.083237
v 0.000068 0.049142 0.086676
v 0.000068 0.048234 0.085740
v -0.022684 0.046594 0.084128
v -0.022282 0.045732 0.083237
v -0.043210 0.039199 0.076733
v -0.042444 0.038468 0.075974
v -0.059499 0.027682 0.065217
v -0.058445 0.027155 0.064661
v -0.069957 0.013170 0.050704
v -0.068718 0.012900 0.050405
v -0.073561 -0.002916 0.034618
v -0.072258 -0.002902 0.034603
v -0.069957 -0.019003 0.018531
v -0.068718 -0.018704 0.018801
v -0.059499 -0.033515 0.004019
v -0.058445 -0.032959 0.004546
v -0.043210 -0.045032 -0.007498
v -0.042444 -0.044272 -0.006767
v -0.022684 -0.052426 -0.014892
v -0.022282 -0.051536 -0.014030
v 0.000068 -0.054974 -0.017440
v 0.000068 -0.054039 -0.016533
v 0.022821 -0.052426 -0.014892
v 0.022418 -0.051536 -0.014030
v 0.068854 0.012900 0.050405
v 0.072394 -0.002902 0.034603
v 0.070934 -0.006150 0.037851
v 0.067466 0.009333 0.053334
v 0.058581 0.027155 0.064661
v 0.057400 0.023301 0.067301
v 0.042580 0.038468 0.075974
v 0.041722 0.034385 0.078386
v 0.022418 0.045732 0.083237
v 0.042580 0.038468 0.075974
v 0.041722 0.034385 0.078386
v 0.021967 0.041502 0.085503
v 0.000068 0.048234 0.085740
v 0.000068 0.043954 0.087955
v -0.022282 0.045732 0.083237
v -0.021830 0.041502 0.085503
v -0.042444 0.038468 0.075974
v -0.041586 0.034385 0.078386
v -0.058445 0.027155 0.064661
v -0.042444 0.038468 0.075974
v -0.041586 0.034385 0.078386
v -0.057263 0.023301 0.067301
v -0.068718 0.012900 0.050405
v -0.067329 0.009333 0.053334
v -0.072258 -0.002902 0.034603
v -0.070798 -0.006150 0.037851
v -0.068718 -0.018704 0.018801
v -0.067329 -0.021633 0.022368
v -0.058445 -0.032959 0.004546
v -0.057263 -0.035600 0.008400
v -0.042444 -0.044272 -0.006767
v -0.041586 -0.046685 -0.002684
v -0.022282 -0.051536 -0.014030
v -0.042444 -0.044272 -0.006767
v -0.041586 -0.046685 -0.002684
v -0.021830 -0.053802 -0.009801
v 0.000068 -0.054039 -0.016533
v 0.000068 -0.056254 -0.012253
v 0.022418 -0.051536 -0.014030
v 0.021967 -0.053802 -0.009801
v 0.042580 -0.044272 -0.006767
v 0.041722 -0.046685 -0.002684
v 0.058581 -0.032959 0.004546
v 0.042580 -0.044272 -0.006767
v 0.041722 -0.046685 -0.002684
v 0.057400 -0.035600 0.008400
v 0.068854 -0.018704 0.018801
v 0.067466 -0.021633 0.022368
v 0.067466 0.009333 0.053334
v 0.070934 -0.006150 0.037851
v 0.066263 -0.002900 0.033473
v 0.063270 0.011590 0.047963
v 0.057400 0.023301 0.067301
v 0.054090 0.024717 0.061090
v 0.041722 0.034385 0.078386
v 0.039622 0.035195 0.071569
v 0.021967 0.041502 0.085503
v 0.021283 0.042000 0.078374
v 0.000068 0.043954 0.087955
v 0.000866 0.044465 0.080839
v -0.021830 0.041502 0.085503
v -0.019628 0.042349 0.078722
v -0.041586 0.034385 0.078386
v -0.038194 0.035859 0.072232
v -0.057263 0.023301 0.067301
v -0.053015 0.025630 0.062003
v -0.067329 0.009333 0.053334
v -0.062640 0.012663 0.049036
v -0.070798 -0.006150 0.037851
v -0.066126 -0.001772 0.034602
v -0.067329 -0.021633 0.022368
v -0.063133 -0.016262 0.020111
v -0.057263 -0.035600 0.008400
v -0.053953 -0.029389 0.006985
v -0.041586 -0.046685 -0.002684
v -0.039485 -0.039867 -0.003494
v -0.021830 -0.053802 -0.009801
v -0.021146 -0.046672 -0.010299
v 0.000068 -0.056254 -0.012253
v -0.000730 -0.049137 -0.012764
v 0.021967 -0.053802 -0.009801
v 0.019764 -0.047021 -0.010648
v 0.041722 -0.046685 -0.002684
v 0.038331 -0.040531 -0.004158
v 0.057400 -0.035600 0.008400
v 0.053152 -0.030302 0.006072
v 0.067466 -0.021633 0.022368
v 0.062776 -0.017335 0.019038
v 0.054448 0.014061 0.042633
v 0.046325 0.025331 0.053903
v 0.033674 0.034274 0.062846
v 0.017733 0.040015 0.068587
v 0.000063 0.041993 0.070565
v -0.017606 0.040013 0.068585
v -0.033546 0.034269 0.062841
v -0.046194 0.025324 0.053897
v -0.054315 0.014054 0.042626
v -0.057112 0.001561 0.030133
v -0.054312 -0.010932 0.017640
v -0.046188 -0.022201 0.006371
v -0.033537 -0.031145 -0.002572
v -0.017596 -0.036886 -0.008314
v 0.000074 -0.038863 -0.010291
v 0.017743 -0.036884 -0.008311
v 0.033682 -0.031140 -0.002568
v 0.046331 -0.022195 0.006377
v 0.054451 -0.010925 0.017647
v 0.057248 0.001568 0.030140
v -0.019613 0.024563 -0.001907
v -0.025914 0.022370 -0.002606
v -0.027251 0.028339 0.003362
v -0.020626 0.029085 0.002616
v 0.055176 0.014071 0.042538
v 0.047035 0.025502 0.053969
v 0.034297 0.034594 0.063061
v 0.018209 0.040459 0.068926
v 0.000345 0.042521 0.070988
v -0.017546 0.040580 0.069047
v -0.033713 0.034824 0.063291
v -0.046573 0.025818 0.054285
v -0.052277 0.018628 0.037137
v -0.057785 0.001813 0.030280
v -0.052283 -0.005423 0.013086
v -0.046899 -0.022267 0.006200
v -0.034161 -0.031360 -0.002893
v -0.018072 -0.037224 -0.008757
v -0.000208 -0.039287 -0.010820
v 0.017683 -0.037345 -0.008878
v 0.033850 -0.031590 -0.003123
v 0.046710 -0.022584 0.005883
v 0.055005 -0.011209 0.017258
v 0.055110 0.006589 0.025098
v -0.046827 0.002439 0.007639
v -0.039806 -0.007278 -0.002078
v -0.028882 -0.014985 -0.009785
v -0.015124 -0.019929 -0.014728
v 0.000120 -0.021624 -0.016424
v 0.015360 -0.019906 -0.014705
v 0.029103 -0.014942 -0.009742
v 0.040004 -0.007218 -0.002018
v 0.046996 0.002509 0.007709
v 0.049394 0.013287 0.018488
v 0.046963 0.024062 0.029263
v 0.039943 0.033779 0.038979
v 0.029019 0.041486 0.046687
v 0.015261 0.046429 0.051630
v 0.000016 0.048125 0.053325
v -0.015224 0.046407 0.051607
v -0.028967 0.041443 0.046643
v -0.039867 0.033719 0.038920
v -0.046859 0.023992 0.029193
v -0.049257 0.013214 0.018414
v -0.040595 0.011763 0.009944
v -0.028674 -0.004182 -0.006000
v -0.005775 -0.012127 -0.013945
v 0.019356 -0.009039 -0.010857
v 0.037120 0.003904 0.002085
v 0.040731 0.021757 0.019938
v 0.028811 0.037701 0.035883
v 0.005912 0.045647 0.043828
v -0.019219 0.042558 0.040740
v -0.036983 0.029616 0.027797
v -0.031913 0.010360 0.006647
v -0.027136 0.003732 0.000019
v -0.019697 -0.001527 -0.005241
v -0.010322 -0.004904 -0.008618
v 0.000069 -0.006068 -0.009781
v 0.010460 -0.004904 -0.008617
v 0.019834 -0.001527 -0.005240
v 0.027273 0.003733 0.000019
v 0.032049 0.010361 0.006647
v 0.033695 0.017708 0.013994
v 0.032049 0.025055 0.021341
v 0.027273 0.031682 0.027969
v 0.019833 0.036942 0.033229
v 0.010459 0.040319 0.036605
v 0.000068 0.041482 0.037769
v -0.010323 0.040319 0.036605
v -0.019697 0.036942 0.033228
v -0.027137 0.031682 0.027968
v -0.031913 0.025054 0.021340
v -0.033558 0.017707 0.013994
v 0.029038 0.007597 -0.005658
v 0.021116 0.001996 -0.011259
v 0.018713 0.004334 -0.008922
v 0.025731 0.009296 -0.003960
v 0.034124 0.014654 0.001400
v 0.030237 0.015548 0.002292
v 0.035877 0.022478 0.009223
v 0.031789 0.022479 0.009223
v 0.034124 0.030302 0.017047
v 0.030237 0.029409 0.016153
v 0.029038 0.037359 0.024105
v 0.025731 0.035661 0.022405
v 0.021116 0.042961 0.029706
v 0.018713 0.040623 0.027367
v 0.011134 0.046557 0.033302
v 0.009871 0.043809 0.030552
v 0.000068 0.047796 0.034541
v 0.000068 0.044906 0.031650
v -0.010997 0.046557 0.033302
v -0.009734 0.043809 0.030552
v -0.020980 0.042961 0.029706
v -0.018577 0.040623 0.027367
v -0.028902 0.037359 0.024105
v -0.025594 0.035661 0.022405
v -0.033988 0.030302 0.017047
v -0.030100 0.029409 0.016153
v -0.035740 0.022478 0.009223
v -0.031652 0.022479 0.009223
v -0.033988 0.014654 0.001400
v -0.030100 0.015548 0.002292
v -0.028902 0.007597 -0.005658
v -0.025594 0.009296 -0.003960
v -0.020980 0.001996 -0.011259
v -0.018577 0.004334 -0.008922
v -0.010997 -0.001601 -0.014855
v -0.009734 0.001149 -0.012107
v 0.000068 -0.002840 -0.016095
v 0.000068 0.000051 -0.013205
v 0.011134 -0.001601 -0.014855
v 0.009871 0.001149 -0.012107
v 0.019732 -0.000310 -0.006260
v 0.030448 0.008328 0.002387
v 0.033522 0.018825 0.012876
v 0.029932 0.030030 0.024090
v 0.019732 0.037961 0.032011
v 0.019732 0.037961 0.032011
v 0.010406 0.041321 0.035371
v -0.005782 0.042366 0.036425
v -0.019595 0.037961 0.032011
v -0.019595 0.037961 0.032011
v -0.030312 0.029314 0.023373
v -0.033386 0.018825 0.012876
v -0.029796 0.007612 0.001671
v -0.019595 -0.000310 -0.006260
v -0.019595 -0.000310 -0.006260
v -0.010270 -0.003670 -0.009619
v 0.005918 -0.004724 -0.010665
v 0.019732 -0.000310 -0.006260
v -0.028901 0.004463 -0.002524
v -0.033987 0.011521 0.004533
v -0.010997 -0.004734 -0.011721
v -0.020979 -0.001138 -0.008125
v 0.031833 0.007080 0.000092
v 0.015571 -0.003779 -0.010766
v 0.035876 0.019344 0.012357
v 0.032773 0.030305 0.023317
v 0.017415 0.041803 0.034816
v -0.004569 0.044723 0.037735
v -0.024782 0.037949 0.030961
v -0.035502 0.024069 0.017081
v -0.033987 0.011521 0.004533
v -0.026245 0.001775 -0.005213
v -0.006614 -0.005805 -0.012793
v -0.019595 -0.000310 -0.006260
v -0.026996 0.004923 -0.001027
v -0.010270 -0.003670 -0.009619
v 0.000068 -0.004827 -0.010777
v 0.000068 -0.005973 -0.012960
v 0.010406 -0.003670 -0.009619
v 0.011134 -0.004734 -0.011721
v 0.019732 -0.000310 -0.006260
v 0.021116 -0.001138 -0.008125
v 0.027133 0.004923 -0.001027
v 0.029037 0.004463 -0.002524
v 0.031885 0.011516 0.005567
v 0.034124 0.011521 0.004533
v 0.033522 0.018825 0.012876
v 0.035876 0.019344 0.012357
v 0.031885 0.026135 0.020185
v 0.034124 0.027168 0.020180
v 0.027133 0.032728 0.026779
v 0.029037 0.034226 0.027238
v 0.019732 0.037961 0.032011
v 0.021116 0.039826 0.032839
v 0.010406 0.041321 0.035371
v 0.011134 0.043423 0.036435
v 0.000068 0.042478 0.036529
v 0.000068 0.044662 0.037674
v -0.010269 0.041321 0.035371
v -0.010997 0.043423 0.036435
v -0.019595 0.037961 0.032011
v -0.020979 0.039827 0.032839
v -0.026996 0.032728 0.026779
v -0.028901 0.034226 0.027238
v -0.031748 0.026135 0.020185
v -0.033987 0.027168 0.020180
v -0.033386 0.018825 0.012876
v -0.035739 0.019344 0.012357
v -0.031748 0.011516 0.005567
v 0.023945 0.007108 0.000063
v 0.028137 0.012925 0.005880
v 0.029582 0.019373 0.012328
v 0.028137 0.025821 0.018777
v 0.023945 0.031638 0.024594
v 0.017416 0.036254 0.029210
v 0.009188 0.039218 0.032174
v 0.000068 0.040240 0.033195
v -0.009052 0.039218 0.032174
v -0.017279 0.036254 0.029210
v -0.023809 0.031638 0.024594
v -0.028001 0.025821 0.018777
v -0.029445 0.019373 0.012328
v -0.028001 0.012925 0.005880
v -0.023809 0.007108 0.000063
v -0.017279 0.002491 -0.004553
v -0.009052 -0.000473 -0.007517
v 0.000068 -0.001494 -0.008538
v 0.009188 -0.000473 -0.007517
v 0.017416 0.002491 -0.004553
v 0.022154 0.011134 -0.002123
v 0.026031 0.016515 0.003257
v 0.027368 0.022479 0.009222
v 0.026031 0.028444 0.015186
v 0.022154 0.033824 0.020567
v 0.016114 0.038094 0.024837
v 0.008504 0.040836 0.027579
v 0.000068 0.041781 0.028523
v -0.008368 0.040836 0.027579
v -0.015978 0.038094 0.024837
v -0.022017 0.033824 0.020567
v -0.025895 0.028444 0.015186
v -0.027231 0.022479 0.009222
v -0.025895 0.016515 0.003257
v -0.022017 0.011134 -0.002123
v -0.015978 0.006864 -0.006393
v -0.008368 0.004123 -0.009135
v 0.000068 0.003178 -0.010079
v 0.008504 0.004123 -0.009135
v 0.016114 0.006864 -0.006393
v 0.020129 0.035874 0.022617
v 0.027434 0.024979 0.011722
v 0.026051 0.034308 0.009331
v 0.019028 0.042533 0.017556
v 0.005162 0.041653 0.028396
v 0.003607 0.047701 0.022725
v -0.011751 0.040108 0.026851
v -0.013166 0.045474 0.020497
v -0.024149 0.031830 0.018572
v -0.024884 0.036702 0.011725
v -0.027297 0.019980 0.006722
v -0.019993 0.009085 -0.004173
v -0.024167 0.018982 -0.005995
v -0.011760 0.010697 -0.014279
v -0.005026 0.003306 -0.009952
v 0.005166 0.009151 -0.015826
v 0.011887 0.004851 -0.008407
v 0.020144 0.014934 -0.010043
v 0.024286 0.013129 -0.000128
v 0.027454 0.025837 0.000861
v 0.012240 0.017245 -0.009224
v -0.000401 0.014409 -0.011978
v -0.012093 0.017245 -0.009224
v -0.016673 0.020483 -0.005986
v -0.019613 0.033608 0.007138
v -0.016673 0.037688 0.011218
v -0.012093 0.040925 0.014456
v -0.006323 0.043004 0.016535
v 0.000073 0.043720 0.017251
v 0.006470 0.043004 0.016535
v 0.012240 0.040925 0.014456
v 0.016819 0.020483 -0.005986
v 0.016819 0.037688 0.011218
v 0.019760 0.033608 0.007138
v 0.020773 0.029085 0.002616
v 0.019760 0.024563 -0.001907
v -0.073068 -0.034971 0.033070
v -0.076831 -0.018170 0.049871
v -0.070316 -0.006392 0.038093
v -0.066871 -0.021769 0.022715
v -0.062145 -0.050128 0.017913
v -0.056874 -0.035642 0.008842
v -0.045132 -0.062156 0.005885
v -0.041303 -0.046651 -0.002167
v -0.023695 -0.069879 -0.001838
v -0.021682 -0.053720 -0.009235
v 0.000068 -0.072540 -0.004499
v 0.000068 -0.056155 -0.011671
v 0.023832 -0.069879 -0.001838
v 0.021818 -0.053720 -0.009235
v 0.045269 -0.062156 0.005885
v 0.041439 -0.046651 -0.002167
v 0.062281 -0.050128 0.017913
v 0.045269 -0.062156 0.005885
v 0.041439 -0.046651 -0.002167
v 0.057010 -0.035642 0.008842
v 0.073204 -0.034971 0.033070
v 0.067008 -0.021769 0.022715
v 0.076968 -0.018170 0.049871
v 0.070453 -0.006392 0.038093
v 0.073204 -0.001369 0.066673
v 0.067008 0.008986 0.053471
v 0.062281 0.013788 0.081829
v 0.057010 0.022859 0.067343
v 0.045269 0.025816 0.093858
v 0.041439 0.033868 0.078353
v 0.023832 0.033539 0.101580
v 0.021818 0.040936 0.085421
v 0.000068 0.036200 0.104241
v 0.000068 0.043372 0.087857
v -0.023695 0.033539 0.101580
v -0.021682 0.040936 0.085421
v -0.045132 0.025816 0.093858
v -0.041303 0.033868 0.078353
v -0.062145 0.013788 0.081829
v -0.056874 0.022859 0.067343
v -0.073068 -0.001369 0.066673
v -0.066871 0.008986 0.053471
v -0.073067 -0.243280 0.308584
v -0.062145 -0.228123 0.323740
v -0.062145 0.013788 0.081829
v -0.073068 -0.001369 0.066673
v -0.076831 -0.260081 0.291782
v -0.073067 -0.243280 0.308584
v -0.073068 -0.001369 0.066673
v -0.076831 -0.018170 0.049871
v -0.073067 -0.276882 0.274981
v -0.073068 -0.034971 0.033070
v -0.062145 -0.292039 0.259824
v -0.062145 -0.050128 0.017913
v -0.045132 -0.304067 0.247796
v -0.045132 -0.062156 0.005885
v -0.023695 -0.311790 0.240073
v -0.023695 -0.069879 -0.001838
v 0.000068 -0.314451 0.237412
v 0.000068 -0.072540 -0.004499
v 0.023832 -0.311790 0.240073
v 0.023832 -0.069879 -0.001838
v 0.045269 -0.304067 0.247796
v 0.045269 -0.062156 0.005885
v 0.062281 -0.292039 0.259824
v 0.062281 -0.050128 0.017913
v 0.073204 -0.276882 0.274981
v 0.073204 -0.034971 0.033070
v 0.076968 -0.260081 0.291782
v 0.076968 -0.018170 0.049871
v 0.073204 -0.243280 0.308584
v 0.073204 -0.001369 0.066673
v 0.062281 -0.228123 0.323740
v 0.062281 0.013788 0.081829
v 0.045269 -0.216095 0.335769
v 0.045269 0.025816 0.093858
v 0.023832 -0.208372 0.343491
v 0.023832 0.033539 0.101580
v 0.000068 -0.205711 0.346153
v 0.000068 0.036200 0.104241
v -0.023695 -0.208372 0.343491
v -0.023695 0.033539 0.101580
v -0.045132 -0.216095 0.335769
v -0.045132 0.025816 0.093858
v -0.073067 -0.289113 0.287212
v -0.076831 -0.266201 0.297902
v -0.073067 -0.283002 0.281101
v -0.062145 -0.298159 0.265944
v -0.045132 -0.310187 0.253916
v -0.023695 -0.317910 0.246193
v 0.000068 -0.320571 0.243532
v 0.023832 -0.324021 0.252304
v 0.023832 -0.317910 0.246193
v 0.045269 -0.310187 0.253916
v 0.062281 -0.298159 0.265944
v 0.073204 -0.283002 0.281101
v 0.076968 -0.266201 0.297902
v 0.073204 -0.255511 0.320814
v 0.073204 -0.249400 0.314704
v 0.062282 -0.240354 0.335971
v 0.062281 -0.234243 0.329860
v 0.045269 -0.228326 0.348000
v 0.045269 -0.222215 0.341889
v 0.023832 -0.220603 0.355722
v 0.023832 -0.214492 0.349611
v 0.000068 -0.211831 0.352272
v -0.023695 -0.214492 0.349611
v -0.045132 -0.222215 0.341889
v -0.062145 -0.234243 0.329860
v -0.045132 -0.222215 0.341889
v -0.073067 -0.249400 0.314704
v -0.067591 -0.278877 0.279492
v -0.071073 -0.263334 0.295035
v -0.076831 -0.260081 0.291782
v -0.073067 -0.276882 0.274981
v -0.057486 -0.292899 0.265470
v -0.062145 -0.292039 0.259824
v -0.041748 -0.304027 0.254342
v -0.045132 -0.304067 0.247796
v -0.021916 -0.311171 0.247198
v -0.023695 -0.311790 0.240073
v 0.000068 -0.313633 0.244736
v 0.000068 -0.314451 0.237412
v 0.022052 -0.311171 0.247198
v 0.023832 -0.311790 0.240073
v 0.041884 -0.304027 0.254342
v 0.045269 -0.304067 0.247796
v 0.057623 -0.292899 0.265470
v 0.062281 -0.292039 0.259824
v 0.067728 -0.278877 0.279492
v 0.057623 -0.292899 0.265470
v 0.062281 -0.292039 0.259824
v 0.073204 -0.276882 0.274981
v 0.071210 -0.263334 0.295035
v 0.076968 -0.260081 0.291782
v 0.067728 -0.247791 0.310579
v 0.073204 -0.243280 0.308584
v 0.057623 -0.233769 0.324600
v 0.062281 -0.228123 0.323740
v 0.041884 -0.222641 0.335728
v 0.045269 -0.216095 0.335769
v 0.022052 -0.215497 0.342873
v 0.023832 -0.208372 0.343491
v 0.000068 -0.213035 0.345335
v 0.000068 -0.205711 0.346153
v -0.021916 -0.215497 0.342873
v -0.023695 -0.208372 0.343491
v -0.041748 -0.222641 0.335728
v -0.045132 -0.216095 0.335769
v -0.057486 -0.233769 0.324600
v -0.062145 -0.228123 0.323740
v -0.067591 -0.247791 0.310579
v -0.057486 -0.233769 0.324600
v -0.062145 -0.228123 0.323740
v -0.073067 -0.243280 0.308584
v 0.000068 -0.321686 0.244647
v -0.022913 -0.319025 0.247308
v -0.021916 -0.311171 0.247198
v 0.000068 -0.313633 0.244736
v 0.023050 -0.319025 0.247308
v 0.022052 -0.311171 0.247198
v 0.043782 -0.311302 0.255031
v 0.041884 -0.304027 0.254342
v 0.060236 -0.299274 0.267059
v 0.070799 -0.284117 0.282216
v 0.074439 -0.267316 0.299017
v 0.070799 -0.250515 0.315818
v 0.060236 -0.235358 0.330975
v 0.043782 -0.223329 0.343004
v 0.023050 -0.215607 0.350726
v 0.043782 -0.223329 0.343004
v 0.041884 -0.222641 0.335728
v 0.022052 -0.215497 0.342873
v 0.000068 -0.212946 0.353387
v 0.000068 -0.213035 0.345335
v -0.022913 -0.215607 0.350726
v -0.021916 -0.215497 0.342873
v -0.043646 -0.223329 0.343004
v -0.041748 -0.222641 0.335728
v -0.060099 -0.235358 0.330975
v -0.070662 -0.250515 0.315818
v -0.074302 -0.267316 0.299017
v -0.070662 -0.284117 0.282216
v -0.060099 -0.299274 0.267059
v -0.043646 -0.311302 0.255031
v -0.043646 -0.311302 0.255031
v -0.041748 -0.304027 0.254342
v -0.073067 -0.283002 0.281101
v -0.076831 -0.266201 0.297902
v -0.074302 -0.267316 0.299017
v -0.070662 -0.284117 0.282216
v -0.062145 -0.298159 0.265944
v -0.060099 -0.299274 0.267059
v -0.045132 -0.310187 0.253916
v -0.062145 -0.298159 0.265944
v -0.060099 -0.299274 0.267059
v -0.043646 -0.311302 0.255031
v -0.023695 -0.317910 0.246193
v -0.022913 -0.319025 0.247308
v 0.000068 -0.320571 0.243532
v 0.000068 -0.321686 0.244647
v 0.023832 -0.317910 0.246193
v 0.023050 -0.319025 0.247308
v 0.045269 -0.310187 0.253916
v 0.043782 -0.311302 0.255031
v 0.062281 -0.298159 0.265944
v 0.060236 -0.299274 0.267059
v 0.073204 -0.283002 0.281101
v 0.062281 -0.298159 0.265944
v 0.060236 -0.299274 0.267059
v 0.070799 -0.284117 0.282216
v 0.076968 -0.266201 0.297902
v 0.074439 -0.267316 0.299017
v 0.073204 -0.249400 0.314704
v 0.070799 -0.250515 0.315818
v 0.062281 -0.234243 0.329860
v 0.060236 -0.235358 0.330975
v 0.045269 -0.222215 0.341889
v 0.062281 -0.234243 0.329860
v 0.060236 -0.235358 0.330975
v 0.043782 -0.223329 0.343004
v 0.023832 -0.214492 0.349611
v 0.023050 -0.215607 0.350726
v 0.000068 -0.211831 0.352272
v 0.000068 -0.212946 0.353387
v -0.023695 -0.214492 0.349611
v -0.022913 -0.215607 0.350726
v -0.045132 -0.222215 0.341889
v -0.043646 -0.223329 0.343004
v -0.062145 -0.234243 0.329860
v -0.060099 -0.235358 0.330975
v -0.073067 -0.249400 0.314704
v -0.062145 -0.234243 0.329860
v -0.060099 -0.235358 0.330975
v -0.070662 -0.250515 0.315818
v -0.073067 -0.255511 0.320815
v -0.062145 -0.240354 0.335971
v -0.045132 -0.228326 0.348000
v -0.045132 -0.228326 0.348000
v -0.023695 -0.220603 0.355722
v 0.000068 -0.217942 0.358383
v 0.076968 -0.272312 0.304013
v 0.073204 -0.289113 0.287212
v 0.062281 -0.304270 0.272055
v 0.045269 -0.316298 0.260027
v 0.000068 -0.326682 0.249643
v -0.023695 -0.324021 0.252304
v -0.045132 -0.316298 0.260027
v -0.062145 -0.304270 0.272055
v -0.076831 -0.272312 0.304013
v -0.025914 0.034308 0.009331
v 0.009188 0.039218 0.032174
v 0.009188 -0.000473 -0.007517
v -0.008374 0.046709 0.021733
v -0.017279 0.002491 -0.004553
v -0.015435 -0.000646 -0.013901
v 0.018713 0.004334 -0.008922
v 0.057189 0.001477 0.030225
v -0.027251 0.028339 0.003362
v -0.068103 0.008522 0.054501
v -0.068103 0.008522 0.054501
v -0.042064 0.033862 0.079840
v -0.054257 -0.011003 0.017745
v -0.057921 0.022650 0.068628
v 0.030082 0.006409 0.002762
v 0.030600 0.028219 0.024573
v 0.042200 -0.048139 -0.002161
v 0.030237 0.015548 0.002292
v 0.030237 0.029409 0.016153
v -0.026246 0.040048 0.026793
v -0.009734 0.001149 -0.012107
v 0.042200 0.033862 0.079840
v -0.023809 0.007108 0.000063
v -0.054257 0.013957 0.042705
v -0.009734 0.043809 0.030552
v -0.029945 0.028939 0.025293
v 0.031789 0.022479 0.009223
v -0.067591 -0.247791 0.310579
v -0.028001 0.025821 0.018777
v -0.028001 0.012925 0.005880
v 0.008510 0.046709 0.021733
v 0.025731 0.009296 -0.003960
v 0.025731 0.035661 0.022405
v 0.057623 -0.292899 0.265470
v 0.058058 -0.036927 0.009051
v 0.058058 0.022650 0.068628
v 0.022218 -0.055337 -0.009359
v 0.022218 0.041060 0.087039
v -0.030100 0.029409 0.016153
v -0.057921 -0.036927 0.009051
v -0.015990 0.043966 0.018989
v 0.005948 0.041337 0.037690
v 0.004819 -0.006115 -0.009762
v -0.071611 -0.007139 0.038840
v 0.000068 -0.057818 -0.011839
v 0.000068 0.043541 0.089519
v -0.067591 -0.278877 0.279492
v 0.068239 -0.022799 0.023179
v 0.068239 0.008522 0.054501
v 0.071748 -0.007139 0.038840
v -0.042064 -0.048139 -0.002161
v -0.068103 -0.022799 0.023179
v -0.025594 0.009296 -0.003960
v -0.018577 0.040623 0.027367
v -0.018577 0.004334 -0.008922
v 0.019830 -0.001553 -0.005208
v 0.033689 0.017678 0.014023
v 0.019830 0.036909 0.033254
v -0.010321 0.040286 0.036630
v -0.010321 -0.004929 -0.008585
v -0.019694 0.036909 0.033254
v -0.019694 -0.001553 -0.005208
v -0.033553 0.017678 0.014023
v -0.030463 0.007128 0.003482
v 0.026383 0.004908 -0.008347
v 0.031834 0.034743 0.021488
v 0.035964 0.019199 0.005944
v -0.022082 -0.055337 -0.009359
v -0.022082 0.041060 0.087039
v 0.015571 0.045602 0.032347
v 0.018713 0.040623 0.027367
v 0.006750 -0.002672 -0.015927
v 0.009871 0.043809 0.030552
v 0.009871 0.001149 -0.012107
v -0.006614 0.047628 0.034373
v -0.035827 0.025757 0.012502
v 0.041884 -0.222641 0.335728
v -0.025594 0.035661 0.022405
v -0.031652 0.022479 0.009223
v -0.031698 0.010213 -0.003042
v -0.030100 0.015548 0.002292
v -0.029445 0.019373 0.012328
v -0.028901 0.004463 -0.002524
v 0.027388 0.028339 0.003362
v -0.033987 0.011521 0.004533
v 0.023945 0.007108 0.000063
v 0.023945 0.031638 0.024594
v 0.028137 0.012925 0.005880
v 0.028137 0.025821 0.018777
v -0.009052 0.039218 0.032174
v -0.009052 -0.000473 -0.007517
v 0.029582 0.019373 0.012328
v 0.017416 0.036254 0.029210
v 0.017416 0.002491 -0.004553
v 0.000068 0.040240 0.033195
v 0.000068 -0.001494 -0.008538
v -0.017279 0.036254 0.029210
v 0.022170 0.039692 0.014716
v 0.022170 0.016985 -0.007991
v -0.023809 0.031638 0.024594
v 0.026051 0.034308 0.009331
v 0.026051 0.022370 -0.002606
v 0.016126 0.043966 0.018989
v 0.016126 0.012712 -0.012264
v 0.000068 0.047655 0.022678
v 0.000068 0.009023 -0.015953
v -0.022034 0.039692 0.014716
v -0.022034 0.016985 -0.007991
v -0.015990 0.012712 -0.012264
v 0.000068 0.044906 0.031650
v 0.000068 0.000051 -0.013205
v 0.071210 -0.263334 0.295035
v 0.057623 -0.233769 0.324600
v -0.041748 -0.304027 0.254342
v -0.071073 -0.263334 0.295035
v -0.057486 -0.292899 0.265470
v 0.067728 -0.278877 0.279492
v 0.067728 -0.247791 0.310579
v -0.057486 -0.233769 0.324600
vn -0.0000 0.7071 -0.7071
vn -0.0000 -0.7071 -0.7071
vn 0.0653 0.5908 -0.8042
vn 0.0552 0.5904 -0.8052
vn 0.0224 0.5873 -0.8091
vn -0.0315 0.5818 -0.8127
vn -0.0428 0.5909 -0.8056
vn -0.0695 0.5975 -0.7988
vn 0.1340 -0.7662 0.6285
vn 0.1575 -0.7335 0.6612
vn -0.0000 -0.7071 0.7071
vn 0.0973 -0.7921 0.6026
vn 0.0512 -0.8087 0.5860
vn -0.0000 -0.8145 0.5802
vn -0.0512 -0.8087 0.5860
vn -0.0973 -0.7921 0.6026
vn -0.1340 -0.7662 0.6285
vn -0.1575 -0.7335 0.6612
vn -0.1656 -0.6973 0.6973
vn -0.1575 -0.6612 0.7335
vn -0.1340 -0.6285 0.7662
vn -0.0973 -0.6026 0.7921
vn -0.0512 -0.5860 0.8087
vn -0.0000 -0.5802 0.8145
vn 0.0512 -0.5860 0.8087
vn 0.0973 -0.6026 0.7921
vn 0.1340 -0.6285 0.7662
vn 0.1575 -0.6612 0.7335
vn 0.1656 -0.6973 0.6973
vn -0.0919 0.7415 0.6647
vn 0.2941 0.7220 0.6263
vn 0.1066 0.7507 0.6520
vn -0.3423 0.7097 0.6157
vn -0.5416 0.6332 0.5528
vn -0.8212 -0.3490 -0.4514
vn -0.9899 -0.0376 -0.1368
vn -0.9362 -0.1979 -0.2904
vn 0.8249 -0.3414 -0.4505
vn 0.5827 -0.4711 -0.6622
vn 0.4375 -0.5552 -0.7073
vn -0.3425 -0.6442 -0.6839
vn -0.4065 -0.5675 -0.7160
vn -0.6296 -0.4910 -0.6021
vn -0.0643 -0.6153 -0.7856
vn -0.0524 -0.7319 -0.6794
vn 0.1907 -0.6171 -0.7635
vn 0.2953 -0.6071 -0.7377
vn 0.3645 -0.6279 -0.6877
vn 0.2425 -0.6959 -0.6760
vn 0.2686 -0.5430 -0.7956
vn 0.2744 -0.4487 -0.8505
vn 0.1153 -0.5818 -0.8051
vn -0.0782 -0.5955 -0.7996
vn -0.2214 -0.6147 -0.7571
vn -0.5137 -0.5735 -0.6381
vn -0.2166 -0.6619 -0.7176
vn 0.9224 -0.3512 0.1609
vn 0.3970 -0.5862 0.7062
vn 0.1492 -0.5252 0.8378
vn 0.9857 0.1330 0.1033
vn -0.6399 -0.6807 0.3567
vn -0.9172 -0.3205 0.2367
vn -0.9689 0.2338 -0.0808
vn -0.8191 0.5034 -0.2751
vn -0.1261 -0.2401 -0.9625
vn 0.1791 0.8409 -0.5107
vn 0.2496 0.9490 -0.1925
vn 0.9048 0.2888 -0.3129
vn 0.8724 0.2574 -0.4155
vn 0.8945 -0.2721 -0.3548
vn 0.9949 0.0392 -0.0932
vn 0.9977 0.0505 -0.0447
vn 0.9046 0.3502 0.2430
vn 0.8720 0.3870 0.2999
vn 0.4730 0.7159 0.5135
vn -0.7772 0.5069 0.3729
vn -0.9498 0.2672 0.1629
vn -0.9904 0.1348 0.0319
vn 0.5467 0.5628 0.6199
vn -0.8115 0.4603 0.3600
vn 0.6736 0.4782 0.5635
vn 0.6307 0.6609 0.4068
vn 0.6284 -0.4185 0.6557
vn 0.6495 -0.5616 0.5126
vn 0.6495 -0.5131 0.5611
vn 0.6072 -0.3724 0.7018
vn 0.5458 -0.2870 0.7872
vn 0.5055 -0.2477 0.8265
vn 0.4098 -0.1799 0.8942
vn 0.3544 -0.1514 0.9228
vn 0.2337 -0.1078 0.9663
vn 0.1685 -0.0929 0.9813
vn 0.0347 -0.0778 0.9964
vn -0.0339 -0.0778 0.9964
vn -0.1677 -0.0927 0.9815
vn -0.2329 -0.1077 0.9665
vn -0.3537 -0.1511 0.9231
vn -0.4091 -0.1796 0.8946
vn -0.5050 -0.2473 0.8269
vn -0.5454 -0.2865 0.7877
vn -0.6070 -0.3718 0.7024
vn -0.6282 -0.4180 0.6563
vn -0.6495 -0.5126 0.5616
vn -0.6495 -0.5611 0.5132
vn -0.6284 -0.6557 0.4185
vn -0.6073 -0.7018 0.3724
vn -0.5458 -0.7872 0.2870
vn -0.5055 -0.8265 0.2478
vn -0.4098 -0.8942 0.1799
vn -0.3543 -0.9228 0.1514
vn -0.2337 -0.9663 0.1079
vn -0.1685 -0.9813 0.0929
vn -0.0347 -0.9964 0.0778
vn 0.0339 -0.9964 0.0778
vn 0.1677 -0.9815 0.0927
vn 0.2329 -0.9665 0.1077
vn 0.3537 -0.9231 0.1511
vn 0.4091 -0.8946 0.1796
vn 0.5050 -0.8269 0.2473
vn 0.5454 -0.7877 0.2865
vn 0.6070 -0.7024 0.3718
vn 0.6282 -0.6563 0.4179
vn 0.6070 -0.7023 0.3719
vn 0.6282 -0.6563 0.4180
vn -0.9321 0.2158 0.2910
vn -0.7757 0.4071 0.4823
vn -0.8376 0.3469 0.4221
vn -0.9646 0.1450 0.2202
vn -0.5434 0.5548 0.6300
vn -0.6286 0.5111 0.5863
vn -0.2579 0.6445 0.7197
vn -0.3581 0.6216 0.6968
vn 0.0528 0.6675 0.7427
vn -0.0525 0.6675 0.7427
vn 0.3583 0.6215 0.6967
vn 0.2582 0.6445 0.7197
vn 0.6287 0.5113 0.5859
vn 0.5436 0.5551 0.6296
vn 0.6288 0.5113 0.5858
vn 0.8377 0.3467 0.4219
vn 0.7759 0.4069 0.4821
vn 0.5437 0.5550 0.6296
vn 0.9647 0.1448 0.2200
vn 0.9322 0.2156 0.2908
vn 0.9972 -0.0749 0.0003
vn 0.9972 -0.0005 0.0747
vn 0.9321 -0.2910 -0.2158
vn 0.9646 -0.2202 -0.1450
vn 0.7757 -0.4823 -0.4071
vn 0.8376 -0.4221 -0.3469
vn 0.5434 -0.6300 -0.5548
vn 0.6286 -0.5863 -0.5111
vn 0.2579 -0.7197 -0.6445
vn 0.3581 -0.6967 -0.6216
vn -0.0528 -0.7427 -0.6675
vn 0.0525 -0.7427 -0.6675
vn -0.3583 -0.6967 -0.6215
vn -0.2582 -0.7197 -0.6445
vn -0.6288 -0.5861 -0.5110
vn -0.5436 -0.6299 -0.5547
vn -0.8377 -0.4219 -0.3467
vn -0.7759 -0.4821 -0.4069
vn -0.9647 -0.2200 -0.1448
vn -0.9322 -0.2908 -0.2156
vn -0.9972 -0.0003 0.0749
vn -0.9972 -0.0747 0.0005
vn -0.5445 -0.6868 0.4814
vn -0.5627 -0.5628 0.6055
vn -0.5628 -0.6048 0.5635
vn -0.5262 -0.7268 0.4415
vn -0.4730 -0.8008 0.3675
vn -0.4381 -0.8348 0.3335
vn -0.3552 -0.8935 0.2747
vn -0.3071 -0.9182 0.2500
vn -0.2026 -0.9560 0.2122
vn -0.1461 -0.9690 0.1993
vn -0.0302 -0.9821 0.1862
vn 0.0293 -0.9821 0.1862
vn 0.1452 -0.9692 0.1991
vn 0.2017 -0.9562 0.2120
vn 0.3063 -0.9186 0.2496
vn 0.3544 -0.8939 0.2743
vn 0.4375 -0.8353 0.3330
vn 0.4724 -0.8013 0.3669
vn 0.5259 -0.7274 0.4409
vn 0.5442 -0.6874 0.4809
vn 0.5627 -0.6055 0.5628
vn 0.5627 -0.5635 0.6048
vn 0.5445 -0.4814 0.6868
vn 0.5262 -0.4415 0.7268
vn 0.4730 -0.3675 0.8008
vn 0.4381 -0.3335 0.8348
vn 0.3552 -0.2747 0.8935
vn 0.3071 -0.2500 0.9182
vn 0.2026 -0.2122 0.9560
vn 0.1461 -0.1993 0.9690
vn 0.0302 -0.1862 0.9821
vn -0.0293 -0.1862 0.9821
vn -0.1452 -0.1991 0.9692
vn -0.2017 -0.2120 0.9562
vn -0.3063 -0.2496 0.9186
vn -0.3544 -0.2743 0.8939
vn -0.4375 -0.3330 0.8353
vn -0.4724 -0.3669 0.8013
vn -0.5259 -0.4408 0.7274
vn -0.5442 -0.4808 0.6875
vn -0.5259 -0.4409 0.7274
vn -0.5442 -0.4808 0.6874
vn 0.0122 0.7002 -0.7139
vn 0.0084 0.6977 -0.7163
vn 0.0097 0.6984 -0.7156
vn 0.0130 0.7010 -0.7131
vn 0.0146 0.7032 -0.7109
vn 0.0151 0.7042 -0.7098
vn 0.0156 0.7065 -0.7075
vn 0.0156 0.7074 -0.7066
vn 0.0150 0.7100 -0.7041
vn 0.0146 0.7109 -0.7031
vn 0.0130 0.7131 -0.7009
vn 0.0122 0.7139 -0.7002
vn 0.0098 0.7156 -0.6984
vn 0.0086 0.7162 -0.6978
vn 0.0054 0.7174 -0.6967
vn 0.0039 0.7177 -0.6963
vn 0.0009 0.7180 -0.6960
vn -0.0009 0.7180 -0.6960
vn -0.0040 0.7177 -0.6964
vn -0.0056 0.7173 -0.6967
vn -0.0085 0.7163 -0.6978
vn -0.0096 0.7157 -0.6984
vn -0.0122 0.7139 -0.7002
vn -0.0131 0.7130 -0.7010
vn -0.0146 0.7109 -0.7032
vn -0.0151 0.7098 -0.7042
vn -0.0156 0.7075 -0.7065
vn -0.0156 0.7065 -0.7075
vn -0.0150 0.7041 -0.7099
vn -0.0146 0.7032 -0.7109
vn -0.0130 0.7010 -0.7131
vn -0.0122 0.7002 -0.7139
vn -0.0097 0.6984 -0.7156
vn -0.0085 0.6978 -0.7163
vn -0.0053 0.6967 -0.7174
vn -0.0039 0.6963 -0.7177
vn -0.0009 0.6960 -0.7180
vn 0.0009 0.6960 -0.7180
vn 0.0039 0.6963 -0.7177
vn 0.0056 0.6967 -0.7173
vn -0.9206 0.0393 -0.3886
vn -0.9518 0.2490 -0.1789
vn -0.9518 0.1779 -0.2500
vn -0.8894 -0.0283 -0.4562
vn -0.7992 -0.1533 -0.5812
vn -0.7400 -0.2108 -0.6387
vn -0.5996 -0.3100 -0.7379
vn -0.5182 -0.3517 -0.7796
vn -0.3412 -0.4153 -0.8432
vn -0.5995 -0.3100 -0.7379
vn -0.2457 -0.4373 -0.8651
vn -0.0496 -0.4591 -0.8870
vn 0.0509 -0.4591 -0.8869
vn 0.2470 -0.4370 -0.8649
vn 0.3425 -0.4150 -0.8429
vn 0.5193 -0.3512 -0.7791
vn 0.6006 -0.3094 -0.7373
vn 0.7409 -0.2100 -0.6379
vn 0.7999 -0.1525 -0.5804
vn 0.8899 -0.0274 -0.4553
vn 0.9209 0.0402 -0.3877
vn 0.9518 0.1789 -0.2490
vn 0.9518 0.2500 -0.1779
vn 0.9206 0.3886 -0.0393
vn 0.8894 0.4562 0.0283
vn 0.7992 0.5812 0.1533
vn 0.7400 0.6387 0.2108
vn 0.5996 0.7379 0.3100
vn 0.5182 0.7796 0.3517
vn 0.3412 0.8432 0.4153
vn 0.5995 0.7379 0.3100
vn 0.2457 0.8651 0.4373
vn 0.0496 0.8870 0.4591
vn -0.0509 0.8869 0.4591
vn -0.2470 0.8649 0.4370
vn -0.3425 0.8429 0.4150
vn -0.5193 0.7791 0.3512
vn -0.6006 0.7373 0.3094
vn -0.7409 0.6379 0.2100
vn -0.7999 0.5804 0.1525
vn -0.8899 0.4553 0.0274
vn -0.9209 0.3877 -0.0402
vn 0.7260 0.6089 -0.3196
vn 0.7536 0.4432 -0.4854
vn 0.6267 0.5235 -0.5772
vn 0.5931 0.6995 -0.3986
vn 0.6272 0.7605 -0.1681
vn 0.5107 0.8042 -0.3041
vn 0.4671 0.8830 -0.0455
vn 0.3764 0.9035 -0.2047
vn 0.2612 0.9646 0.0361
vn 0.2054 0.9687 -0.1396
vn 0.0298 0.9972 0.0687
vn 0.0141 0.9933 -0.1150
vn -0.2045 0.9776 0.0491
vn -0.1784 0.9749 -0.1334
vn -0.4188 0.9078 -0.0207
vn -0.3536 0.9153 -0.1930
vn -0.5922 0.7946 -0.1340
vn -0.4941 0.8204 -0.2879
vn -0.7075 0.6490 -0.2795
vn -0.5862 0.6994 -0.4089
vn -0.7536 0.4854 -0.4432
vn -0.6210 0.5641 -0.5441
vn -0.7260 0.3196 -0.6089
vn -0.5950 0.4279 -0.6803
vn -0.6272 0.1681 -0.7605
vn -0.5107 0.3041 -0.8042
vn -0.4671 0.0455 -0.8830
vn -0.3765 0.2047 -0.9035
vn -0.2612 -0.0361 -0.9646
vn -0.2054 0.1396 -0.9687
vn -0.0298 -0.0687 -0.9972
vn -0.0142 0.1150 -0.9933
vn 0.2045 -0.0491 -0.9776
vn 0.1784 0.1334 -0.9749
vn 0.4188 0.0207 -0.9078
vn 0.3536 0.1930 -0.9153
vn 0.5922 0.1340 -0.7946
vn 0.4941 0.2879 -0.8204
vn 0.7075 0.2795 -0.6490
vn 0.5862 0.4089 -0.6994
vn 0.4962 0.7155 -0.4918
vn 0.4242 0.8194 -0.3855
vn 0.3087 0.9015 -0.3034
vn 0.1629 0.9543 -0.2506
vn 0.0012 0.9727 -0.2322
vn -0.1606 0.9548 -0.2500
vn -0.3068 0.9025 -0.3024
vn -0.4228 0.8207 -0.3842
vn -0.4976 0.7177 -0.4872
vn -0.5236 0.6033 -0.6016
vn -0.4983 0.4888 -0.7160
vn -0.4243 0.3855 -0.8194
vn -0.3087 0.3034 -0.9015
vn -0.1629 0.2506 -0.9543
vn -0.0012 0.2322 -0.9727
vn 0.1606 0.2501 -0.9548
vn 0.3067 0.3024 -0.9025
vn 0.4228 0.3842 -0.8207
vn 0.4975 0.4873 -0.7177
vn 0.5236 0.6016 -0.6033
vn -0.1527 0.6705 -0.7260
vn -0.1475 0.6593 -0.7373
vn -0.1573 0.6935 -0.7031
vn -0.1573 0.7053 -0.6913
vn -0.8969 0.4394 0.0496
vn -0.7203 0.6907 0.0649
vn -0.8687 0.4824 -0.1124
vn -0.9003 0.3127 -0.3027
vn -0.9288 0.0199 -0.3700
vn -0.8596 0.0809 -0.5044
vn -0.7217 -0.0443 -0.6908
vn 0.9599 0.1584 -0.2314
vn 0.8501 0.1109 -0.5148
vn 0.9071 0.3113 -0.2835
vn 0.8470 0.5151 -0.1314
vn -0.6787 0.3272 -0.6575
vn -0.5879 0.1842 -0.7877
vn -0.5240 -0.1786 -0.8328
vn -0.4110 0.0557 -0.9100
vn -0.2773 -0.2683 -0.9226
vn -0.2249 -0.0025 -0.9744
vn -0.0036 -0.2998 -0.9540
vn 0.0226 -0.0336 -0.9992
vn 0.2706 -0.2699 -0.9241
vn 0.2241 -0.0027 -0.9746
vn 0.5182 -0.1815 -0.8358
vn 0.4474 0.0744 -0.8912
vn 0.7151 -0.0434 -0.6977
vn 0.5875 0.1837 -0.7881
vn 0.6952 0.3371 -0.6349
vn 0.7081 0.5058 -0.4927
vn 0.6875 0.6576 -0.3081
vn 0.7193 0.6936 0.0393
vn 0.5879 0.7877 -0.1842
vn 0.5239 0.8328 0.1786
vn 0.4110 0.9100 -0.0557
vn 0.2773 0.9226 0.2683
vn 0.2249 0.9744 0.0025
vn 0.0036 0.9540 0.2998
vn -0.0226 0.9992 0.0336
vn -0.2706 0.9241 0.2699
vn -0.2241 0.9746 0.0027
vn -0.5182 0.8358 0.1815
vn -0.4474 0.8912 -0.0744
vn -0.5795 0.7940 -0.1840
vn -0.6869 0.6301 -0.3621
vn -0.7223 0.4949 -0.4831
vn -0.3589 0.6172 -0.7002
vn -0.2523 0.4643 -0.8490
vn -0.0443 0.3962 -0.9171
vn 0.1807 0.4275 -0.8858
vn 0.3366 0.5464 -0.7669
vn 0.3640 0.7073 -0.6060
vn 0.2523 0.8490 -0.4643
vn 0.0443 0.9171 -0.3962
vn -0.1807 0.8858 -0.4275
vn -0.3366 0.7669 -0.5464
vn -0.1823 0.6402 -0.7462
vn -0.1789 0.6176 -0.7659
vn -0.1041 0.5730 -0.8129
vn -0.0831 0.5574 -0.8261
vn 0.0155 0.5527 -0.8333
vn 0.0445 0.5486 -0.8349
vn 0.1292 0.5859 -0.8000
vn 0.1550 0.5944 -0.7891
vn 0.1935 0.6600 -0.7259
vn 0.2063 0.6774 -0.7061
vn 0.1840 0.7467 -0.6392
vn 0.1789 0.7659 -0.6176
vn 0.1041 0.8129 -0.5730
vn 0.0831 0.8261 -0.5574
vn -0.0155 0.8333 -0.5526
vn -0.0445 0.8350 -0.5485
vn -0.1292 0.8000 -0.5859
vn -0.1550 0.7891 -0.5944
vn -0.1935 0.7259 -0.6600
vn -0.2063 0.7061 -0.6774
vn 0.0002 0.7070 -0.7072
vn 0.0001 0.7070 -0.7072
vn 0.0002 0.7071 -0.7072
vn 0.0002 0.7071 -0.7071
vn 0.0002 0.7072 -0.7071
vn 0.0002 0.7072 -0.7070
vn 0.0001 0.7072 -0.7070
vn 0.0001 0.7073 -0.7070
vn -0.0000 0.7073 -0.7070
vn -0.0001 0.7073 -0.7070
vn -0.0001 0.7072 -0.7070
vn -0.0002 0.7072 -0.7070
vn -0.0002 0.7072 -0.7071
vn -0.0002 0.7071 -0.7071
vn -0.0002 0.7071 -0.7072
vn -0.0002 0.7070 -0.7072
vn -0.0001 0.7070 -0.7072
vn -0.0001 0.7070 -0.7073
vn -0.0000 0.7070 -0.7073
vn 0.0001 0.7070 -0.7073
vn 0.8037 -0.2914 -0.5187
vn 0.5804 -0.4990 -0.6435
vn 0.6618 -0.4441 -0.6040
vn 0.9487 -0.1927 -0.2508
vn 0.9938 0.0300 -0.1066
vn 0.9926 0.1153 -0.0382
vn 0.9359 0.3354 0.1081
vn 0.8113 0.4413 0.3834
vn 0.6633 0.5890 0.4616
vn 0.5801 0.6437 0.4992
vn 0.1634 0.9544 0.2499
vn 0.5889 0.6391 0.4946
vn 0.5037 0.6601 0.5573
vn 0.3579 0.4886 0.7957
vn -0.1699 0.3930 0.9037
vn -0.3333 0.8820 0.3332
vn -0.5015 0.6977 0.5115
vn -0.5892 0.6390 0.4945
vn -0.8037 0.5187 0.2914
vn -0.5804 0.6435 0.4990
vn -0.6618 0.6040 0.4441
vn -0.9487 0.2508 0.1927
vn -0.9938 0.1066 -0.0300
vn -0.9926 0.0382 -0.1153
vn -0.9359 -0.1081 -0.3354
vn -0.8113 -0.3834 -0.4414
vn -0.6633 -0.4616 -0.5890
vn -0.5801 -0.4992 -0.6437
vn -0.3354 -0.5898 -0.7346
vn -0.6261 -0.4742 -0.6190
vn -0.5413 -0.5178 -0.6625
vn -0.2324 -0.6068 -0.7601
vn 0.0090 -0.5842 -0.8115
vn 0.3039 -0.6441 -0.7020
vn 0.5015 -0.5447 -0.6721
vn 0.5892 -0.4945 -0.6390
vn 0.8449 -0.2098 -0.4921
vn 0.3969 -0.5041 -0.7671
vn 0.7321 -0.5951 -0.3315
vn 0.9924 -0.1227 -0.0038
vn 0.9962 0.0827 -0.0278
vn 0.9424 0.2634 0.2063
vn 0.8200 0.3918 0.4173
vn 0.5721 0.5923 0.5674
vn 0.3271 0.6553 0.6809
vn -0.0191 0.7193 0.6944
vn -0.2907 0.6637 0.6892
vn -0.6030 0.5764 0.5514
vn -0.7974 0.4137 0.4392
vn -0.9519 0.2336 0.1981
vn -0.9991 0.0354 0.0233
vn -0.9757 -0.0440 -0.2146
vn -0.8515 -0.4100 -0.3268
vn -0.7221 -0.3212 -0.6127
vn -0.3968 -0.7673 -0.5037
vn -0.2072 -0.5476 -0.8107
vn 0.2072 -0.8109 -0.5473
vn -0.1882 -0.8384 0.5115
vn -0.2505 -0.7893 0.5606
vn -0.2320 -0.8073 0.5426
vn -0.1369 -0.8890 0.4370
vn -0.1076 -0.8716 0.4783
vn -0.0777 -0.8784 0.4715
vn -0.0164 -0.8854 0.4645
vn 0.0150 -0.8855 0.4645
vn 0.0764 -0.8787 0.4712
vn 0.1062 -0.8719 0.4780
vn 0.1617 -0.8521 0.4978
vn 0.1871 -0.8390 0.5109
vn 0.2312 -0.8081 0.5418
vn 0.2496 -0.7901 0.5598
vn 0.2780 -0.7510 0.5989
vn 0.2877 -0.7299 0.6200
vn 0.2977 -0.6866 0.6633
vn 0.2977 -0.6643 0.6856
vn 0.2882 -0.6209 0.7290
vn 0.2785 -0.5998 0.7501
vn 0.2505 -0.5606 0.7893
vn 0.2320 -0.5426 0.8073
vn 0.1882 -0.5115 0.8384
vn 0.1628 -0.4984 0.8515
vn 0.1076 -0.4783 0.8716
vn 0.0777 -0.4715 0.8784
vn 0.0164 -0.4645 0.8854
vn -0.0150 -0.4645 0.8855
vn -0.0764 -0.4712 0.8787
vn -0.1062 -0.4780 0.8719
vn -0.1617 -0.4978 0.8521
vn -0.1871 -0.5109 0.8390
vn -0.2312 -0.5418 0.8081
vn -0.2496 -0.5598 0.7901
vn -0.2780 -0.5989 0.7510
vn -0.2877 -0.6200 0.7299
vn -0.2977 -0.6633 0.6866
vn -0.2977 -0.6856 0.6643
vn -0.2882 -0.7290 0.6210
vn -0.2784 -0.7501 0.5998
vn -0.8351 0.5424 -0.0919
vn -0.6958 0.7139 0.0795
vn -0.7510 0.6598 0.0256
vn -0.8640 0.4789 -0.1553
vn -0.8926 0.3489 -0.2855
vn -0.8924 0.2822 -0.3521
vn -0.8628 0.1523 -0.4821
vn -0.8335 0.0889 -0.5454
vn -0.7485 -0.0282 -0.6625
vn -0.6929 -0.0821 -0.7163
vn -0.5609 -0.1748 -0.8092
vn -0.4846 -0.2140 -0.8482
vn -0.3185 -0.2733 -0.9077
vn -0.2288 -0.2939 -0.9281
vn -0.0449 -0.3140 -0.9483
vn 0.0494 -0.3140 -0.9481
vn 0.2331 -0.2930 -0.9273
vn 0.3227 -0.2723 -0.9065
vn 0.4883 -0.2121 -0.8465
vn 0.5645 -0.1729 -0.8071
vn 0.6958 -0.0795 -0.7139
vn 0.7510 -0.0256 -0.6598
vn 0.8351 0.0919 -0.5424
vn 0.8640 0.1553 -0.4789
vn 0.8926 0.2855 -0.3489
vn 0.8924 0.3521 -0.2822
vn 0.8628 0.4821 -0.1523
vn 0.8335 0.5454 -0.0889
vn 0.7485 0.6625 0.0282
vn 0.6929 0.7163 0.0821
vn 0.5609 0.8092 0.1748
vn 0.4846 0.8482 0.2140
vn 0.3185 0.9077 0.2733
vn 0.2288 0.9281 0.2939
vn 0.0449 0.9483 0.3140
vn -0.0494 0.9481 0.3140
vn -0.2331 0.9273 0.2930
vn -0.3227 0.9065 0.2723
vn -0.4884 0.8465 0.2121
vn -0.5645 0.8071 0.1729
vn 0.8346 0.0929 -0.5429
vn 0.6954 -0.0784 -0.7143
vn 0.7882 -0.2949 -0.5402
vn 0.9321 -0.1022 -0.3475
vn 0.8921 0.2863 -0.3495
vn 0.9847 0.1125 -0.1328
vn 0.8622 0.4828 -0.1530
vn 0.9410 0.3282 0.0829
vn 0.7480 0.6632 0.0273
vn 0.8051 0.5237 0.2785
vn 0.5605 0.8097 0.1739
vn 0.5904 0.6800 0.4348
vn 0.3182 0.9081 0.2723
vn 0.3179 0.7817 0.5365
vn 0.0447 0.9487 0.3129
vn 0.0144 0.8190 0.5737
vn -0.2332 0.9276 0.2918
vn -0.2906 0.7880 0.5428
vn -0.4882 0.8468 0.2110
vn -0.5671 0.6919 0.4467
vn -0.6954 0.7143 0.0784
vn -0.7882 0.5402 0.2949
vn -0.8346 0.5429 -0.0929
vn -0.9321 0.3475 0.1022
vn -0.8921 0.3495 -0.2863
vn -0.9847 0.1328 -0.1125
vn -0.8622 0.1530 -0.4828
vn -0.9410 -0.0829 -0.3282
vn -0.7480 -0.0273 -0.6632
vn -0.8051 -0.2785 -0.5237
vn -0.5605 -0.1739 -0.8097
vn -0.5904 -0.4348 -0.6800
vn -0.3182 -0.2723 -0.9081
vn -0.3179 -0.5365 -0.7817
vn -0.0447 -0.3129 -0.9487
vn -0.0144 -0.5737 -0.8190
vn 0.2332 -0.2918 -0.9276
vn 0.2906 -0.5427 -0.7880
vn 0.4882 -0.2110 -0.8468
vn 0.5671 -0.4467 -0.6919
vn 0.7286 0.5830 0.3595
vn 0.9816 0.1899 -0.0174
vn 0.9171 0.2750 0.2885
vn 0.6192 0.5587 0.5517
vn 0.2104 0.8035 0.5568
vn 0.0581 0.7121 0.6997
vn -0.3951 0.7611 0.5144
vn -0.5398 0.6014 0.5891
vn -0.8498 0.4751 0.2283
vn -0.9272 0.2558 0.2737
vn -0.9806 0.0474 -0.1903
vn -0.9998 -0.0186 -0.0029
vn -0.8501 -0.3825 -0.3620
vn -0.7179 -0.3443 -0.6050
vn -0.3867 -0.6538 -0.6504
vn -0.1863 -0.5520 -0.8127
vn 0.2291 -0.6900 -0.6866
vn 0.4165 -0.4992 -0.7599
vn 0.7575 -0.4633 -0.4600
vn 0.8602 -0.2058 -0.4666
vn 0.9945 -0.0862 -0.0589
vn 0.0899 0.6031 -0.7925
vn 0.0982 0.6110 -0.7855
vn -0.0120 0.5866 -0.8098
vn 0.0004 0.5888 -0.8083
vn -0.0885 0.6060 -0.7905
vn -0.1031 0.6136 -0.7828
vn -0.1233 0.6290 -0.7676
vn -0.1331 0.6385 -0.7580
vn -0.1518 0.7281 -0.6685
vn -0.1466 0.7393 -0.6572
vn -0.1313 0.7598 -0.6368
vn -0.1215 0.7693 -0.6272
vn -0.0980 0.7855 -0.6111
vn -0.0845 0.7924 -0.6041
vn -0.0552 0.8027 -0.5939
vn -0.0392 0.8063 -0.5902
vn -0.0068 0.8096 -0.5869
vn 0.0099 0.8096 -0.5869
vn 0.0422 0.8057 -0.5908
vn 0.0581 0.8020 -0.5945
vn 0.0871 0.7912 -0.6053
vn 0.1006 0.7842 -0.6122
vn 0.1216 0.6271 -0.7694
vn 0.1315 0.6367 -0.7598
vn 0.1275 0.7638 -0.6328
vn 0.1499 0.7327 -0.6638
vn 0.1576 0.7031 -0.6934
vn 0.1576 0.6912 -0.7053
vn 0.1520 0.6684 -0.7281
vn 0.1468 0.6571 -0.7394
vn -0.9349 -0.2381 -0.2631
vn -0.9987 -0.0215 -0.0465
vn -0.9300 0.2204 -0.2940
vn -0.8684 0.0190 -0.4955
vn -0.7797 -0.4301 -0.4551
vn -0.7218 -0.1591 -0.6736
vn -0.5481 -0.5788 -0.6038
vn -0.5045 -0.2965 -0.8109
vn -0.2629 -0.6696 -0.6946
vn -0.2379 -0.3796 -0.8940
vn 0.0481 -0.6937 -0.7187
vn 0.0520 -0.4004 -0.9148
vn 0.3543 -0.6486 -0.6736
vn 0.3369 -0.3569 -0.8713
vn 0.6259 -0.5389 -0.5639
vn 0.5887 -0.2532 -0.7677
vn 0.8362 -0.3751 -0.4001
vn 0.6259 -0.5388 -0.5638
vn 0.5888 -0.2532 -0.7676
vn 0.7830 -0.0996 -0.6140
vn 0.9647 -0.1734 -0.1984
vn 0.9006 0.0890 -0.4255
vn 0.9987 0.0465 0.0215
vn 0.9300 0.2940 -0.2204
vn 0.9349 0.2631 0.2381
vn 0.8684 0.4955 -0.0190
vn 0.7797 0.4551 0.4301
vn 0.7218 0.6736 0.1591
vn 0.5481 0.6038 0.5788
vn 0.5045 0.8109 0.2965
vn 0.2629 0.6946 0.6696
vn 0.2379 0.8940 0.3796
vn -0.0481 0.7187 0.6937
vn -0.0520 0.9148 0.4004
vn -0.3543 0.6736 0.6486
vn -0.3369 0.8713 0.3569
vn -0.6259 0.5638 0.5389
vn -0.5887 0.7676 0.2532
vn -0.8362 0.4001 0.3751
vn -0.7830 0.6140 0.0996
vn -0.9647 0.1984 0.1734
vn -0.9006 0.4255 -0.0890
vn -0.9334 0.2537 0.2537
vn -0.7769 0.4452 0.4452
vn -0.9986 0.0373 0.0373
vn -0.9647 0.1983 0.1734
vn -0.9660 -0.1828 -0.1828
vn -0.9349 -0.2381 -0.2630
vn -0.8389 -0.3849 -0.3849
vn -0.6296 -0.5494 -0.5494
vn -0.3587 -0.6601 -0.6601
vn -0.2629 -0.6697 -0.6946
vn -0.0527 -0.7061 -0.7061
vn 0.0481 -0.6937 -0.7186
vn 0.2584 -0.6831 -0.6831
vn 0.3543 -0.6487 -0.6736
vn 0.5443 -0.5932 -0.5932
vn 0.6259 -0.5389 -0.5638
vn 0.7769 -0.4452 -0.4452
vn 0.9334 -0.2537 -0.2537
vn 0.9986 -0.0373 -0.0373
vn 0.9660 0.1828 0.1828
vn 0.9349 0.2630 0.2381
vn 0.8389 0.3849 0.3849
vn 0.6296 0.5494 0.5494
vn 0.3587 0.6601 0.6601
vn 0.2629 0.6946 0.6697
vn 0.0527 0.7061 0.7061
vn -0.0481 0.7186 0.6937
vn -0.2584 0.6831 0.6831
vn -0.3543 0.6736 0.6487
vn -0.5443 0.5932 0.5932
vn -0.9548 -0.1848 -0.2330
vn -0.9993 -0.0371 -0.0099
vn -0.9336 -0.2534 -0.2534
vn -0.8086 -0.4377 -0.3932
vn 0.2954 -0.6511 -0.6992
vn 0.0192 -0.7301 -0.6830
vn 0.3583 -0.6602 -0.6602
vn 0.5875 -0.5941 -0.5495
vn 0.9563 0.2290 0.1819
vn 0.9993 -0.0099 0.0371
vn 0.9335 0.2536 0.2536
vn 0.8086 0.4376 0.3933
vn 0.7769 0.4452 0.4452
vn 0.5875 0.5940 0.5496
vn 0.5444 0.5932 0.5932
vn 0.3088 0.6945 0.6499
vn 0.2588 0.6830 0.6830
vn -0.0000 0.6845 0.7290
vn -0.6040 -0.6651 0.4391
vn -0.6238 -0.5276 0.5766
vn -0.6239 -0.5743 0.5301
vn -0.5837 -0.7095 0.3948
vn -0.5251 -0.7916 0.3126
vn -0.4864 -0.8294 0.2749
vn -0.3947 -0.8946 0.2096
vn -0.3414 -0.9221 0.1822
vn -0.2257 -0.9641 0.1401
vn -0.1631 -0.9786 0.1257
vn -0.0347 -0.9932 0.1109
vn 0.0313 -0.9933 0.1109
vn 0.1598 -0.9792 0.1250
vn 0.2225 -0.9649 0.1394
vn 0.3386 -0.9234 0.1808
vn 0.3920 -0.8961 0.2082
vn 0.4843 -0.8312 0.2729
vn 0.5231 -0.7936 0.3107
vn 0.5826 -0.7117 0.3925
vn 0.4843 -0.8312 0.2730
vn 0.6030 -0.6675 0.4368
vn 0.6238 -0.5766 0.5276
vn 0.6239 -0.5301 0.5743
vn 0.6040 -0.4391 0.6651
vn 0.5837 -0.3948 0.7095
vn 0.5251 -0.3126 0.7916
vn 0.4864 -0.2749 0.8294
vn 0.3947 -0.2096 0.8946
vn 0.3414 -0.1822 0.9221
vn 0.2257 -0.1401 0.9641
vn 0.1631 -0.1257 0.9786
vn 0.0347 -0.1109 0.9932
vn -0.0313 -0.1109 0.9933
vn -0.1598 -0.1250 0.9792
vn -0.2225 -0.1394 0.9649
vn -0.3386 -0.1808 0.9234
vn -0.3920 -0.2082 0.8961
vn -0.4843 -0.2729 0.8312
vn -0.5231 -0.3107 0.7936
vn -0.5826 -0.3925 0.7117
vn -0.4843 -0.2730 0.8312
vn -0.6030 -0.4368 0.6675
vn -0.0359 0.0076 -0.9993
vn -0.2632 0.0103 -0.9647
vn -0.1836 0.0132 -0.9829
vn 0.0394 0.0075 -0.9992
vn 0.1892 0.0139 -0.9818
vn 0.2643 0.0103 -0.9644
vn 0.4138 0.0325 -0.9098
vn 0.4893 0.0314 -0.8715
vn 0.6253 0.0786 -0.7764
vn 0.6918 0.0914 -0.7163
vn 0.7891 0.1725 -0.5896
vn 0.8291 0.2100 -0.5181
vn 0.8641 0.3240 -0.3852
vn 0.8640 0.3874 -0.3217
vn 0.8289 0.5185 -0.2099
vn 0.7866 0.5939 -0.1692
vn 0.6923 0.7157 -0.0920
vn 0.6200 0.7810 -0.0757
vn 0.4898 0.8712 -0.0318
vn 0.4073 0.9128 -0.0307
vn 0.2632 0.9647 -0.0103
vn 0.4898 0.8713 -0.0318
vn 0.4072 0.9128 -0.0307
vn 0.1836 0.9829 -0.0132
vn 0.0359 0.9993 -0.0076
vn -0.0394 0.9992 -0.0075
vn -0.1892 0.9818 -0.0139
vn -0.2643 0.9644 -0.0103
vn -0.4138 0.9098 -0.0325
vn -0.4893 0.8715 -0.0314
vn -0.6253 0.7764 -0.0786
vn -0.6918 0.7163 -0.0914
vn -0.7891 0.5896 -0.1725
vn -0.8291 0.5181 -0.2100
vn -0.8641 0.3852 -0.3240
vn -0.8640 0.3217 -0.3874
vn -0.8289 0.2099 -0.5185
vn -0.7866 0.1692 -0.5939
vn -0.6923 0.0920 -0.7157
vn -0.6200 0.0757 -0.7810
vn -0.4898 0.0318 -0.8712
vn -0.4073 0.0307 -0.9128
vn -0.4898 0.0318 -0.8713
vn -0.4072 0.0307 -0.9128
vn 0.5360 0.6891 -0.4877
vn 0.5351 0.5777 -0.6164
vn 0.5351 0.6170 -0.5771
vn 0.5546 0.7174 -0.4216
vn 0.5492 0.7853 -0.2859
vn 0.5732 0.8036 -0.1601
vn 0.5233 0.8505 0.0535
vn 0.5732 0.8036 -0.1600
vn 0.5035 0.8281 0.2463
vn 0.3513 0.8102 0.4692
vn 0.2623 0.7516 0.6052
vn 0.0533 0.7245 0.6872
vn -0.0539 0.7247 0.6870
vn -0.2598 0.7515 0.6065
vn -0.3548 0.8105 0.4661
vn -0.5008 0.8287 0.2500
vn -0.5260 0.8491 0.0479
vn -0.5722 0.8049 -0.1571
vn -0.5502 0.7831 -0.2900
vn -0.5545 0.7180 -0.4208
vn -0.5722 0.8049 -0.1572
vn -0.5498 0.7832 -0.2905
vn -0.5362 0.6874 -0.4898
vn -0.5351 0.6164 -0.5777
vn -0.5351 0.5771 -0.6170
vn -0.5360 0.4877 -0.6891
vn -0.5546 0.4216 -0.7174
vn -0.5492 0.2859 -0.7853
vn -0.5732 0.1601 -0.8036
vn -0.5233 -0.0535 -0.8505
vn -0.5732 0.1600 -0.8036
vn -0.5035 -0.2463 -0.8281
vn -0.3513 -0.4692 -0.8102
vn -0.2623 -0.6052 -0.7516
vn -0.0533 -0.6872 -0.7245
vn 0.0539 -0.6870 -0.7247
vn 0.2598 -0.6065 -0.7515
vn 0.3548 -0.4661 -0.8105
vn 0.5008 -0.2500 -0.8287
vn 0.5260 -0.0479 -0.8491
vn 0.5722 0.1571 -0.8049
vn 0.5502 0.2900 -0.7830
vn 0.5545 0.4208 -0.7180
vn 0.5722 0.1572 -0.8049
vn 0.5498 0.2905 -0.7832
vn 0.5362 0.4898 -0.6874
vn -0.9335 0.2536 0.2536
vn -0.8086 0.3933 0.4376
vn -0.9506 0.1962 0.2406
vn -0.6387 0.6032 0.4777
vn -0.2585 0.6831 0.6831
vn -0.3088 0.6500 0.6944
vn -0.5638 0.6700 0.4829
vn 0.0523 0.7061 0.7061
vn 0.9986 -0.0372 -0.0372
vn 0.9334 -0.2536 -0.2536
vn 0.9506 -0.2406 -0.1962
vn 0.8086 -0.4376 -0.3933
vn 0.5446 -0.5931 -0.5930
vn -0.3088 -0.6944 -0.6500
vn -0.6295 -0.5494 -0.5494
vn -0.5875 -0.5940 -0.5496
vn -0.8386 -0.3851 -0.3851
vn -0.9986 0.0372 0.0372
vt 0.675031 0.678043
vt 0.631052 0.738582
vt 0.677294 0.692335
vt 0.947173 0.669125
vt 0.951406 0.613513
vt 0.933095 0.669868
vt 0.616762 0.648351
vt 0.631052 0.646087
vt 0.585613 0.701226
vt 0.584810 0.692335
vt 0.675031 0.706626
vt 0.668463 0.719518
vt 0.658233 0.729749
vt 0.645342 0.736318
vt 0.668463 0.665151
vt 0.658232 0.654920
vt 0.645341 0.648351
vt 0.603871 0.654920
vt 0.593641 0.665151
vt 0.588388 0.674647
vt 0.585343 0.683706
vt 0.588800 0.710584
vt 0.593641 0.719518
vt 0.603871 0.729749
vt 0.616762 0.736318
vt 0.908903 0.649625
vt 0.908160 0.635547
vt 0.966672 0.649625
vt 0.967415 0.635548
vt 0.958999 0.661451
vt 0.962358 0.622389
vt 0.916577 0.619029
vt 0.933095 0.610613
vt 0.916577 0.661452
vt 0.813363 0.809596
vt 0.809128 0.809068
vt 0.812541 0.811931
vt 0.812546 0.816824
vt 0.808839 0.819273
vt 0.813244 0.819074
vt 0.130544 0.739211
vt 0.138644 0.723315
vt 0.084412 0.707975
vt 0.117929 0.751826
vt 0.102033 0.759926
vt 0.084412 0.762716
vt 0.066791 0.759925
vt 0.050896 0.751826
vt 0.038280 0.739211
vt 0.030181 0.723315
vt 0.027390 0.705694
vt 0.030181 0.688073
vt 0.038280 0.672177
vt 0.050896 0.659562
vt 0.066791 0.651463
vt 0.084412 0.648672
vt 0.102033 0.651463
vt 0.117929 0.659562
vt 0.130544 0.672177
vt 0.138644 0.688073
vt 0.141435 0.705694
vt 0.879355 0.558847
vt 0.875454 0.576680
vt 0.924140 0.576735
vt 0.927176 0.562860
vt 0.883368 0.540464
vt 0.900948 0.485475
vt 0.894763 0.504812
vt 0.942448 0.511887
vt 0.969814 0.445058
vt 0.922701 0.432155
vt 0.964557 0.455400
vt 0.938692 0.473929
vt 0.932379 0.474413
vt 0.947720 0.495403
vt 0.955518 0.476625
vt 0.943360 0.469921
vt 0.944820 0.464089
vt 0.943517 0.459459
vt 0.940136 0.456184
vt 0.934029 0.454681
vt 0.928342 0.457013
vt 0.918166 0.442842
vt 0.925079 0.462240
vt 0.912006 0.457184
vt 0.924910 0.466956
vt 0.905310 0.473011
vt 0.927068 0.471062
vt 0.986058 0.652572
vt 0.986056 0.618161
vt 0.981593 0.615795
vt 0.981594 0.655838
vt 0.986051 0.582007
vt 0.981588 0.579939
vt 0.986040 0.541180
vt 0.981574 0.539226
vt 0.986010 0.511991
vt 0.981507 0.485914
vt 0.985971 0.486088
vt 0.986057 0.688895
vt 0.981594 0.688898
vt 0.930207 0.418274
vt 0.978046 0.429782
vt 0.938565 0.402764
vt 0.946655 0.387751
vt 0.989825 0.407925
vt 0.919868 0.596261
vt 0.931227 0.546959
vt 0.889656 0.520779
vt 0.937970 0.525887
vt 0.872991 0.587937
vt 0.886146 0.531753
vt 0.954428 0.373328
vt 0.995075 0.398183
vt 0.200044 0.945563
vt 0.189397 0.945716
vt 0.189434 0.948328
vt 0.200081 0.948175
vt 0.210691 0.945409
vt 0.210728 0.948021
vt 0.221338 0.945256
vt 0.221375 0.947868
vt 0.231985 0.945102
vt 0.232022 0.947714
vt 0.242632 0.944949
vt 0.242669 0.947561
vt 0.253279 0.944795
vt 0.253316 0.947407
vt 0.263926 0.944642
vt 0.263964 0.947254
vt 0.274573 0.944489
vt 0.274611 0.947101
vt 0.285220 0.944335
vt 0.285258 0.946947
vt 0.295867 0.944182
vt 0.295905 0.946794
vt 0.306514 0.944028
vt 0.306552 0.946640
vt 0.317161 0.943875
vt 0.317199 0.946487
vt 0.327808 0.943721
vt 0.327846 0.946333
vt 0.338455 0.943568
vt 0.338493 0.946180
vt 0.349102 0.943414
vt 0.349140 0.946026
vt 0.359749 0.943261
vt 0.359787 0.945873
vt 0.370396 0.943107
vt 0.370434 0.945719
vt 0.381043 0.942954
vt 0.381081 0.945566
vt 0.391690 0.942800
vt 0.391728 0.945412
vt 0.178750 0.945870
vt 0.178787 0.948482
vt 0.206586 0.975684
vt 0.174470 0.974472
vt 0.174153 0.981239
vt 0.206352 0.982456
vt 0.142372 0.972690
vt 0.141914 0.979443
vt 0.110302 0.970129
vt 0.109686 0.976866
vt 0.078270 0.966831
vt 0.077516 0.973557
vt 0.046287 0.962947
vt 0.045417 0.969659
vt 0.014372 0.958562
vt 0.013394 0.965244
vt 0.654492 0.947893
vt 0.622588 0.952438
vt 0.623515 0.959141
vt 0.655508 0.954575
vt 0.590616 0.956706
vt 0.591505 0.963415
vt 0.558628 0.960912
vt 0.559506 0.967622
vt 0.526664 0.965074
vt 0.527512 0.971790
vt 0.494725 0.968984
vt 0.495492 0.975714
vt 0.462784 0.972372
vt 0.463427 0.979116
vt 0.430825 0.975081
vt 0.431322 0.981839
vt 0.398847 0.977079
vt 0.399191 0.983849
vt 0.366857 0.978342
vt 0.367039 0.985118
vt 0.334858 0.978798
vt 0.334874 0.985577
vt 0.302841 0.978484
vt 0.302723 0.985260
vt 0.270792 0.977660
vt 0.270603 0.984434
vt 0.238702 0.976679
vt 0.238494 0.983451
vt 0.189484 0.951748
vt 0.200131 0.951594
vt 0.210777 0.951441
vt 0.221425 0.951287
vt 0.232072 0.951134
vt 0.242719 0.950981
vt 0.253366 0.950827
vt 0.264013 0.950674
vt 0.274660 0.950520
vt 0.285307 0.950367
vt 0.295954 0.950213
vt 0.306601 0.950060
vt 0.317248 0.949906
vt 0.327895 0.949753
vt 0.338542 0.949600
vt 0.349189 0.949446
vt 0.359836 0.949293
vt 0.370483 0.949139
vt 0.381130 0.948986
vt 0.391777 0.948832
vt 0.178837 0.951901
vt 0.121774 0.846433
vt 0.127891 0.852493
vt 0.128175 0.852098
vt 0.122167 0.846145
vt 0.117831 0.838779
vt 0.118293 0.838626
vt 0.116445 0.830281
vt 0.116932 0.830279
vt 0.117754 0.821771
vt 0.118218 0.821920
vt 0.121629 0.814082
vt 0.122024 0.814367
vt 0.127690 0.807967
vt 0.127978 0.808360
vt 0.135345 0.804023
vt 0.135497 0.804486
vt 0.143843 0.802638
vt 0.143845 0.803125
vt 0.152354 0.803947
vt 0.152206 0.804411
vt 0.160044 0.807821
vt 0.159759 0.808216
vt 0.166160 0.813882
vt 0.165767 0.814170
vt 0.170104 0.821535
vt 0.169641 0.821688
vt 0.171489 0.830033
vt 0.171002 0.830035
vt 0.170181 0.838543
vt 0.169717 0.838395
vt 0.166306 0.846232
vt 0.165911 0.845948
vt 0.160245 0.852348
vt 0.159957 0.851955
vt 0.152590 0.856291
vt 0.152437 0.855828
vt 0.144091 0.857676
vt 0.144089 0.857189
vt 0.135580 0.856368
vt 0.135729 0.855904
vt 0.437122 0.898029
vt 0.325853 0.898531
vt 0.325956 0.921398
vt 0.434979 0.920907
vt 0.537499 0.897577
vt 0.533330 0.920464
vt 0.617159 0.897218
vt 0.611381 0.920112
vt 0.293951 0.841516
vt 0.193562 0.841968
vt 0.197939 0.864817
vt 0.296300 0.864374
vt 0.405232 0.841015
vt 0.405335 0.863882
vt 0.516513 0.840513
vt 0.514370 0.863391
vt 0.616901 0.840061
vt 0.612731 0.862948
vt 0.114078 0.870906
vt 0.034419 0.871265
vt 0.040403 0.894106
vt 0.118454 0.893754
vt 0.214456 0.870453
vt 0.216805 0.893311
vt 0.325725 0.869952
vt 0.325828 0.892820
vt 0.436993 0.869451
vt 0.434850 0.892329
vt 0.537370 0.868998
vt 0.533201 0.891885
vt 0.617030 0.868639
vt 0.611252 0.891534
vt 0.516487 0.834803
vt 0.616876 0.834350
vt 0.612499 0.811502
vt 0.514138 0.811945
vt 0.405206 0.835304
vt 0.405103 0.812436
vt 0.293925 0.835806
vt 0.296069 0.812928
vt 0.193537 0.836258
vt 0.197707 0.813371
vt 0.114207 0.899484
vt 0.034547 0.899843
vt 0.040532 0.922685
vt 0.118583 0.922333
vt 0.214584 0.899032
vt 0.216934 0.921890
vt 0.928117 0.685062
vt 0.882949 0.659943
vt 0.877275 0.675247
vt 0.918017 0.697955
vt 0.963602 0.723072
vt 0.949911 0.732249
vt 0.985564 0.770655
vt 0.969607 0.775096
vt 0.991620 0.823190
vt 0.974932 0.822387
vt 0.980514 0.875197
vt 0.964956 0.869160
vt 0.953729 0.920864
vt 0.940925 0.910274
vt 0.914290 0.955315
vt 0.905497 0.941423
vt 0.866559 0.975751
vt 0.862519 0.959898
vt 0.815192 0.980487
vt 0.816178 0.964254
vt 0.765042 0.969591
vt 0.770864 0.954438
vt 0.720548 0.944183
vt 0.730678 0.931497
vt 0.685757 0.906306
vt 0.699374 0.897302
vt 0.664257 0.859139
vt 0.680085 0.854786
vt 0.658327 0.807127
vt 0.674874 0.807918
vt 0.669222 0.755626
vt 0.684664 0.761556
vt 0.695482 0.710313
vt 0.708238 0.720719
vt 0.734206 0.675891
vt 0.743057 0.689584
vt 0.781318 0.655078
vt 0.785526 0.670805
vt 0.832481 0.649675
vt 0.831700 0.665927
vt 0.903392 0.716524
vt 0.930128 0.745454
vt 0.946619 0.781489
vt 0.950931 0.821231
vt 0.942557 0.860471
vt 0.922450 0.895036
vt 0.892774 0.921390
vt 0.856611 0.937025
vt 0.817569 0.940827
vt 0.779268 0.932597
vt 0.745345 0.913202
vt 0.719066 0.884332
vt 0.702904 0.848513
vt 0.698688 0.809061
vt 0.706908 0.770101
vt 0.726651 0.735710
vt 0.755865 0.709353
vt 0.791648 0.693516
vt 0.830571 0.689379
vt 0.869061 0.697286
vt 0.820713 0.826152
vt 0.819247 0.830130
vt 0.824327 0.831177
vt 0.824542 0.826940
vt 0.817569 0.940824
vt 0.856616 0.937043
vt 0.818410 0.925543
vt 0.779262 0.932614
vt 0.745347 0.913200
vt 0.754976 0.901307
vt 0.719051 0.884342
vt 0.869060 0.697289
vt 0.830572 0.689361
vt 0.863673 0.711634
vt 0.903404 0.716510
vt 0.767971 0.885388
vt 0.749279 0.864622
vt 0.702886 0.848518
vt 0.737821 0.838932
vt 0.698669 0.809060
vt 0.734891 0.810835
vt 0.706891 0.770094
vt 0.740817 0.783107
vt 0.726637 0.735699
vt 0.754791 0.758540
vt 0.755854 0.709338
vt 0.775550 0.739658
vt 0.791643 0.693498
vt 0.801139 0.728233
vt 0.828977 0.725187
vt 0.856417 0.730837
vt 0.880831 0.744689
vt 0.930144 0.745443
vt 0.899828 0.765489
vt 0.946637 0.781484
vt 0.911519 0.791247
vt 0.950950 0.821232
vt 0.914497 0.819438
vt 0.942575 0.860477
vt 0.908461 0.847258
vt 0.922465 0.895048
vt 0.894254 0.871876
vt 0.892784 0.921406
vt 0.873185 0.890739
vt 0.847357 0.902106
vt 0.819447 0.905048
vt 0.792129 0.899282
vt 0.787996 0.877458
vt 0.758897 0.844197
vt 0.754736 0.799872
vt 0.777085 0.761340
vt 0.817613 0.743535
vt 0.860717 0.752778
vt 0.890304 0.786066
vt 0.894550 0.830392
vt 0.871804 0.868904
vt 0.830914 0.886711
vt 0.787362 0.861819
vt 0.775237 0.847818
vt 0.767411 0.830832
vt 0.765730 0.812431
vt 0.769728 0.794168
vt 0.778863 0.777879
vt 0.792245 0.765286
vt 0.809309 0.757958
vt 0.827702 0.755685
vt 0.845595 0.759309
vt 0.861429 0.768576
vt 0.873844 0.782606
vt 0.881938 0.799495
vt 0.883631 0.817806
vt 0.879524 0.836020
vt 0.870193 0.852244
vt 0.856508 0.864775
vt 0.839236 0.872200
vt 0.820811 0.874588
vt 0.803015 0.871017
vt 0.812766 0.775697
vt 0.800878 0.781720
vt 0.803502 0.785303
vt 0.814197 0.780005
vt 0.825781 0.773426
vt 0.825850 0.777926
vt 0.838702 0.774992
vt 0.837433 0.779288
vt 0.850491 0.780568
vt 0.847934 0.784206
vt 0.859760 0.789755
vt 0.856164 0.792346
vt 0.865423 0.801523
vt 0.861172 0.802811
vt 0.866914 0.814506
vt 0.862435 0.814365
vt 0.864262 0.827265
vt 0.860036 0.825734
vt 0.857970 0.838627
vt 0.854374 0.835918
vt 0.848677 0.847675
vt 0.846019 0.844035
vt 0.837192 0.853689
vt 0.835699 0.849441
vt 0.824432 0.856131
vt 0.824262 0.851636
vt 0.811480 0.854666
vt 0.812706 0.850363
vt 0.799604 0.849216
vt 0.802117 0.845544
vt 0.790187 0.840164
vt 0.793745 0.837524
vt 0.784337 0.828494
vt 0.788582 0.827159
vt 0.782724 0.815553
vt 0.787195 0.815648
vt 0.785257 0.802787
vt 0.789521 0.804225
vt 0.791481 0.791150
vt 0.795152 0.793814
vt 0.817507 0.756945
vt 0.792246 0.765286
vt 0.793439 0.768137
vt 0.819801 0.759604
vt 0.845595 0.759309
vt 0.844549 0.762036
vt 0.866961 0.774829
vt 0.866078 0.778281
vt 0.881937 0.799495
vt 0.879156 0.800865
vt 0.881800 0.825924
vt 0.878975 0.799745
vt 0.880667 0.817615
vt 0.871824 0.843494
vt 0.870193 0.852244
vt 0.856507 0.864775
vt 0.854470 0.862587
vt 0.831023 0.873264
vt 0.855294 0.861892
vt 0.828712 0.870614
vt 0.803015 0.871017
vt 0.804053 0.868309
vt 0.781959 0.855578
vt 0.782875 0.852169
vt 0.767411 0.830832
vt 0.770217 0.829503
vt 0.765730 0.812431
vt 0.770390 0.830582
vt 0.768703 0.812613
vt 0.773800 0.786908
vt 0.777333 0.786628
vt 0.794299 0.767422
vt 0.817165 0.770030
vt 0.791789 0.783894
vt 0.807921 0.778152
vt 0.833435 0.774354
vt 0.840115 0.770401
vt 0.857510 0.780890
vt 0.855982 0.786010
vt 0.870703 0.806138
vt 0.866306 0.809214
vt 0.865934 0.834110
vt 0.860535 0.833996
vt 0.846301 0.854324
vt 0.841873 0.851238
vt 0.818679 0.860276
vt 0.816760 0.855263
vt 0.796869 0.853126
vt 0.794026 0.843854
vt 0.783645 0.837608
vt 0.783381 0.820829
vt 0.779051 0.809598
vt 0.788944 0.795893
vt 0.864362 0.844287
vt 0.853400 0.855251
vt 0.855449 0.858072
vt 0.867182 0.846337
vt 0.871400 0.830473
vt 0.874716 0.831550
vt 0.873825 0.815160
vt 0.877311 0.815160
vt 0.871400 0.799846
vt 0.874716 0.798769
vt 0.864362 0.786032
vt 0.867182 0.783982
vt 0.853400 0.775068
vt 0.855449 0.772247
vt 0.839587 0.768029
vt 0.840664 0.764713
vt 0.824275 0.765604
vt 0.824275 0.762117
vt 0.808963 0.768029
vt 0.807886 0.764713
vt 0.795150 0.775068
vt 0.793101 0.772247
vt 0.784188 0.786032
vt 0.781367 0.783982
vt 0.777150 0.799846
vt 0.773834 0.798769
vt 0.774725 0.815160
vt 0.771238 0.815160
vt 0.777150 0.830473
vt 0.773834 0.831550
vt 0.784188 0.844287
vt 0.781367 0.846337
vt 0.795150 0.855251
vt 0.793101 0.858072
vt 0.808963 0.862289
vt 0.807886 0.865606
vt 0.824275 0.864715
vt 0.824275 0.868202
vt 0.839587 0.862289
vt 0.840664 0.865606
vt 0.815946 0.785239
vt 0.825964 0.783405
vt 0.835881 0.784488
vt 0.844828 0.788592
vt 0.851774 0.795466
vt 0.855967 0.804310
vt 0.857015 0.814124
vt 0.854906 0.823858
vt 0.850021 0.832584
vt 0.842808 0.839589
vt 0.833913 0.844260
vt 0.824096 0.846176
vt 0.814188 0.845129
vt 0.805190 0.841088
vt 0.798094 0.834340
vt 0.793721 0.825600
vt 0.792615 0.815823
vt 0.794677 0.806060
vt 0.799554 0.797121
vt 0.806744 0.789778
vt 0.817836 0.790705
vt 0.826177 0.789137
vt 0.834338 0.790003
vt 0.841547 0.793282
vt 0.847094 0.798753
vt 0.850457 0.805841
vt 0.851278 0.813801
vt 0.849540 0.821817
vt 0.845454 0.829087
vt 0.839441 0.834915
vt 0.832035 0.838818
vt 0.823857 0.840429
vt 0.815707 0.839587
vt 0.808399 0.836341
vt 0.802700 0.830953
vt 0.799214 0.823993
vt 0.798321 0.816108
vt 0.800047 0.808073
vt 0.804138 0.800638
vt 0.810163 0.794525
vt 0.840215 0.800077
vt 0.828450 0.793907
vt 0.830491 0.799731
vt 0.837113 0.804475
vt 0.846311 0.811906
vt 0.841242 0.813659
vt 0.844179 0.825072
vt 0.839080 0.823416
vt 0.834507 0.834242
vt 0.831401 0.829844
vt 0.821310 0.835951
vt 0.816556 0.828655
vt 0.809496 0.829832
vt 0.809770 0.821167
vt 0.803384 0.817969
vt 0.808733 0.811135
vt 0.805575 0.804774
vt 0.813991 0.802592
vt 0.815260 0.795602
vt 0.823333 0.798868
vt 0.815005 0.807235
vt 0.811713 0.804609
vt 0.812427 0.814536
vt 0.808160 0.814138
vt 0.811122 0.823919
vt 0.814640 0.821520
vt 0.814704 0.827641
vt 0.817294 0.824290
vt 0.829470 0.830673
vt 0.828415 0.826587
vt 0.834206 0.828640
vt 0.831961 0.825114
vt 0.838050 0.825233
vt 0.834799 0.822601
vt 0.840578 0.820777
vt 0.836658 0.819328
vt 0.841534 0.815734
vt 0.837337 0.815617
vt 0.840817 0.810643
vt 0.836792 0.811853
vt 0.838569 0.806003
vt 0.835072 0.808405
vt 0.817837 0.804738
vt 0.815559 0.801204
vt 0.834999 0.802255
vt 0.832410 0.805586
vt 0.828999 0.803706
vt 0.825427 0.798664
vt 0.825202 0.802884
vt 0.820290 0.799164
vt 0.821355 0.803239
vt 0.958568 0.313271
vt 0.967546 0.290470
vt 0.949772 0.284250
vt 0.941306 0.305701
vt 0.947972 0.335467
vt 0.931416 0.326422
vt 0.935075 0.356804
vt 0.919672 0.345935
vt 0.919250 0.376265
vt 0.905334 0.363592
vt 0.901233 0.393662
vt 0.888911 0.379449
vt 0.881392 0.409060
vt 0.870811 0.393536
vt 0.859766 0.422006
vt 0.851039 0.405320
vt 0.886379 0.028013
vt 0.867264 0.012025
vt 0.856064 0.027200
vt 0.873919 0.042080
vt 0.903950 0.045012
vt 0.890651 0.058295
vt 0.920727 0.062681
vt 0.906742 0.075278
vt 0.936672 0.081248
vt 0.921924 0.092991
vt 0.951530 0.100905
vt 0.935858 0.111413
vt 0.964601 0.122172
vt 0.947826 0.130799
vt 0.974578 0.145168
vt 0.956803 0.151432
vt 0.981142 0.169310
vt 0.962674 0.173011
vt 0.984400 0.194046
vt 0.965612 0.195120
vt 0.984101 0.218929
vt 0.965327 0.217494
vt 0.980409 0.243355
vt 0.961923 0.239898
vt 0.974713 0.267113
vt 0.956553 0.262205
vt 0.015208 0.635304
vt 0.056673 0.635304
vt 0.056672 0.010214
vt 0.015208 0.010214
vt 0.803034 0.635304
vt 0.844498 0.635304
vt 0.844498 0.010214
vt 0.803034 0.010214
vt 0.761569 0.635304
vt 0.761569 0.010214
vt 0.720105 0.635304
vt 0.720105 0.010214
vt 0.678640 0.635304
vt 0.678640 0.010214
vt 0.637176 0.635304
vt 0.637176 0.010214
vt 0.595711 0.635304
vt 0.595711 0.010214
vt 0.554247 0.635304
vt 0.554247 0.010214
vt 0.512782 0.635304
vt 0.512782 0.010214
vt 0.471318 0.635304
vt 0.471318 0.010214
vt 0.429853 0.635304
vt 0.429853 0.010214
vt 0.388389 0.635304
vt 0.388389 0.010214
vt 0.346924 0.635304
vt 0.346924 0.010214
vt 0.305460 0.635304
vt 0.305460 0.010214
vt 0.263995 0.635304
vt 0.263995 0.010214
vt 0.222530 0.635304
vt 0.222531 0.010214
vt 0.181066 0.635304
vt 0.181066 0.010214
vt 0.139601 0.635304
vt 0.139602 0.010214
vt 0.098137 0.635304
vt 0.098137 0.010214
vt 0.477349 0.790534
vt 0.508803 0.779407
vt 0.477450 0.779130
vt 0.449166 0.778880
vt 0.335617 0.789281
vt 0.367075 0.778155
vt 0.335718 0.777878
vt 0.307431 0.777627
vt 0.193893 0.788028
vt 0.225347 0.776902
vt 0.193993 0.776625
vt 0.165608 0.787778
vt 0.165709 0.776375
vt 0.143162 0.787580
vt 0.143263 0.776176
vt 0.114874 0.787329
vt 0.114975 0.775926
vt 0.083619 0.775648
vt 0.319281 0.666116
vt 0.336192 0.671786
vt 0.338103 0.666421
vt 0.320900 0.660653
vt 0.302008 0.661577
vt 0.303260 0.656000
vt 0.284740 0.658091
vt 0.285036 0.652400
vt 0.267531 0.659658
vt 0.266261 0.654074
vt 0.251337 0.665704
vt 0.248649 0.660651
vt 0.237302 0.675741
vt 0.233397 0.671558
vt 0.226325 0.689081
vt 0.221482 0.686031
vt 0.219035 0.704822
vt 0.213587 0.703071
vt 0.358803 0.698136
vt 0.375135 0.704621
vt 0.377945 0.699655
vt 0.360920 0.692793
vt 0.342094 0.691650
vt 0.344038 0.686291
vt 0.325133 0.685825
vt 0.326798 0.680363
vt 0.307822 0.681111
vt 0.309098 0.675537
vt 0.290504 0.677592
vt 0.290780 0.671899
vt 0.273131 0.679218
vt 0.271842 0.673626
vt 0.256837 0.685371
vt 0.254115 0.680321
vt 0.242794 0.695564
vt 0.238843 0.691405
vt 0.231915 0.709049
vt 0.227028 0.706048
vt 0.224818 0.724843
vt 0.219342 0.723152
vt 0.352869 0.678166
vt 0.369173 0.684641
vt 0.372001 0.679674
vt 0.354969 0.672829
vt 0.427396 0.697599
vt 0.439365 0.683795
vt 0.434588 0.679895
vt 0.423344 0.692843
vt 0.411765 0.707309
vt 0.408836 0.701885
vt 0.393643 0.711633
vt 0.392220 0.705924
vt 0.374849 0.710114
vt 0.357463 0.703159
vt 0.340393 0.696331
vt 0.323091 0.690541
vt 0.305688 0.686190
vt 0.287899 0.682823
vt 0.433481 0.664127
vt 0.441642 0.647770
vt 0.436568 0.644818
vt 0.428749 0.660194
vt 0.421353 0.677825
vt 0.417357 0.673038
vt 0.405624 0.687365
vt 0.402739 0.681935
vt 0.387572 0.691601
vt 0.386151 0.685911
vt 0.368881 0.690134
vt 0.351533 0.683197
vt 0.334519 0.676472
vt 0.317278 0.670853
vt 0.299901 0.666665
vt 0.282116 0.663332
vt 0.447392 0.667382
vt 0.442295 0.664464
vt 0.499219 0.737156
vt 0.416716 0.736426
vt 0.416667 0.741901
vt 0.499171 0.742630
vt 0.573647 0.737814
vt 0.573599 0.743288
vt 0.524763 0.766807
vt 0.583836 0.767329
vt 0.576780 0.761792
vt 0.519650 0.761287
vt 0.450327 0.766149
vt 0.447662 0.760650
vt 0.367814 0.765419
vt 0.367863 0.759945
vt 0.285302 0.764690
vt 0.288063 0.759239
vt 0.210866 0.764032
vt 0.216075 0.758603
vt 0.151793 0.763510
vt 0.158945 0.758098
vt 0.335501 0.724035
vt 0.261074 0.723377
vt 0.261025 0.728851
vt 0.335453 0.729509
vt 0.418005 0.724764
vt 0.417957 0.730239
vt 0.500508 0.725493
vt 0.500460 0.730968
vt 0.574936 0.726151
vt 0.574888 0.731626
vt 0.211235 0.747921
vt 0.152162 0.747399
vt 0.159218 0.752936
vt 0.216348 0.753441
vt 0.285671 0.748579
vt 0.288336 0.754078
vt 0.368184 0.749308
vt 0.368136 0.754783
vt 0.450697 0.750038
vt 0.447935 0.755488
vt 0.525133 0.750696
vt 0.519923 0.756125
vt 0.584205 0.751218
vt 0.577053 0.756630
vt 0.334212 0.735697
vt 0.259784 0.735039
vt 0.259736 0.740514
vt 0.334164 0.741172
vt 0.540056 0.791088
vt 0.568340 0.791339
vt 0.568441 0.779935
vt 0.540157 0.779685
vt 0.590787 0.791537
vt 0.590887 0.780133
vt 0.023873 0.786523
vt 0.052161 0.786774
vt 0.052262 0.775370
vt 0.023974 0.775119
vt 0.083518 0.787051
vt 0.225246 0.788306
vt 0.256599 0.788583
vt 0.256700 0.777179
vt 0.284884 0.788833
vt 0.284984 0.777429
vt 0.307330 0.789031
vt 0.366974 0.789558
vt 0.398331 0.789835
vt 0.398432 0.778432
vt 0.426618 0.790085
vt 0.426719 0.778682
vt 0.449065 0.790284
vt 0.508702 0.790811
s 1
f 1/1/1 2/2/1 3/3/1
f 4/4/2 5/5/2 6/6/2
f 7/7/1 2/2/1 8/8/1
f 9/9/1 2/2/1 10/10/1
f 3/3/1 2/2/1 11/11/1
f 11/11/1 2/2/1 13/12/1
f 13/12/1 2/2/1 14/13/1
f 14/13/1 2/2/1 12/14/1
f 15/15/1 2/2/1 1/1/1
f 15/15/1 16/16/1 2/2/1
f 2/2/1 16/16/1 17/17/1
f 2/2/1 17/17/1 8/8/1
f 18/18/1 2/2/1 7/7/1
f 19/19/1 2/2/1 18/18/1
f 20/20/1 2/2/1 19/19/1
f 21/21/1 2/2/1 20/20/1
f 10/10/1 2/2/1 21/21/1
f 22/22/1 2/2/1 9/9/1
f 23/23/1 2/2/1 22/22/1
f 24/24/1 2/2/1 23/23/1
f 25/25/1 2/2/1 24/24/1
f 28/26/2 5/5/2 29/27/2
f 5/5/2 30/28/2 26/29/2
f 5/5/2 31/30/2 30/28/2
f 4/4/2 31/30/2 5/5/2
f 32/31/2 5/5/2 26/29/2
f 33/32/2 5/5/2 27/33/2
f 29/27/2 5/5/2 33/32/2
f 34/34/2 5/5/2 28/26/2
f 6/6/2 5/5/2 34/34/2
f 35/35/3 36/36/4 37/37/5
f 38/38/6 39/39/7 40/40/8
f 41/41/9 42/42/10 43/43/11
f 44/44/12 41/41/9 43/43/11
f 45/45/13 44/44/12 43/43/11
f 46/46/14 45/45/13 43/43/11
f 47/47/15 46/46/14 43/43/11
f 48/48/16 47/47/15 43/43/11
f 49/49/17 48/48/16 43/43/11
f 50/50/18 49/49/17 43/43/11
f 51/51/19 50/50/18 43/43/11
f 52/52/20 51/51/19 43/43/11
f 53/53/21 52/52/20 43/43/11
f 54/54/22 53/53/21 43/43/11
f 55/55/23 54/54/22 43/43/11
f 56/56/24 55/55/23 43/43/11
f 57/57/25 56/56/24 43/43/11
f 58/58/26 57/57/25 43/43/11
f 59/59/27 58/58/26 43/43/11
f 60/60/28 59/59/27 43/43/11
f 61/61/29 60/60/28 43/43/11
f 42/42/10 61/61/29 43/43/11
f 68/62/30 66/63/31 111/64/32
f 68/62/30 111/64/32 112/65/33
f 69/66/34 68/62/30 112/65/33
f 74/67/35 72/68/36 73/69/37
f 76/70/38 77/71/39 78/72/40
f 80/73/41 79/74/42 75/75/43
f 80/73/41 75/75/43 81/76/44
f 82/77/45 80/73/41 81/76/44
f 83/78/46 82/77/45 81/76/44
f 83/78/46 81/76/44 78/72/40
f 84/79/47 83/78/46 78/72/40
f 85/80/48 84/79/47 78/72/40
f 85/80/48 78/72/40 77/71/39
f 86/81/49 85/80/48 77/71/39
f 87/82/50 86/81/49 77/71/39
f 87/82/50 77/71/39 88/83/51
f 89/84/52 87/82/50 88/83/51
f 89/84/52 88/83/51 90/85/53
f 91/86/54 89/84/52 90/85/53
f 91/86/54 90/85/53 92/87/55
f 93/88/56 91/86/54 92/87/55
f 79/74/42 93/88/56 92/87/55
f 79/74/42 92/87/55 75/75/43
f 94/89/57 96/90/58 97/91/59
f 94/89/57 97/91/59 95/92/60
f 96/90/58 98/93/61 97/91/59
f 98/93/61 99/94/62 97/91/59
f 98/93/61 100/95/63 101/96/64
f 98/93/61 101/96/64 99/94/62
f 100/95/63 102/97/65 101/96/64
f 102/97/65 103/98/66 101/96/64
f 102/97/65 104/99/67 103/98/66
f 105/100/68 94/89/57 95/92/60
f 105/100/68 95/92/60 106/101/69
f 62/102/70 76/70/38 107/103/71
f 63/104/72 62/102/70 107/103/71
f 64/105/73 63/104/72 107/103/71
f 64/105/73 107/103/71 108/106/74
f 66/63/31 110/107/75 111/64/32
f 69/66/34 112/65/33 113/108/76
f 71/109/77 113/108/76 114/110/78
f 74/67/35 73/69/37 75/75/43
f 66/63/31 67/111/79 110/107/75
f 70/112/80 69/66/34 113/108/76
f 71/109/77 70/112/80 113/108/76
f 65/113/81 64/105/73 108/106/74
f 65/113/81 108/106/74 109/114/82
f 72/68/36 71/109/77 114/110/78
f 73/69/37 72/68/36 114/110/78
f 92/87/55 74/67/35 75/75/43
f 62/102/70 77/71/39 76/70/38
f 115/115/83 116/116/84 117/117/85
f 115/115/83 117/117/85 118/118/86
f 119/119/87 115/115/83 118/118/86
f 119/119/87 118/118/86 120/120/88
f 121/121/89 119/119/87 120/120/88
f 121/121/89 120/120/88 122/122/90
f 123/123/91 121/121/89 122/122/90
f 123/123/91 122/122/90 124/124/92
f 125/125/93 123/123/91 124/124/92
f 125/125/93 124/124/92 126/126/94
f 127/127/95 125/125/93 126/126/94
f 127/127/95 126/126/94 128/128/96
f 129/129/97 127/127/95 128/128/96
f 129/129/97 128/128/96 130/130/98
f 131/131/99 129/129/97 130/130/98
f 131/131/99 130/130/98 132/132/100
f 133/133/101 131/131/99 132/132/100
f 133/133/101 132/132/100 134/134/102
f 135/135/103 133/133/101 134/134/102
f 135/135/103 134/134/102 136/136/104
f 137/137/105 135/135/103 136/136/104
f 137/137/105 136/136/104 138/138/106
f 139/139/107 137/137/105 138/138/106
f 139/139/107 138/138/106 140/140/108
f 141/141/109 139/139/107 140/140/108
f 141/141/109 140/140/108 142/142/110
f 143/143/111 141/141/109 142/142/110
f 143/143/111 142/142/110 144/144/112
f 145/145/113 143/143/111 144/144/112
f 145/145/113 144/144/112 146/146/114
f 147/147/115 145/145/113 146/146/114
f 147/147/115 146/146/114 148/148/116
f 149/149/117 147/147/115 148/148/116
f 149/149/117 148/148/116 150/150/118
f 151/151/119 149/149/117 150/150/118
f 151/151/119 150/150/118 152/152/120
f 153/153/121 151/151/119 152/152/120
f 153/153/121 152/152/120 154/154/122
f 116/116/84 155/155/123 156/156/124
f 116/116/84 156/156/124 117/117/85
f 157/157/125 158/158/126 159/159/127
f 157/157/125 159/159/127 160/160/128
f 158/158/126 161/161/129 162/162/130
f 158/158/126 162/162/130 159/159/127
f 161/161/129 163/163/131 164/164/132
f 161/161/129 164/164/132 162/162/130
f 163/163/131 165/165/133 166/166/134
f 163/163/131 166/166/134 164/164/132
f 165/165/133 167/167/135 168/168/136
f 165/165/133 168/168/136 166/166/134
f 167/167/135 169/169/137 170/170/138
f 167/167/135 170/170/138 168/168/136
f 171/171/139 172/172/140 173/173/141
f 171/171/139 173/173/141 174/174/142
f 172/172/140 175/175/143 176/176/144
f 172/172/140 176/176/144 173/173/141
f 175/175/143 177/177/145 178/178/146
f 175/175/143 178/178/146 176/176/144
f 177/177/145 179/179/147 180/180/148
f 177/177/145 180/180/148 178/178/146
f 179/179/147 181/181/149 182/182/150
f 179/179/147 182/182/150 180/180/148
f 181/181/149 183/183/151 184/184/152
f 181/181/149 184/184/152 182/182/150
f 183/183/151 185/185/153 186/186/154
f 183/183/151 186/186/154 184/184/152
f 185/185/153 187/187/155 188/188/156
f 185/185/153 188/188/156 186/186/154
f 187/187/155 189/189/157 190/190/158
f 187/187/155 190/190/158 188/188/156
f 189/189/157 191/191/159 192/192/160
f 189/189/157 192/192/160 190/190/158
f 191/191/159 193/193/161 194/194/162
f 191/191/159 194/194/162 192/192/160
f 193/193/161 195/195/163 196/196/164
f 193/193/161 196/196/164 194/194/162
f 195/195/163 197/197/165 198/198/166
f 195/195/163 198/198/166 196/196/164
f 197/197/165 157/157/125 160/160/128
f 197/197/165 160/160/128 198/198/166
f 928/118/167 920/117/168 199/199/169
f 928/118/167 199/199/169 200/200/170
f 916/120/171 928/118/167 200/200/170
f 916/120/171 200/200/170 201/201/172
f 927/122/173 916/120/171 201/201/172
f 927/122/173 201/201/172 202/202/174
f 944/124/175 927/122/173 202/202/174
f 944/124/175 202/202/174 203/203/176
f 921/126/177 944/124/175 203/203/176
f 921/126/177 203/203/176 204/204/178
f 913/128/179 921/126/177 204/204/178
f 913/128/179 204/204/178 205/205/180
f 893/130/181 913/128/179 205/205/180
f 893/130/181 205/205/180 206/206/182
f 911/132/183 893/130/181 206/206/182
f 911/132/183 206/206/182 207/207/184
f 924/134/185 911/132/183 207/207/184
f 924/134/185 207/207/184 208/208/186
f 926/136/187 924/134/185 208/208/186
f 926/136/187 208/208/186 209/209/188
f 925/138/189 926/136/187 209/209/188
f 925/138/189 209/209/188 210/210/190
f 912/140/191 925/138/189 210/210/190
f 912/140/191 210/210/190 211/211/192
f 898/142/193 912/140/191 211/211/192
f 898/142/193 211/211/192 212/212/194
f 914/144/195 898/142/193 212/212/194
f 914/144/195 212/212/194 213/213/196
f 922/146/197 914/144/195 213/213/196
f 922/146/197 213/213/196 214/214/198
f 945/148/199 922/146/197 214/214/198
f 945/148/199 214/214/198 215/215/200
f 888/150/201 945/148/199 215/215/200
f 888/150/201 215/215/200 216/216/202
f 890/152/203 888/150/201 216/216/202
f 890/152/203 216/216/202 217/217/204
f 886/154/205 890/152/203 217/217/204
f 886/154/205 217/217/204 218/218/206
f 920/117/168 887/156/207 219/219/208
f 920/117/168 219/219/208 199/199/169
f 220/220/209 221/221/210 222/222/211
f 220/220/209 222/222/211 223/223/212
f 224/224/213 220/220/209 223/223/212
f 224/224/213 223/223/212 225/225/214
f 226/226/215 224/224/213 225/225/214
f 226/226/215 225/225/214 227/227/216
f 228/228/217 226/226/215 227/227/216
f 228/228/217 227/227/216 229/229/218
f 230/230/219 228/228/217 229/229/218
f 230/230/219 229/229/218 231/231/220
f 232/232/221 230/230/219 231/231/220
f 232/232/221 231/231/220 233/233/222
f 234/234/223 232/232/221 233/233/222
f 234/234/223 233/233/222 235/235/224
f 236/236/225 234/234/223 235/235/224
f 236/236/225 235/235/224 237/237/226
f 238/238/227 236/236/225 237/237/226
f 238/238/227 237/237/226 239/239/228
f 240/240/229 238/238/227 239/239/228
f 240/240/229 239/239/228 241/241/230
f 242/242/231 240/240/229 241/241/230
f 242/242/231 241/241/230 243/243/232
f 244/244/233 242/242/231 243/243/232
f 244/244/233 243/243/232 245/245/234
f 246/246/235 244/244/233 245/245/234
f 246/246/235 245/245/234 247/247/236
f 248/248/237 246/246/235 247/247/236
f 248/248/237 247/247/236 249/249/238
f 250/250/239 248/248/237 249/249/238
f 250/250/239 249/249/238 251/251/240
f 252/252/241 250/250/239 251/251/240
f 252/252/241 251/251/240 253/253/242
f 254/254/243 252/252/241 253/253/242
f 254/254/243 253/253/242 255/255/244
f 256/256/245 254/254/243 255/255/244
f 256/256/245 255/255/244 257/257/246
f 258/258/247 256/256/245 257/257/246
f 258/258/247 257/257/246 259/259/248
f 221/221/210 258/258/247 259/259/248
f 221/221/210 259/259/248 222/222/211
f 260/260/249 261/261/250 262/262/251
f 260/260/249 262/262/251 263/263/252
f 264/264/253 260/260/249 263/263/252
f 264/264/253 263/263/252 265/265/254
f 266/266/255 264/264/253 265/265/254
f 266/266/255 265/265/254 267/267/256
f 268/268/257 269/269/258 270/270/256
f 268/268/257 270/270/256 271/271/259
f 272/272/260 268/268/257 271/271/259
f 272/272/260 271/271/259 273/273/261
f 274/274/262 272/272/260 273/273/261
f 274/274/262 273/273/261 275/275/263
f 276/276/264 274/274/262 275/275/263
f 276/276/264 275/275/263 277/277/265
f 278/278/266 279/279/264 280/280/265
f 278/278/266 280/280/265 281/281/267
f 282/282/268 278/278/266 281/281/267
f 282/282/268 281/281/267 283/283/269
f 284/284/270 282/282/268 283/283/269
f 284/284/270 283/283/269 285/285/271
f 286/286/272 284/284/270 285/285/271
f 286/286/272 285/285/271 287/287/273
f 288/288/274 286/286/272 287/287/273
f 288/288/274 287/287/273 289/289/275
f 290/290/276 288/288/274 289/289/275
f 290/290/276 289/289/275 291/291/277
f 292/292/278 293/293/279 294/294/277
f 292/292/278 294/294/277 295/295/280
f 296/296/281 292/292/278 295/295/280
f 296/296/281 295/295/280 297/297/282
f 298/298/283 296/296/281 297/297/282
f 298/298/283 297/297/282 299/299/284
f 300/300/285 298/298/283 299/299/284
f 300/300/285 299/299/284 301/301/286
f 302/302/287 303/303/285 304/304/286
f 302/302/287 304/304/286 305/305/288
f 306/306/289 302/302/287 305/305/288
f 306/306/289 305/305/288 307/307/290
f 261/261/250 306/306/289 307/307/290
f 261/261/250 307/307/290 262/262/251
f 308/308/291 309/309/292 310/310/293
f 308/308/291 310/310/293 311/311/294
f 312/312/295 308/308/291 311/311/294
f 312/312/295 311/311/294 313/313/296
f 314/314/297 312/312/295 313/313/296
f 314/314/297 313/313/296 315/315/298
f 316/316/299 314/314/297 315/315/298
f 316/316/299 315/315/298 317/317/300
f 318/318/301 316/316/299 317/317/300
f 318/318/301 317/317/300 319/319/302
f 320/320/303 318/318/301 319/319/302
f 320/320/303 319/319/302 321/321/304
f 322/322/305 320/320/303 321/321/304
f 322/322/305 321/321/304 323/323/306
f 324/324/307 322/322/305 323/323/306
f 324/324/307 323/323/306 325/325/308
f 326/326/309 324/324/307 325/325/308
f 326/326/309 325/325/308 327/327/310
f 328/328/311 326/326/309 327/327/310
f 328/328/311 327/327/310 329/329/312
f 330/330/313 328/328/311 329/329/312
f 330/330/313 329/329/312 331/331/314
f 332/332/315 330/330/313 331/331/314
f 332/332/315 331/331/314 333/333/316
f 334/334/317 332/332/315 333/333/316
f 334/334/317 333/333/316 335/335/318
f 336/336/319 334/334/317 335/335/318
f 336/336/319 335/335/318 337/337/320
f 338/338/321 336/336/319 337/337/320
f 338/338/321 337/337/320 339/339/322
f 340/340/323 338/338/321 339/339/322
f 340/340/323 339/339/322 341/341/324
f 342/342/325 340/340/323 341/341/324
f 342/342/325 341/341/324 343/343/326
f 344/344/327 342/342/325 343/343/326
f 344/344/327 343/343/326 345/345/328
f 346/346/329 344/344/327 345/345/328
f 346/346/329 345/345/328 347/347/330
f 309/309/292 346/346/329 347/347/330
f 309/309/292 347/347/330 310/310/293
f 313/313/296 311/311/294 348/348/331
f 313/313/296 348/348/331 349/349/332
f 315/315/298 313/313/296 349/349/332
f 315/315/298 349/349/332 350/350/333
f 317/317/300 315/315/298 350/350/333
f 317/317/300 350/350/333 351/351/334
f 319/319/302 317/317/300 351/351/334
f 319/319/302 351/351/334 352/352/335
f 321/321/304 319/319/302 352/352/335
f 321/321/304 352/352/335 353/353/336
f 323/323/306 321/321/304 353/353/336
f 323/323/306 353/353/336 354/354/337
f 325/325/308 323/323/306 354/354/337
f 325/325/308 354/354/337 355/355/338
f 327/327/310 325/325/308 355/355/338
f 327/327/310 355/355/338 356/356/339
f 329/329/312 327/327/310 356/356/339
f 329/329/312 356/356/339 357/357/340
f 331/331/314 329/329/312 357/357/340
f 331/331/314 357/357/340 358/358/341
f 333/333/316 331/331/314 358/358/341
f 333/333/316 358/358/341 359/359/342
f 335/335/318 333/333/316 359/359/342
f 335/335/318 359/359/342 360/360/343
f 337/337/320 335/335/318 360/360/343
f 337/337/320 360/360/343 361/361/344
f 339/339/322 337/337/320 361/361/344
f 339/339/322 361/361/344 362/362/345
f 341/341/324 339/339/322 362/362/345
f 341/341/324 362/362/345 363/363/346
f 343/343/326 341/341/324 363/363/346
f 343/343/326 363/363/346 364/364/347
f 345/345/328 343/343/326 364/364/347
f 345/345/328 364/364/347 365/365/348
f 347/347/330 345/345/328 365/365/348
f 347/347/330 365/365/348 366/366/349
f 310/310/293 347/347/330 366/366/349
f 310/310/293 366/366/349 367/367/350
f 311/311/294 310/310/293 367/367/350
f 311/311/294 367/367/350 348/348/331
f 368/368/351 369/369/352 370/370/353
f 368/368/351 370/370/353 371/371/354
f 900/372/355 379/373/356 380/374/357
f 381/375/358 900/372/355 380/374/357
f 889/376/359 381/375/358 382/377/360
f 383/378/361 889/376/359 382/377/360
f 884/379/362 390/380/363 391/381/364
f 372/382/365 884/379/362 391/381/364
f 383/378/361 382/377/360 392/383/366
f 383/378/361 392/383/366 393/384/367
f 384/385/368 383/378/361 393/384/367
f 384/385/368 393/384/367 394/386/369
f 385/387/370 384/385/368 394/386/369
f 385/387/370 394/386/369 395/388/371
f 386/389/372 385/387/370 395/388/371
f 386/389/372 395/388/371 396/390/373
f 387/391/374 386/389/372 396/390/373
f 387/391/374 396/390/373 397/392/375
f 388/393/376 387/391/374 397/392/375
f 388/393/376 397/392/375 398/394/377
f 389/395/378 388/393/376 398/394/377
f 389/395/378 398/394/377 399/396/379
f 390/380/363 389/395/378 399/396/379
f 390/380/363 399/396/379 400/397/380
f 391/381/364 390/380/363 400/397/380
f 391/381/364 400/397/380 401/398/381
f 372/382/365 391/381/364 401/398/381
f 372/382/365 401/398/381 402/399/382
f 373/400/383 372/382/365 402/399/382
f 373/400/383 402/399/382 403/401/384
f 374/402/385 373/400/383 403/401/384
f 374/402/385 403/401/384 404/403/386
f 375/404/387 374/402/385 404/403/386
f 375/404/387 404/403/386 405/405/388
f 376/406/389 375/404/387 405/405/388
f 376/406/389 405/405/388 406/407/390
f 377/408/391 376/406/389 406/407/390
f 377/408/391 406/407/390 407/409/392
f 378/410/393 377/408/391 407/409/392
f 378/410/393 407/409/392 408/411/394
f 379/373/356 378/410/393 408/411/394
f 379/373/356 408/411/394 409/412/395
f 380/374/357 379/373/356 409/412/395
f 380/374/357 409/412/395 410/413/396
f 381/375/358 380/374/357 410/413/396
f 381/375/358 410/413/396 411/414/397
f 382/377/360 381/375/358 411/414/397
f 382/377/360 411/414/397 392/383/366
f 393/384/367 392/383/366 412/415/398
f 393/384/367 412/415/398 413/416/399
f 394/386/369 393/384/367 413/416/399
f 395/388/371 394/386/369 413/416/399
f 395/388/371 413/416/399 414/417/400
f 396/390/373 395/388/371 414/417/400
f 397/392/375 396/390/373 414/417/400
f 397/392/375 414/417/400 415/418/401
f 398/394/377 397/392/375 415/418/401
f 399/396/379 398/394/377 415/418/401
f 399/396/379 415/418/401 416/419/402
f 400/397/380 399/396/379 416/419/402
f 401/398/381 400/397/380 416/419/402
f 401/398/381 416/419/402 417/420/403
f 402/399/382 401/398/381 417/420/403
f 403/401/384 402/399/382 417/420/403
f 403/401/384 417/420/403 418/421/404
f 404/403/386 403/401/384 418/421/404
f 405/405/388 404/403/386 418/421/404
f 405/405/388 418/421/404 419/422/405
f 406/407/390 405/405/388 419/422/405
f 407/409/392 406/407/390 419/422/405
f 407/409/392 419/422/405 420/423/406
f 408/411/394 407/409/392 420/423/406
f 409/412/395 408/411/394 420/423/406
f 409/412/395 420/423/406 421/424/407
f 410/413/396 409/412/395 421/424/407
f 411/414/397 410/413/396 421/424/407
f 411/414/397 421/424/407 412/415/398
f 392/383/366 411/414/397 412/415/398
f 413/416/399 412/415/398 422/425/408
f 413/416/399 422/425/408 423/426/409
f 413/416/399 423/426/409 424/427/410
f 414/417/400 413/416/399 424/427/410
f 414/417/400 424/427/410 425/428/411
f 414/417/400 425/428/411 426/429/412
f 415/418/401 414/417/400 426/429/412
f 415/418/401 426/429/412 427/430/413
f 415/418/401 427/430/413 428/431/414
f 416/419/402 415/418/401 428/431/414
f 416/419/402 428/431/414 429/432/415
f 416/419/402 429/432/415 430/433/416
f 417/420/403 416/419/402 430/433/416
f 417/420/403 430/433/416 431/434/417
f 417/420/403 431/434/417 432/435/418
f 418/421/404 417/420/403 432/435/418
f 418/421/404 432/435/418 433/436/419
f 418/421/404 433/436/419 434/437/420
f 419/422/405 418/421/404 434/437/420
f 419/422/405 434/437/420 435/438/421
f 419/422/405 435/438/421 436/439/422
f 420/423/406 419/422/405 436/439/422
f 420/423/406 436/439/422 437/440/423
f 420/423/406 437/440/423 438/441/424
f 421/424/407 420/423/406 438/441/424
f 421/424/407 438/441/424 439/442/425
f 421/424/407 439/442/425 440/443/426
f 412/415/398 421/424/407 440/443/426
f 412/415/398 440/443/426 441/444/427
f 412/415/398 441/444/427 422/425/408
f 442/445/428 443/446/429 444/447/429
f 442/445/428 444/447/429 445/448/428
f 446/449/430 442/445/428 445/448/428
f 446/449/430 445/448/428 447/450/430
f 448/451/431 446/449/430 447/450/430
f 448/451/431 447/450/430 449/452/431
f 450/453/432 448/451/431 449/452/431
f 450/453/432 449/452/431 451/454/432
f 452/455/433 450/453/432 451/454/432
f 452/455/433 451/454/432 453/456/433
f 454/457/434 452/455/433 453/456/433
f 454/457/434 453/456/433 455/458/434
f 456/459/435 454/457/434 455/458/434
f 456/459/435 455/458/434 457/460/435
f 458/461/436 456/459/435 457/460/435
f 458/461/436 457/460/435 459/462/436
f 460/463/437 458/461/436 459/462/436
f 460/463/437 459/462/436 461/464/437
f 462/465/438 460/463/437 461/464/437
f 462/465/438 461/464/437 463/466/438
f 464/467/439 462/465/438 463/466/438
f 464/467/439 463/466/438 465/468/439
f 466/469/440 464/467/439 465/468/439
f 466/469/440 465/468/439 467/470/440
f 468/471/441 466/469/440 467/470/440
f 468/471/441 467/470/440 469/472/441
f 470/473/442 468/471/441 469/472/441
f 470/473/442 469/472/441 471/474/442
f 472/475/443 470/473/442 471/474/442
f 472/475/443 471/474/442 473/476/443
f 474/477/444 472/475/443 473/476/443
f 474/477/444 473/476/443 475/478/444
f 476/479/445 474/477/444 475/478/444
f 476/479/445 475/478/444 477/480/445
f 478/481/446 476/479/445 477/480/445
f 478/481/446 477/480/445 479/482/446
f 480/483/447 478/481/446 479/482/446
f 480/483/447 479/482/446 481/484/447
f 443/446/429 480/483/447 481/484/447
f 443/446/429 481/484/447 444/447/429
f 891/485/448 932/486/449 482/487/450
f 891/485/448 482/487/450 483/488/451
f 933/489/452 891/485/448 483/488/451
f 933/489/452 483/488/451 484/490/453
f 892/491/454 933/489/452 484/490/453
f 892/491/454 484/490/453 485/492/455
f 934/493/456 892/491/454 485/492/455
f 934/493/456 485/492/455 486/494/457
f 918/495/458 934/493/459 487/496/460
f 918/495/458 487/496/460 488/497/461
f 918/495/458 488/497/461 489/498/462
f 935/499/463 918/495/458 489/498/462
f 937/500/464 935/499/463 489/498/462
f 937/500/464 489/498/462 490/501/465
f 902/502/466 937/500/467 491/503/468
f 902/502/466 491/503/468 492/504/469
f 939/505/470 902/502/466 492/504/469
f 939/505/470 492/504/469 493/506/471
f 940/507/472 939/505/470 493/506/471
f 940/507/472 493/506/471 494/508/473
f 938/509/474 940/507/472 494/508/473
f 938/509/474 494/508/473 495/510/475
f 936/511/476 938/509/477 496/512/478
f 936/511/476 496/512/478 497/513/479
f 919/514/480 936/511/476 497/513/479
f 919/514/480 497/513/479 498/515/481
f 932/486/482 919/514/480 498/515/481
f 932/486/482 498/515/481 499/516/483
f 504/517/484 505/518/485 941/519/486
f 504/517/484 941/519/486 943/520/487
f 506/521/488 504/517/484 943/520/487
f 507/522/489 506/521/488 943/520/487
f 507/522/489 943/520/487 942/523/490
f 508/524/491 507/522/489 942/523/490
f 508/524/491 942/523/490 946/525/492
f 509/526/493 508/524/491 946/525/492
f 509/526/493 946/525/492 951/527/494
f 510/528/495 509/526/493 951/527/494
f 510/528/495 951/527/494 896/529/496
f 511/530/497 510/528/495 896/529/496
f 511/530/497 896/529/496 952/531/498
f 512/532/499 511/530/497 952/531/498
f 512/532/499 952/531/498 956/533/500
f 513/534/501 512/532/499 956/533/500
f 513/534/501 956/533/500 882/535/502
f 514/536/503 513/534/501 882/535/502
f 514/536/503 882/535/502 948/537/504
f 505/518/485 514/536/503 948/537/504
f 505/518/485 948/537/504 941/519/486
f 515/538/505 516/539/506 959/540/507
f 515/538/505 959/540/507 503/541/508
f 517/542/509 515/538/505 503/541/508
f 517/542/509 503/541/508 502/543/510
f 518/544/511 517/542/509 502/543/510
f 518/544/511 502/543/510 519/545/512
f 520/546/513 518/544/511 519/545/512
f 520/546/513 519/545/512 521/547/514
f 522/548/515 520/546/513 521/547/514
f 522/548/515 521/547/514 523/549/516
f 524/550/517 522/548/515 523/549/516
f 524/550/517 523/549/516 525/551/518
f 526/552/519 524/550/517 525/551/518
f 526/552/519 525/551/518 527/553/520
f 528/554/521 526/552/519 527/553/520
f 528/554/521 527/553/520 529/555/522
f 530/556/523 528/554/521 529/555/522
f 530/556/523 529/555/522 531/557/524
f 532/558/525 530/556/523 531/557/524
f 532/558/525 531/557/524 533/559/526
f 534/560/527 532/558/525 533/559/526
f 534/560/527 533/559/526 535/561/528
f 536/562/529 534/560/527 535/561/528
f 536/562/529 535/561/528 537/563/530
f 538/564/531 536/562/529 537/563/530
f 538/564/531 537/563/530 539/565/532
f 540/566/533 538/564/531 539/565/532
f 540/566/533 539/565/532 541/567/534
f 542/568/535 540/566/533 541/567/534
f 542/568/535 541/567/534 543/569/536
f 544/570/537 542/568/535 543/569/536
f 544/570/537 543/569/536 545/571/538
f 546/572/539 544/570/537 545/571/538
f 546/572/539 545/571/538 547/573/540
f 548/574/541 546/572/539 547/573/540
f 548/574/541 547/573/540 549/575/542
f 550/576/543 548/574/541 549/575/542
f 550/576/543 549/575/542 961/577/544
f 516/539/506 550/576/543 961/577/544
f 516/539/506 961/577/544 959/540/507
f 894/450/545 908/448/546 551/578/547
f 894/450/545 551/578/547 552/579/548
f 903/452/549 894/450/545 552/579/548
f 903/452/549 552/579/548 553/580/550
f 895/454/551 903/452/549 553/580/550
f 895/454/551 553/580/550 554/581/552
f 909/456/553 895/454/551 554/581/552
f 909/456/553 554/581/552 555/582/554
f 947/458/555 909/456/553 555/582/554
f 947/458/555 555/582/554 556/583/556
f 949/460/557 947/458/555 556/583/556
f 949/460/557 556/583/556 557/584/558
f 986/462/559 949/460/557 557/584/558
f 986/462/559 557/584/558 558/585/560
f 901/464/561 986/462/559 558/585/560
f 901/464/561 558/585/560 559/586/562
f 930/466/563 901/464/561 559/586/562
f 930/466/563 559/586/562 560/587/564
f 954/468/565 930/466/563 560/587/564
f 954/468/565 560/587/564 561/588/566
f 915/470/567 954/468/565 561/588/566
f 915/470/567 561/588/566 562/589/568
f 955/472/569 915/470/567 562/589/568
f 955/472/569 562/589/568 563/590/570
f 957/474/571 955/472/569 563/590/570
f 957/474/571 563/590/570 564/591/572
f 929/476/573 957/474/571 564/591/572
f 929/476/573 564/591/572 565/592/574
f 931/478/575 929/476/573 565/592/574
f 931/478/575 565/592/574 566/593/576
f 897/480/577 931/478/575 566/593/576
f 897/480/577 566/593/576 567/594/578
f 987/482/579 897/480/577 567/594/578
f 987/482/579 567/594/578 568/595/580
f 950/484/581 987/482/579 568/595/580
f 950/484/581 568/595/580 569/596/582
f 883/447/583 950/484/581 569/596/582
f 883/447/583 569/596/582 570/597/584
f 908/448/546 883/447/583 570/597/584
f 908/448/546 570/597/584 551/578/547
f 964/579/585 962/578/586 571/598/587
f 964/579/585 571/598/587 572/599/588
f 968/580/589 964/579/585 572/599/588
f 968/580/589 572/599/588 573/600/590
f 965/581/591 968/580/589 573/600/590
f 965/581/591 573/600/590 574/601/592
f 963/582/593 965/581/591 574/601/592
f 963/582/593 574/601/592 575/602/594
f 969/583/595 963/582/593 575/602/594
f 969/583/595 575/602/594 576/603/596
f 878/584/597 969/583/595 576/603/596
f 878/584/597 576/603/596 577/604/598
f 971/585/599 878/584/597 577/604/598
f 971/585/599 577/604/598 578/605/600
f 966/586/601 971/585/599 578/605/600
f 966/586/601 578/605/600 579/606/602
f 973/587/603 966/586/601 579/606/602
f 973/587/603 579/606/602 580/607/604
f 976/588/605 973/587/603 580/607/604
f 976/588/605 580/607/604 581/608/606
f 905/589/607 976/588/605 581/608/606
f 905/589/607 581/608/606 582/609/608
f 958/590/609 905/589/607 582/609/608
f 958/590/609 582/609/608 583/610/610
f 906/591/611 958/590/609 583/610/610
f 906/591/611 583/610/610 584/611/612
f 899/592/613 906/591/611 584/611/612
f 899/592/613 584/611/612 585/612/614
f 881/593/615 899/592/613 585/612/614
f 881/593/615 585/612/614 586/613/616
f 967/594/617 881/593/615 586/613/616
f 967/594/617 586/613/616 587/614/618
f 972/595/619 967/594/617 587/614/618
f 972/595/619 587/614/618 588/615/620
f 879/596/621 972/595/619 588/615/620
f 879/596/621 588/615/620 589/616/622
f 970/597/623 879/596/621 589/616/622
f 970/597/623 589/616/622 590/617/624
f 962/578/586 970/597/623 590/617/624
f 962/578/586 590/617/624 571/598/587
f 591/618/625 592/619/626 593/620/627
f 591/618/625 593/620/627 594/621/628
f 595/622/629 591/618/625 594/621/628
f 595/622/629 594/621/628 596/623/630
f 597/624/631 595/622/629 596/623/630
f 597/624/631 596/623/630 598/625/632
f 599/626/633 597/624/631 598/625/632
f 599/626/633 598/625/632 600/627/634
f 601/628/635 599/626/633 600/627/634
f 601/628/635 600/627/634 885/370/636
f 601/628/635 885/370/636 603/629/637
f 602/630/638 601/628/635 603/629/637
f 602/630/638 603/629/637 604/631/639
f 605/632/640 602/630/638 604/631/639
f 605/632/640 604/631/639 606/633/641
f 607/634/642 605/632/640 606/633/641
f 607/634/642 606/633/641 608/635/643
f 609/636/644 607/634/642 608/635/643
f 609/636/644 608/635/643 610/637/645
f 592/619/626 609/636/644 610/637/645
f 592/619/626 610/637/645 593/620/627
f 611/638/646 980/639/647 36/36/4
f 611/638/646 36/36/4 35/35/3
f 612/640/648 982/641/649 39/39/7
f 612/640/648 39/39/7 38/38/6
f 37/37/5 36/36/4 982/641/649
f 37/37/5 982/641/649 612/640/648
f 40/40/8 39/39/7 985/642/650
f 40/40/8 985/642/650 613/643/651
f 613/643/651 985/642/650 984/644/652
f 613/643/651 984/644/652 614/645/653
f 614/645/653 984/644/652 369/369/352
f 614/645/653 369/369/352 368/368/351
f 371/371/354 370/370/353 877/646/654
f 371/371/354 877/646/654 615/647/655
f 615/647/655 877/646/654 983/648/656
f 615/647/655 983/648/656 616/649/657
f 616/649/657 983/648/656 917/650/658
f 616/649/657 917/650/658 617/651/659
f 617/651/659 917/650/658 880/652/660
f 617/651/659 880/652/660 618/653/661
f 618/653/661 880/652/660 981/654/662
f 618/653/661 981/654/662 619/655/663
f 619/655/663 981/654/662 907/656/664
f 619/655/663 907/656/664 620/657/665
f 620/657/665 907/656/664 979/658/666
f 620/657/665 979/658/666 621/659/667
f 622/660/668 975/661/669 980/639/647
f 622/660/668 980/639/647 611/638/646
f 974/662/670 623/663/670 621/659/667
f 974/662/670 621/659/667 979/658/666
f 974/662/670 977/620/671 624/664/671
f 974/662/670 624/664/671 623/663/670
f 624/664/671 977/620/671 960/665/672
f 624/664/671 960/665/672 625/666/673
f 625/666/673 960/665/672 978/667/674
f 625/666/673 978/667/674 626/668/675
f 626/668/675 978/667/674 975/661/669
f 626/668/675 975/661/669 622/660/668
f 627/669/676 628/670/677 629/671/678
f 627/669/676 629/671/678 630/672/679
f 631/673/680 627/669/676 630/672/679
f 631/673/680 630/672/679 632/674/681
f 633/675/682 631/673/680 632/674/681
f 633/675/682 632/674/681 634/676/683
f 635/677/684 633/675/682 634/676/683
f 635/677/684 634/676/683 636/678/685
f 637/679/686 635/677/684 636/678/685
f 637/679/686 636/678/685 638/680/687
f 639/681/688 637/679/686 638/680/687
f 639/681/688 638/680/687 640/682/689
f 641/683/690 639/681/688 640/682/689
f 641/683/690 640/682/689 642/684/691
f 643/685/692 644/686/693 645/687/694
f 643/685/692 645/687/694 646/688/695
f 647/689/696 643/685/692 646/688/695
f 647/689/696 646/688/695 648/690/697
f 649/691/698 647/689/696 648/690/697
f 649/691/698 648/690/697 650/692/699
f 651/693/700 649/691/698 650/692/699
f 651/693/700 650/692/699 652/694/701
f 653/695/702 651/693/700 652/694/701
f 653/695/702 652/694/701 654/696/703
f 655/697/704 653/695/702 654/696/703
f 655/697/704 654/696/703 656/698/705
f 657/699/706 655/697/704 656/698/705
f 657/699/706 656/698/705 658/700/707
f 659/701/708 657/699/706 658/700/707
f 659/701/708 658/700/707 660/702/709
f 661/703/710 659/701/708 660/702/709
f 661/703/710 660/702/709 662/704/711
f 663/705/712 661/703/710 662/704/711
f 663/705/712 662/704/711 664/706/713
f 665/707/714 663/705/712 664/706/713
f 665/707/714 664/706/713 666/708/715
f 667/709/716 665/707/714 666/708/715
f 667/709/716 666/708/715 668/710/717
f 628/670/677 667/709/716 668/710/717
f 628/670/677 668/710/717 629/671/678
f 669/711/718 670/712/719 671/713/714
f 669/711/718 671/713/714 672/714/716
f 673/715/720 674/716/718 675/717/721
f 673/715/720 675/717/721 676/718/677
f 677/719/722 673/715/720 676/718/677
f 677/719/722 676/718/677 678/720/723
f 679/721/724 677/719/722 678/720/723
f 679/721/724 678/720/723 680/722/680
f 681/723/725 679/721/724 680/722/680
f 681/723/725 680/722/680 682/724/682
f 683/725/726 681/723/725 682/724/682
f 683/725/726 682/724/682 684/726/727
f 685/727/728 683/725/726 684/726/727
f 685/727/728 684/726/727 686/728/729
f 687/729/730 685/727/728 686/728/729
f 687/729/730 686/728/729 688/730/731
f 689/731/732 687/729/730 688/730/731
f 689/731/732 688/730/731 690/732/733
f 691/733/734 689/731/732 690/732/733
f 691/733/734 690/732/733 692/734/692
f 693/735/735 691/733/734 692/734/692
f 693/735/735 692/734/692 694/736/696
f 695/737/736 693/735/735 694/736/696
f 695/737/736 694/736/696 696/738/698
f 697/739/737 695/737/736 696/738/698
f 697/739/737 696/738/698 698/740/738
f 699/741/739 697/739/737 698/740/738
f 699/741/739 698/740/738 700/742/702
f 701/743/740 699/741/739 700/742/702
f 701/743/740 700/742/702 702/744/704
f 703/745/741 701/743/740 702/744/704
f 703/745/741 702/744/704 704/746/742
f 705/747/743 703/745/741 704/746/742
f 705/747/743 704/746/742 706/748/744
f 707/749/745 705/747/743 706/748/744
f 707/749/745 706/748/744 708/750/746
f 709/751/747 707/749/745 708/750/746
f 709/751/747 708/750/746 710/752/712
f 670/712/719 709/751/747 710/752/712
f 670/712/719 710/752/712 671/713/714
f 711/753/748 712/754/749 713/755/750
f 714/756/751 711/753/748 713/755/750
f 718/757/752 717/758/753 719/759/754
f 720/760/755 718/757/752 719/759/754
f 724/761/756 723/762/757 725/763/758
f 726/764/759 724/761/756 725/763/758
f 726/764/759 725/763/758 727/765/760
f 728/766/761 726/764/759 727/765/760
f 728/766/761 727/765/760 729/767/762
f 730/768/763 728/766/761 729/767/762
f 730/768/763 729/767/762 731/769/764
f 732/770/765 730/768/763 731/769/764
f 738/771/766 739/772/767 740/773/768
f 738/771/766 740/773/768 741/774/769
f 742/775/770 738/771/766 741/774/769
f 742/775/770 741/774/769 743/776/771
f 744/777/772 742/775/770 743/776/771
f 744/777/772 743/776/771 745/778/773
f 746/779/774 744/777/772 745/778/773
f 746/779/774 745/778/773 747/780/775
f 748/781/776 746/779/774 747/780/775
f 748/781/776 747/780/775 749/782/777
f 750/783/778 748/781/776 749/782/777
f 750/783/778 749/782/777 751/784/779
f 752/785/780 750/783/778 751/784/779
f 752/785/780 751/784/779 753/786/781
f 754/787/782 752/785/780 753/786/781
f 754/787/782 753/786/781 755/788/783
f 756/789/784 757/790/785 758/791/783
f 756/789/784 758/791/783 759/792/786
f 760/793/787 756/789/784 759/792/786
f 760/793/787 759/792/786 761/794/788
f 762/795/789 760/793/787 761/794/788
f 762/795/789 761/794/788 763/796/790
f 764/797/791 762/795/789 763/796/790
f 764/797/791 763/796/790 765/798/792
f 766/799/793 764/797/791 765/798/792
f 766/799/793 765/798/792 767/800/794
f 768/801/795 766/799/793 767/800/794
f 768/801/795 767/800/794 769/802/796
f 770/803/797 768/801/795 769/802/796
f 770/803/797 769/802/796 771/804/798
f 772/805/799 770/803/797 771/804/798
f 772/805/799 771/804/798 773/806/800
f 774/807/801 772/805/799 773/806/800
f 774/807/801 773/806/800 775/808/802
f 776/809/803 774/807/801 775/808/802
f 776/809/803 775/808/802 777/810/804
f 778/811/805 779/812/806 780/813/804
f 778/811/805 780/813/804 781/814/807
f 739/772/767 778/811/805 781/814/807
f 739/772/767 781/814/807 740/773/768
f 782/815/808 783/816/809 784/817/810
f 782/815/808 784/817/810 785/818/811
f 786/819/812 782/815/808 785/818/811
f 786/819/812 785/818/811 787/820/813
f 788/821/814 786/819/812 787/820/813
f 788/821/814 787/820/813 789/822/815
f 790/823/816 788/821/814 789/822/815
f 790/823/816 789/822/815 910/790/817
f 791/824/818 790/823/816 910/790/817
f 791/824/818 910/790/817 993/789/819
f 792/825/820 791/824/818 993/789/819
f 792/825/820 993/789/819 988/793/821
f 793/826/822 792/825/820 988/793/821
f 793/826/822 988/793/821 994/795/823
f 794/827/824 793/826/822 994/795/823
f 794/827/824 994/795/823 989/797/825
f 795/828/826 794/827/824 989/797/825
f 795/828/826 989/797/825 953/799/827
f 796/829/828 797/830/829 798/831/830
f 796/829/828 798/831/830 799/832/831
f 800/833/832 796/829/828 799/832/831
f 800/833/832 799/832/831 801/834/833
f 802/835/834 800/833/832 801/834/833
f 802/835/834 801/834/833 803/836/835
f 804/837/836 802/835/834 803/836/835
f 804/837/836 803/836/835 805/838/837
f 806/839/838 804/837/836 805/838/837
f 806/839/838 805/838/837 995/812/839
f 807/840/840 806/839/838 995/812/839
f 807/840/840 995/812/839 904/811/841
f 808/841/842 807/840/840 904/811/841
f 808/841/842 904/811/841 991/772/843
f 809/842/844 808/841/842 991/772/843
f 809/842/844 991/772/843 923/771/845
f 810/843/846 809/842/844 923/771/845
f 810/843/846 923/771/845 992/775/847
f 811/844/848 810/843/846 992/775/847
f 811/844/848 992/775/847 990/777/849
f 783/816/809 812/845/850 813/846/851
f 783/816/809 813/846/851 784/817/810
f 814/847/852 815/848/853 816/849/854
f 814/847/852 816/849/854 817/850/855
f 818/851/856 814/847/852 817/850/855
f 818/851/856 817/850/855 819/852/857
f 820/853/858 821/854/856 822/855/859
f 820/853/858 822/855/859 823/856/860
f 824/857/861 820/853/858 823/856/860
f 824/857/861 823/856/860 825/858/862
f 826/859/863 824/857/861 825/858/862
f 826/859/863 825/858/862 827/860/864
f 828/861/865 826/859/863 827/860/864
f 828/861/865 827/860/864 829/862/866
f 830/863/867 828/861/865 829/862/866
f 830/863/867 829/862/866 831/864/868
f 832/865/869 830/863/867 831/864/868
f 832/865/869 831/864/868 833/866/870
f 834/867/871 835/868/872 836/869/873
f 834/867/871 836/869/873 837/870/874
f 838/871/875 834/867/871 837/870/874
f 838/871/875 837/870/874 839/872/876
f 840/873/877 838/871/875 839/872/876
f 840/873/877 839/872/876 841/874/878
f 842/875/879 840/873/877 841/874/878
f 842/875/879 841/874/878 843/876/880
f 844/877/881 845/878/879 846/879/882
f 844/877/881 846/879/882 847/880/883
f 848/881/884 844/877/881 847/880/883
f 848/881/884 847/880/883 849/882/885
f 850/883/886 848/881/884 849/882/885
f 850/883/886 849/882/885 851/884/887
f 852/885/888 850/883/886 851/884/887
f 852/885/888 851/884/887 853/886/889
f 854/887/890 852/885/888 853/886/889
f 854/887/890 853/886/889 855/888/891
f 856/889/892 854/887/890 855/888/891
f 856/889/892 855/888/891 857/890/893
f 858/891/894 859/892/895 860/893/896
f 858/891/894 860/893/896 861/894/897
f 815/848/853 858/891/894 861/894/897
f 815/848/853 861/894/897 816/849/854
f 862/895/898 863/896/719 735/897/899
f 862/895/898 735/897/899 737/898/900
f 863/896/719 864/899/747 736/900/901
f 863/896/719 736/900/901 735/897/899
f 865/901/747 866/902/902 733/903/903
f 865/901/747 733/903/903 734/904/904
f 866/902/902 867/905/905 732/770/765
f 866/902/902 732/770/765 733/903/903
f 867/905/905 730/768/763 732/770/765
f 724/761/756 868/906/906 723/762/757
f 868/906/906 869/907/907 722/908/908
f 868/906/906 722/908/908 723/762/757
f 869/907/907 870/909/734 721/910/909
f 869/907/907 721/910/909 722/908/908
f 870/909/734 871/911/910 720/760/755
f 870/909/734 720/760/755 721/910/909
f 871/911/910 718/757/752 720/760/755
f 718/757/752 872/912/728 717/758/753
f 872/912/728 873/913/726 716/914/911
f 872/912/728 716/914/911 717/758/753
f 873/913/726 874/915/912 715/916/913
f 873/913/726 715/916/913 716/914/911
f 874/915/912 875/917/914 714/756/751
f 874/915/912 714/756/751 715/916/913
f 875/917/914 711/753/748 714/756/751
f 711/753/748 876/918/915 712/754/749
f 876/918/915 862/895/898 737/898/900
f 876/918/915 737/898/900 712/754/749
l 500 501
