# Blender 5.2.0 LTS
# www.blender.org
mtllib brush-edited.mtl
o 06-Paint_Brush
v -0.083211 -0.002752 0.224436
v -0.073755 0.009356 0.224558
v -0.073804 0.009356 0.190604
v 0.075280 0.009356 0.192572
v 0.075393 0.009917 0.186845
v -0.073656 0.009356 0.190607
v 0.075128 0.009357 0.192570
v -0.082797 0.000340 0.184758
v -0.083021 -0.002752 0.190410
v -0.073848 0.009687 0.184927
v -0.073231 0.009356 0.154521
v -0.073591 0.009356 0.185026
v -0.082482 -0.007778 0.184909
v -0.082547 -0.002752 0.154327
v -0.082397 -0.005798 0.148607
v -0.073313 0.009839 0.148757
v -0.073177 0.009357 0.154523
v -0.082183 0.000408 0.148648
v -0.073109 0.009356 0.145283
v -0.073115 0.009355 0.148886
v -0.073108 0.009861 0.140740
v -0.082962 -0.002752 0.145006
v -0.073109 0.009356 0.145283
v -0.082141 -0.005810 0.140623
v -0.082082 0.000346 0.140633
v -0.082786 -0.000393 0.137191
v -0.081899 0.002274 0.140787
v 0.075886 0.009356 0.139285
v -0.081990 0.000352 0.132762
v -0.081649 0.000257 0.137202
v -0.073093 0.009652 0.132927
v -0.073004 0.009356 0.137320
v -0.081653 -0.005759 0.137203
v 0.076007 0.009883 0.134835
v 0.075886 0.009356 0.139285
v 0.075995 0.009356 0.131063
v -0.072905 0.009356 0.133034
v -0.082677 -0.005111 0.128969
v -0.081796 -0.007778 0.132916
v -0.072896 0.009356 0.129098
v 0.085145 -0.002717 0.192702
v 0.083785 -0.002730 0.226639
v 0.074335 0.009355 0.226513
v 0.084469 -0.002617 0.192624
v 0.085586 -0.002637 0.187116
v 0.075215 0.009355 0.186990
v 0.084669 -0.002730 0.187115
v 0.085692 -0.002593 0.156618
v 0.084948 -0.002620 0.156541
v 0.086065 -0.002638 0.150976
v 0.075608 0.009356 0.156487
v 0.075949 0.009801 0.150719
v 0.075691 0.009356 0.150850
v 0.085814 -0.002593 0.147380
v 0.085146 -0.002730 0.150975
v 0.085513 -0.002442 0.147244
v 0.075976 0.009643 0.142766
v 0.075781 0.009356 0.147248
v 0.086034 -0.002591 0.143019
v 0.075797 0.009356 0.142868
v 0.085251 -0.002730 0.142993
v 0.085720 -0.002718 0.139414
v 0.085592 -0.002410 0.139269
v 0.086158 -0.002598 0.135145
v 0.075901 0.009355 0.134997
v 0.085355 -0.002730 0.135122
v 0.085829 -0.002718 0.131192
v -0.083684 -0.002752 0.190474
v -0.073755 -0.014860 0.224558
v -0.073804 -0.014861 0.190604
v 0.075280 -0.014861 0.192572
v -0.073656 -0.014860 0.190607
v 0.075414 -0.015343 0.186865
v 0.075128 -0.014861 0.192570
v -0.082734 -0.005905 0.184761
v -0.073843 -0.015306 0.184887
v -0.073231 -0.014861 0.154521
v 0.075214 -0.014860 0.186990
v -0.083079 -0.002752 0.154391
v -0.073177 -0.014861 0.154523
v 0.075872 -0.015421 0.150706
v -0.073373 -0.015191 0.148788
v -0.082005 -0.007778 0.148769
v -0.082891 -0.005111 0.145154
v 0.075781 -0.014861 0.147248
v -0.073140 -0.015289 0.140757
v -0.073109 -0.014861 0.145283
v 0.075781 -0.014861 0.147248
v -0.073010 -0.014859 0.140905
v -0.073004 -0.014861 0.137320
v 0.075886 -0.014861 0.139285
v -0.082055 -0.005812 0.132752
v -0.073007 -0.015387 0.132869
v -0.073004 -0.014861 0.137320
v 0.075886 -0.014861 0.139285
v 0.075995 -0.014861 0.131063
v 0.075900 -0.014860 0.134997
v 0.083785 -0.002774 0.226639
v 0.085145 -0.002788 0.192702
v 0.074335 -0.014859 0.226513
v 0.084469 -0.002887 0.192624
v 0.085586 -0.002867 0.187116
v 0.085692 -0.002911 0.156618
v 0.084669 -0.002774 0.187115
v 0.084948 -0.002884 0.156541
v 0.086065 -0.002866 0.150976
v 0.075608 -0.014860 0.156487
v 0.075691 -0.014860 0.150850
v 0.085615 -0.002786 0.147378
v 0.085146 -0.002774 0.150975
v 0.075968 -0.015251 0.142724
v 0.085513 -0.003062 0.147244
v 0.086034 -0.002913 0.143019
v 0.075797 -0.014860 0.142868
v 0.085720 -0.002786 0.139414
v 0.085251 -0.002774 0.142993
v 0.085592 -0.003094 0.139269
v 0.076090 -0.015156 0.134895
v 0.086158 -0.002906 0.135145
v 0.085829 -0.002786 0.131192
v 0.085355 -0.002774 0.135122
v 0.075857 -0.005501 0.226533
v 0.083032 -0.005760 0.226627
v -0.070585 0.008832 0.224600
v 0.074377 0.009356 0.226513
v 0.075858 -0.000005 0.226533
v 0.083031 0.000258 0.226627
v -0.073797 -0.014861 0.224558
v -0.067373 -0.013811 0.224642
v -0.075277 -0.000003 0.224538
v -0.082451 0.000258 0.224443
v 0.074377 -0.014861 0.226513
v -0.082453 -0.005760 0.224443
v -0.075278 -0.005499 0.224538
v 0.067953 0.008307 0.226428
v -0.073797 0.009356 0.224558
v 0.067953 -0.013811 0.226428
v -0.025896 -0.002752 0.310958
v -0.041434 -0.003196 0.477326
v -0.022328 -0.002183 0.367790
v -0.021036 -0.002752 0.563397
v -0.050725 -0.002752 0.264139
v -0.082035 -0.002752 0.230485
v -0.004613 0.001067 0.588686
v -0.082622 -0.002752 0.210433
v -0.022030 0.008822 0.297879
v -0.025164 0.008805 0.434289
v -0.035908 -0.001402 0.521158
v -0.072668 0.008814 0.230879
v -0.014238 0.008827 0.327197
v -0.004598 0.008762 0.581308
v -0.026000 0.008757 0.522781
v -0.041169 0.008757 0.263427
v -0.012973 0.008810 0.363408
v -0.031303 0.008757 0.481377
v -0.072707 0.008757 0.210566
v -0.012923 0.008757 0.363413
v 0.012064 0.008757 0.327534
v -0.014172 0.008757 0.327188
v 0.025120 0.008757 0.482122
v -0.025122 0.008757 0.434313
v -0.031303 0.008757 0.481377
v -0.072616 0.008757 0.230827
v 0.073656 0.008757 0.212497
v -0.072707 0.008757 0.210566
v -0.004411 0.008757 0.581740
v 0.020637 0.008757 0.298402
v -0.021973 0.008757 0.297840
v -0.026000 0.008757 0.522781
v -0.019753 0.008757 0.518767
v -0.022132 0.008757 0.509398
v 0.040734 0.008757 0.264508
v -0.041169 0.008757 0.263427
v -0.003706 0.008757 0.528317
v -0.013009 0.008757 0.525692
v -0.019507 0.008757 0.500095
v -0.012582 0.008757 0.493351
v -0.003213 0.008757 0.490972
v -0.008551 0.009285 0.527317
v -0.020864 0.009651 0.513653
v -0.016998 0.008777 0.495830
v -0.003577 -0.002752 0.495645
v -0.014183 -0.002752 0.515929
v -0.015703 -0.002752 0.506112
v -0.003213 0.008757 0.490972
v -0.005877 -0.002752 0.522706
v 0.024213 -0.002752 0.311619
v 0.019146 -0.003322 0.368337
v 0.035497 -0.002354 0.479462
v 0.012693 -0.002752 0.563842
v 0.050268 -0.002752 0.265471
v 0.082455 -0.002752 0.232655
v -0.004392 0.001067 0.588689
v 0.077361 0.004743 0.232806
v 0.020692 0.008822 0.298442
v 0.012130 0.008827 0.327545
v 0.020226 0.008805 0.434888
v 0.028562 -0.003289 0.523855
v -0.004212 0.008762 0.581313
v 0.009909 0.008810 0.363710
v 0.018726 0.008757 0.523371
v 0.040734 0.008757 0.264508
v 0.025120 0.008757 0.482122
v 0.073031 0.008757 0.232749
v 0.073656 0.008757 0.212497
v 0.009859 0.008757 0.363714
v 0.020183 0.008757 0.434911
v 0.073031 0.008757 0.232749
v 0.018726 0.008757 0.523371
v 0.012588 0.008757 0.519194
v 0.005663 0.008757 0.525938
v 0.012834 0.008757 0.500522
v 0.006090 0.008757 0.493597
v 0.005433 0.008998 0.525601
v 0.013833 0.009651 0.514110
v 0.005659 -0.002752 0.518793
v 0.010439 0.008777 0.496192
v -0.002972 -0.002752 0.495653
v 0.008873 -0.002752 0.506437
v -0.004649 -0.006714 0.588602
v -0.076946 -0.010247 0.230770
v -0.022030 -0.014327 0.297879
v -0.014238 -0.014331 0.327197
v -0.025164 -0.014309 0.434289
v -0.026060 -0.014331 0.522819
v -0.004598 -0.014266 0.581308
v -0.012973 -0.014314 0.363408
v -0.041169 -0.014261 0.263427
v -0.031303 -0.014261 0.481377
v -0.072616 -0.014261 0.230827
v -0.072707 -0.014261 0.210566
v -0.012923 -0.014261 0.363413
v 0.012064 -0.014261 0.327534
v -0.025122 -0.014261 0.434313
v -0.031303 -0.014261 0.481377
v -0.072616 -0.014261 0.230827
v -0.072707 -0.014261 0.210566
v -0.041169 -0.014261 0.263427
v -0.014172 -0.014261 0.327188
v -0.026000 -0.014261 0.522781
v -0.019753 -0.014261 0.518767
v -0.021973 -0.014261 0.297840
v -0.003706 -0.014261 0.528317
v -0.004411 -0.014261 0.581740
v -0.013009 -0.014261 0.525692
v -0.019507 -0.014261 0.500095
v -0.012582 -0.014261 0.493351
v -0.003213 -0.014261 0.490972
v -0.008551 -0.014789 0.527317
v -0.020864 -0.015156 0.513653
v -0.016998 -0.014281 0.495830
v -0.004353 -0.006714 0.588606
v 0.083571 -0.002752 0.212626
v 0.020692 -0.014327 0.298442
v 0.020226 -0.014309 0.434888
v 0.073081 -0.014318 0.232803
v 0.012130 -0.014331 0.327545
v -0.004212 -0.014266 0.581313
v 0.018726 -0.014261 0.523371
v 0.040734 -0.014261 0.264508
v 0.009909 -0.014314 0.363710
v 0.025120 -0.014261 0.482122
v 0.073656 -0.014261 0.212497
v 0.009859 -0.014261 0.363714
v 0.020183 -0.014261 0.434911
v 0.025120 -0.014261 0.482122
v 0.073031 -0.014261 0.232749
v 0.073656 -0.014261 0.212497
v 0.020637 -0.014261 0.298402
v 0.018726 -0.014261 0.523371
v 0.012588 -0.014261 0.519194
v 0.015213 -0.014261 0.509891
v 0.040734 -0.014261 0.264508
v 0.005663 -0.014261 0.525938
v 0.012834 -0.014261 0.500522
v 0.006090 -0.014261 0.493597
v 0.005433 -0.014502 0.525601
v 0.013833 -0.015156 0.514110
v 0.010439 -0.014281 0.496192
v -0.003213 -0.014261 0.490972
v -0.067373 0.008307 0.224642
v 0.073656 0.008757 0.212497
v 0.015213 0.008757 0.509891
v -0.003213 0.008757 0.490972
v -0.072707 -0.014261 0.210566
v -0.022132 -0.014261 0.509398
v -0.003213 -0.014261 0.490972
v 0.080399 -0.007353 0.189835
v 0.081616 -0.007353 0.189851
v 0.082952 -0.007353 -0.003653
v 0.084169 -0.007353 -0.003637
v 0.075736 -0.010195 0.189773
v 0.076952 -0.010195 0.189790
v 0.078898 -0.010195 -0.003707
v 0.075897 -0.010504 0.189776
v 0.078146 -0.010504 -0.003717
v 0.079363 -0.010504 -0.003701
v 0.075443 -0.012739 0.189770
v 0.076660 -0.012739 0.189786
v 0.078605 -0.012739 -0.003711
v 0.077950 -0.007503 0.189803
v 0.079895 -0.007503 -0.003694
v 0.081111 -0.007503 -0.003677
v 0.077853 -0.007226 0.189801
v 0.079070 -0.007226 0.189818
v 0.080407 -0.007226 -0.003687
v 0.081623 -0.007226 -0.003671
v 0.076684 -0.010890 0.189786
v 0.077901 -0.010890 0.189802
v 0.079237 -0.010890 -0.003702
v 0.080454 -0.010890 -0.003686
v 0.077503 -0.010451 0.189797
v 0.078720 -0.010451 0.189813
v 0.080665 -0.010451 -0.003683
v 0.076819 -0.005959 0.189788
v 0.079980 -0.005959 -0.003692
v 0.078764 -0.005959 -0.003708
v 0.080483 -0.006437 0.189836
v 0.084051 -0.006437 -0.003639
v 0.082834 -0.006437 -0.003655
v 0.078201 -0.009259 0.189806
v 0.080450 -0.009259 -0.003686
v 0.081667 -0.009259 -0.003670
v 0.076806 -0.005670 0.189788
v 0.075589 -0.005670 0.189772
v 0.078751 -0.005670 -0.003709
v 0.077679 -0.006214 0.189799
v 0.076463 -0.006214 0.189783
v 0.080233 -0.006214 -0.003689
v 0.079016 -0.006214 -0.003705
v 0.074691 -0.005039 0.189760
v 0.073474 -0.005039 0.189744
v 0.076636 -0.005039 -0.003737
v 0.070647 -0.002835 0.189706
v 0.069431 -0.002835 0.189690
v 0.072592 -0.002835 -0.003790
v 0.071797 -0.004020 0.189722
v 0.070581 -0.004020 0.189705
v 0.074047 -0.004020 -0.003771
v 0.022824 -0.003457 0.189075
v 0.024364 -0.003457 -0.004426
v 0.025581 -0.003457 -0.004410
v 0.036377 -0.004723 0.189254
v 0.035160 -0.004723 0.189238
v 0.038930 -0.004723 -0.004234
v 0.037714 -0.004723 -0.004250
v 0.020122 -0.004346 0.189040
v 0.018906 -0.004346 0.189024
v 0.021662 -0.004346 -0.004462
v 0.061859 -0.005524 0.189590
v 0.063076 -0.005524 0.189606
v 0.064413 -0.005524 -0.003898
v 0.065629 -0.005524 -0.003882
v 0.069122 -0.004415 -0.003836
v 0.065555 -0.004415 0.189639
v 0.067905 -0.004415 -0.003852
v 0.047929 -0.005304 0.189407
v 0.049146 -0.005304 0.189423
v 0.050786 -0.005304 -0.004078
v 0.052065 -0.002766 0.189461
v 0.050848 -0.002766 0.189445
v 0.054618 -0.002766 -0.004027
v 0.053402 -0.002766 -0.004043
v 0.013155 -0.004647 0.188948
v 0.011938 -0.004647 0.188932
v 0.015100 -0.004647 -0.004549
v 0.072966 -0.003291 0.189737
v 0.071749 -0.003291 0.189721
v 0.074911 -0.003291 -0.003759
v 0.063674 -0.003389 0.189614
v 0.062458 -0.003389 0.189598
v 0.065619 -0.003389 -0.003882
v 0.043284 -0.005503 0.189345
v 0.044500 -0.005503 0.189361
v 0.045837 -0.005503 -0.004143
v 0.047054 -0.005503 -0.004127
v 0.038641 -0.005281 0.189284
v 0.039858 -0.005281 0.189300
v 0.042107 -0.005281 -0.004192
v 0.029994 -0.003952 0.189170
v 0.028777 -0.003952 0.189154
v 0.032547 -0.003952 -0.004318
v 0.031330 -0.003952 -0.004334
v 0.047418 -0.002953 0.189400
v 0.046202 -0.002953 0.189384
v 0.049363 -0.002953 -0.004096
v 0.028248 -0.005215 0.189147
v 0.027031 -0.005215 0.189131
v 0.029889 -0.005215 -0.004353
v 0.037536 -0.005098 0.189269
v 0.036320 -0.005098 0.189253
v 0.040090 -0.005098 -0.004219
v 0.038873 -0.005098 -0.004235
v 0.019545 -0.002885 0.189032
v 0.018328 -0.002885 0.189016
v 0.021490 -0.002885 -0.004464
v 0.071215 -0.004226 0.189714
v 0.069998 -0.004226 0.189698
v 0.073160 -0.004226 -0.003782
v 0.014291 -0.002790 0.188963
v 0.017453 -0.002790 -0.004518
v 0.016236 -0.002790 -0.004534
v 0.068889 -0.004594 0.189683
v 0.067672 -0.004594 0.189667
v 0.070834 -0.004594 -0.003813
v 0.007930 -0.003370 0.188879
v 0.006714 -0.003370 0.188863
v 0.010484 -0.003370 -0.004610
v 0.009267 -0.003370 -0.004626
v 0.062507 -0.004123 0.189599
v 0.061290 -0.004123 0.189583
v 0.065060 -0.004123 -0.003889
v 0.063844 -0.004123 -0.003905
v 0.047990 -0.004375 0.189407
v 0.046774 -0.004375 0.189391
v 0.050341 -0.004375 -0.004084
v 0.021867 -0.003075 0.189063
v 0.020650 -0.003075 0.189047
v 0.024116 -0.003075 -0.004430
v 0.058385 -0.004449 0.189545
v 0.059601 -0.004449 0.189561
v 0.060938 -0.004449 -0.003944
v 0.062155 -0.004449 -0.003928
v 0.049095 -0.004557 0.189422
v 0.050311 -0.004557 0.189438
v 0.051648 -0.004557 -0.004066
v 0.052865 -0.004557 -0.004050
v 0.024183 -0.005676 0.189093
v 0.022966 -0.005676 0.189077
v 0.026736 -0.005676 -0.004395
v 0.025519 -0.005676 -0.004411
v 0.053739 -0.004641 0.189483
v 0.054955 -0.004641 0.189499
v 0.056292 -0.004641 -0.004005
v 0.057509 -0.004641 -0.003989
v 0.041609 -0.003470 0.189323
v 0.040392 -0.003470 0.189307
v 0.043554 -0.003470 -0.004173
v 0.032893 -0.005014 0.189208
v 0.031676 -0.005014 0.189192
v 0.035243 -0.005014 -0.004283
v 0.053218 -0.003973 0.189476
v 0.052002 -0.003973 0.189460
v 0.055772 -0.003973 -0.004012
v 0.054555 -0.003973 -0.004028
v 0.045093 -0.003328 0.189369
v 0.043877 -0.003328 0.189353
v 0.047647 -0.003328 -0.004119
v 0.046430 -0.003328 -0.004135
v 0.046253 -0.003701 0.189384
v 0.045036 -0.003701 0.189368
v 0.047893 -0.003701 -0.004116
v 0.034638 -0.004041 0.189231
v 0.033422 -0.004041 0.189215
v 0.037192 -0.004041 -0.004257
v 0.035975 -0.004041 -0.004273
v 0.011993 -0.005421 0.188932
v 0.010776 -0.005421 0.188916
v 0.013938 -0.005421 -0.004564
v 0.057865 -0.003784 0.189538
v 0.056648 -0.003784 0.189522
v 0.059810 -0.003784 -0.003959
v 0.016058 -0.004039 0.188986
v 0.014842 -0.004039 0.188970
v 0.018612 -0.004039 -0.004502
v 0.017395 -0.004039 -0.004518
v 0.036962 -0.003661 0.189262
v 0.035746 -0.003661 0.189246
v 0.039516 -0.003661 -0.004226
v 0.038299 -0.003661 -0.004242
v 0.039284 -0.003848 0.189292
v 0.038067 -0.003848 0.189276
v 0.041837 -0.003848 -0.004196
v 0.040621 -0.003848 -0.004212
v 0.057826 -0.005188 0.189537
v 0.059771 -0.005188 -0.003959
v 0.060988 -0.005188 -0.003943
v 0.052636 -0.004183 0.189469
v 0.051420 -0.004183 0.189453
v 0.055190 -0.004182 -0.004020
v 0.053973 -0.004182 -0.004036
v 0.028633 -0.003003 0.189152
v 0.030172 -0.003003 -0.004350
v 0.031389 -0.003003 -0.004334
v 0.026480 -0.004837 0.189123
v 0.029641 -0.004837 -0.004357
v 0.028425 -0.004837 -0.004373
v 0.026512 -0.003383 0.189124
v 0.025295 -0.003383 0.189108
v 0.029065 -0.003383 -0.004364
v 0.027848 -0.003383 -0.004380
v 0.018382 -0.003652 0.189017
v 0.017165 -0.003652 0.189001
v 0.020935 -0.003652 -0.004472
v 0.019718 -0.003652 -0.004488
v 0.059543 -0.004815 0.189560
v 0.060759 -0.004815 0.189576
v 0.062096 -0.004815 -0.003928
v 0.063313 -0.004815 -0.003912
v 0.005027 -0.005000 0.188840
v 0.003810 -0.005000 0.188824
v 0.007276 -0.005000 -0.004652
v 0.060190 -0.003414 0.189568
v 0.058974 -0.003414 0.189552
v 0.062744 -0.003414 -0.003920
v 0.061527 -0.003414 -0.003936
v 0.041022 -0.004527 0.189315
v 0.039806 -0.004527 0.189299
v 0.042968 -0.004527 -0.004181
v 0.022444 -0.004535 0.189070
v 0.021227 -0.004535 0.189054
v 0.024085 -0.004535 -0.004430
v 0.032318 -0.003570 0.189201
v 0.031101 -0.003570 0.189184
v 0.034871 -0.003570 -0.004288
v 0.033654 -0.003570 -0.004304
v 0.018960 -0.005117 0.189024
v 0.017743 -0.005117 0.189008
v 0.020905 -0.005117 -0.004472
v 0.064184 -0.005149 0.189621
v 0.065401 -0.005149 0.189637
v 0.067346 -0.005149 -0.003859
v 0.002124 -0.003910 0.188802
v 0.000907 -0.003910 0.188786
v 0.004677 -0.003910 -0.004686
v 0.003460 -0.003910 -0.004702
v 0.025924 -0.005600 0.189116
v 0.024708 -0.005600 0.189100
v 0.027869 -0.005600 -0.004380
v 0.025348 -0.004148 0.189109
v 0.024131 -0.004148 0.189093
v 0.027901 -0.004148 -0.004380
v 0.026685 -0.004148 -0.004396
v 0.031158 -0.003192 0.189185
v 0.029941 -0.003192 0.189169
v 0.033711 -0.003192 -0.004303
v 0.032494 -0.003192 -0.004319
v 0.052572 -0.005385 0.189468
v 0.053789 -0.005385 0.189484
v 0.056038 -0.005385 -0.004008
v 0.048574 -0.003886 0.189415
v 0.047357 -0.003886 0.189399
v 0.051127 -0.003886 -0.004073
v 0.049911 -0.003886 -0.004089
v 0.040328 -0.009821 0.189306
v 0.041545 -0.009821 0.189322
v 0.043084 -0.009821 -0.004179
v 0.005869 -0.013011 0.188852
v 0.007085 -0.013011 0.188868
v 0.008625 -0.013011 -0.004634
v 0.025472 -0.011068 0.189110
v 0.026688 -0.011068 0.189126
v 0.028633 -0.011068 -0.004370
v 0.021916 -0.007978 0.189063
v 0.023132 -0.007978 0.189079
v 0.024672 -0.007978 -0.004422
v 0.037344 -0.012419 0.189267
v 0.038561 -0.012419 0.189283
v 0.040810 -0.012419 -0.004209
v 0.033795 -0.009248 0.189220
v 0.035012 -0.009248 0.189236
v 0.036349 -0.009248 -0.004268
v 0.037565 -0.009248 -0.004252
v 0.008841 -0.009672 0.188891
v 0.010058 -0.009672 0.188907
v 0.012003 -0.009672 -0.004589
v 0.067701 -0.006508 0.189667
v 0.069646 -0.006508 -0.003829
v 0.070862 -0.006508 -0.003813
v 0.073042 -0.007218 0.189738
v 0.074987 -0.007218 -0.003758
v 0.076204 -0.007218 -0.003742
v 0.040899 -0.013976 0.189314
v 0.042116 -0.013976 0.189330
v 0.043757 -0.013976 -0.004170
v 0.029623 -0.012875 0.189165
v 0.030839 -0.012875 0.189181
v 0.032176 -0.012875 -0.004323
v 0.033393 -0.012875 -0.004307
v 0.060535 -0.008878 0.189573
v 0.061752 -0.008878 0.189589
v 0.063697 -0.008878 -0.003907
v 0.037949 -0.010344 0.189275
v 0.039166 -0.010344 0.189291
v 0.040502 -0.010344 -0.004213
v 0.041719 -0.010344 -0.004197
v 0.001712 -0.010451 0.188797
v 0.002928 -0.010451 0.188813
v 0.004569 -0.010451 -0.004688
v 0.051777 -0.012154 -0.004065
v 0.050237 -0.012154 0.189437
v 0.052993 -0.012154 -0.004049
v 0.022091 -0.008498 -0.004456
v 0.020450 -0.008498 0.189044
v 0.023308 -0.008498 -0.004440
v 0.012996 -0.012237 0.188946
v 0.014213 -0.012237 0.188962
v 0.015753 -0.012237 -0.004540
v 0.030835 -0.006665 0.189181
v 0.032052 -0.006665 0.189197
v 0.033389 -0.006665 -0.004307
v 0.034605 -0.006665 -0.004291
v 0.073602 -0.009316 0.189745
v 0.074818 -0.009316 0.189761
v 0.076763 -0.009316 -0.003735
v 0.010039 -0.013782 0.188907
v 0.011984 -0.013782 -0.004590
v 0.013200 -0.013782 -0.004574
v 0.053979 -0.011500 0.189486
v 0.055196 -0.011500 0.189502
v 0.056837 -0.011500 -0.003998
v 0.010030 -0.008644 0.188906
v 0.011247 -0.008644 0.188922
v 0.012583 -0.008644 -0.004582
v 0.013800 -0.008644 -0.004566
v 0.039353 -0.007746 0.189293
v 0.042921 -0.007746 -0.004181
v 0.041704 -0.007746 -0.004198
v 0.051027 -0.009024 0.189447
v 0.052244 -0.009024 0.189463
v 0.054493 -0.009024 -0.004029
v 0.007060 -0.006852 0.188867
v 0.008277 -0.006852 0.188883
v 0.009614 -0.006852 -0.004621
v 0.010831 -0.006852 -0.004605
v 0.051592 -0.013195 0.189455
v 0.052808 -0.013195 0.189471
v 0.054145 -0.013195 -0.004033
v 0.055362 -0.013195 -0.004017
v 0.069474 -0.005979 0.189691
v 0.070691 -0.005979 0.189707
v 0.072332 -0.005979 -0.003793
v 0.074154 -0.013516 0.189753
v 0.075371 -0.013516 0.189769
v 0.077316 -0.013516 -0.003728
v 0.068227 -0.012274 0.189674
v 0.069444 -0.012274 0.189690
v 0.071693 -0.012274 -0.003802
v 0.024922 -0.005907 0.189103
v 0.023706 -0.005907 0.189087
v 0.027476 -0.005907 -0.004385
v 0.026259 -0.005907 -0.004401
v 0.050454 -0.005899 0.189440
v 0.051671 -0.005899 0.189456
v 0.054021 -0.005899 -0.004035
v 0.004685 -0.005830 0.188836
v 0.005901 -0.005830 0.188852
v 0.007238 -0.005830 -0.004652
v 0.008455 -0.005830 -0.004636
v 0.013593 -0.010180 0.188953
v 0.014810 -0.010180 0.188969
v 0.016147 -0.010180 -0.004535
v 0.017363 -0.010180 -0.004519
v 0.057584 -0.006271 0.189534
v 0.058801 -0.006271 0.189550
v 0.060138 -0.006271 -0.003954
v 0.061354 -0.006271 -0.003938
v 0.011816 -0.006584 0.188930
v 0.013032 -0.006584 0.188946
v 0.014369 -0.006584 -0.004558
v 0.015586 -0.006584 -0.004542
v 0.026079 -0.006935 0.189118
v 0.027296 -0.006935 0.189134
v 0.028633 -0.006935 -0.004370
v 0.029849 -0.006935 -0.004354
v 0.034371 -0.013393 0.189228
v 0.035587 -0.013393 0.189244
v 0.037127 -0.013392 -0.004258
v 0.024871 -0.013135 0.189102
v 0.026088 -0.013135 0.189118
v 0.027424 -0.013135 -0.004386
v 0.028641 -0.013135 -0.004370
v 0.055378 -0.006934 -0.004017
v 0.053737 -0.006934 0.189483
v 0.056595 -0.006934 -0.004001
v 0.056347 -0.012542 0.189518
v 0.057564 -0.012542 0.189534
v 0.058900 -0.012542 -0.003971
v 0.060117 -0.012542 -0.003955
v 0.027251 -0.011842 0.189134
v 0.028468 -0.011842 0.189150
v 0.030109 -0.011842 -0.004351
v 0.066460 -0.010703 0.189651
v 0.067676 -0.010703 0.189667
v 0.069013 -0.010703 -0.003837
v 0.070230 -0.010703 -0.003821
v 0.007654 -0.007621 0.188875
v 0.008871 -0.007621 0.188891
v 0.010410 -0.007621 -0.004610
v 0.068841 -0.010176 0.189683
v 0.070057 -0.010176 0.189699
v 0.072002 -0.010176 -0.003798
v 0.004696 -0.009935 0.188836
v 0.006641 -0.009935 -0.004660
v 0.007858 -0.009935 -0.004644
v 0.061702 -0.013063 0.189588
v 0.063647 -0.013063 -0.003908
v 0.064864 -0.013063 -0.003892
v 0.002900 -0.007887 0.188812
v 0.004117 -0.007887 0.188828
v 0.006062 -0.007886 -0.004668
v 0.070593 -0.013322 0.189706
v 0.071810 -0.013322 0.189722
v 0.073146 -0.013322 -0.003783
v 0.074363 -0.013322 -0.003767
v 0.054589 -0.009410 0.189494
v 0.055806 -0.009410 0.189510
v 0.057143 -0.009410 -0.003994
v 0.058359 -0.009410 -0.003978
v 0.018931 -0.013653 0.189024
v 0.020148 -0.013653 0.189040
v 0.021485 -0.013653 -0.004464
v 0.022701 -0.013653 -0.004448
v 0.013016 -0.008125 0.188946
v 0.014961 -0.008125 -0.004550
v 0.016178 -0.008125 -0.004534
v 0.063480 -0.011754 0.189612
v 0.064697 -0.011754 0.189628
v 0.066338 -0.011754 -0.003872
v 0.064651 -0.013845 0.189627
v 0.065867 -0.013845 0.189643
v 0.067204 -0.013845 -0.003861
v 0.068421 -0.013845 -0.003845
v 0.047452 -0.010593 0.189400
v 0.048669 -0.010593 0.189416
v 0.050005 -0.010593 -0.004088
v 0.051222 -0.010593 -0.004072
v 0.042698 -0.010858 0.189338
v 0.043915 -0.010858 0.189354
v 0.045860 -0.010858 -0.004143
v 0.021326 -0.006430 0.189055
v 0.022543 -0.006430 0.189072
v 0.024184 -0.006430 -0.004429
v 0.045651 -0.013716 0.189376
v 0.046867 -0.013716 0.189393
v 0.049218 -0.013716 -0.004098
v 0.058167 -0.007836 0.189542
v 0.059383 -0.007836 0.189558
v 0.060720 -0.007836 -0.003947
v 0.061937 -0.007836 -0.003931
v 0.020122 -0.012620 0.189040
v 0.021339 -0.012620 0.189056
v 0.023284 -0.012620 -0.004441
v 0.042092 -0.012937 0.189330
v 0.043309 -0.012937 0.189346
v 0.045254 -0.012937 -0.004151
v 0.010620 -0.012752 0.188914
v 0.011837 -0.012752 0.188930
v 0.013478 -0.012752 -0.004570
v 0.055786 -0.008363 0.189510
v 0.057002 -0.008363 0.189526
v 0.058947 -0.008363 -0.003970
v 0.059965 -0.005743 0.189565
v 0.061182 -0.005743 0.189581
v 0.062519 -0.005743 -0.003923
v 0.063736 -0.005743 -0.003907
v 0.002306 -0.006350 0.188804
v 0.003523 -0.006350 0.188821
v 0.004860 -0.006350 -0.004684
v 0.006076 -0.006350 -0.004668
v 0.033215 -0.006140 0.189212
v 0.034432 -0.006140 0.189228
v 0.036782 -0.006140 -0.004262
v 0.017749 -0.011590 0.189008
v 0.018966 -0.011590 0.189024
v 0.020302 -0.011590 -0.004480
v 0.021519 -0.011590 -0.004464
v 0.049832 -0.010069 0.189432
v 0.051048 -0.010069 0.189448
v 0.053297 -0.010069 -0.004045
v 0.039723 -0.011899 0.189298
v 0.040939 -0.011899 0.189314
v 0.043290 -0.011899 -0.004177
v 0.071842 -0.007022 0.189722
v 0.073058 -0.007022 0.189738
v 0.075003 -0.007022 -0.003758
v 0.043317 -0.006698 0.189346
v 0.044533 -0.006698 0.189362
v 0.046073 -0.006698 -0.004140
v 0.065291 -0.008608 0.189636
v 0.066507 -0.008608 0.189652
v 0.067844 -0.008608 -0.003853
v 0.069061 -0.008608 -0.003836
v 0.001132 -0.008403 0.188789
v 0.003077 -0.008403 -0.004707
v 0.004294 -0.008403 -0.004691
v 0.046845 -0.012676 0.189392
v 0.048061 -0.012676 0.189408
v 0.049702 -0.012676 -0.004092
v 0.014194 -0.006062 0.188961
v 0.015411 -0.006062 0.188977
v 0.016748 -0.006062 -0.004527
v 0.017965 -0.006062 -0.004511
v 0.017178 -0.007087 0.189001
v 0.019123 -0.007087 -0.004495
v 0.020339 -0.007087 -0.004479
v 0.070039 -0.009125 0.189698
v 0.071256 -0.009125 0.189714
v 0.073201 -0.009125 -0.003782
v 0.064093 -0.009658 0.189620
v 0.065310 -0.009658 0.189636
v 0.066646 -0.009658 -0.003868
v 0.067863 -0.009658 -0.003852
v 0.030225 -0.010805 0.189173
v 0.031441 -0.010805 0.189189
v 0.033386 -0.010805 -0.004307
v 0.005277 -0.008908 0.188844
v 0.006493 -0.008908 0.188860
v 0.007830 -0.008908 -0.004645
v 0.009047 -0.008908 -0.004628
v 0.064258 -0.010970 -0.003900
v 0.062618 -0.010970 0.189600
v 0.065475 -0.010970 -0.003884
v 0.059642 -0.009926 0.189561
v 0.061891 -0.009926 -0.003931
v 0.063108 -0.009926 -0.003915
v 0.003493 -0.011987 0.188820
v 0.004710 -0.011987 0.188836
v 0.006047 -0.011987 -0.004668
v 0.007264 -0.011987 -0.004652
v 0.038564 -0.006191 0.189283
v 0.039781 -0.006191 0.189299
v 0.041422 -0.006191 -0.004201
v 0.001117 -0.012502 0.188789
v 0.002334 -0.012502 0.188805
v 0.004583 -0.012502 -0.004687
v 0.048073 -0.006426 0.189408
v 0.049290 -0.006426 0.189425
v 0.051539 -0.006426 -0.004068
v 0.015370 -0.013266 0.188977
v 0.016586 -0.013266 0.188993
v 0.017923 -0.013266 -0.004511
v 0.019140 -0.013266 -0.004495
v 0.035588 -0.007171 0.189244
v 0.036804 -0.007171 0.189260
v 0.038344 -0.007171 -0.004242
v 0.041522 -0.008780 0.189322
v 0.042739 -0.008780 0.189338
v 0.044075 -0.008780 -0.004166
v 0.045292 -0.008780 -0.004150
v 0.008854 -0.011726 0.188891
v 0.010799 -0.011726 -0.004605
v 0.012016 -0.011726 -0.004589
v 0.043907 -0.007476 0.189353
v 0.045123 -0.007476 0.189370
v 0.046460 -0.007476 -0.004135
v 0.047677 -0.007476 -0.004119
v 0.046277 -0.008512 0.189385
v 0.047494 -0.008512 0.189401
v 0.048831 -0.008512 -0.004103
v 0.050047 -0.008512 -0.004087
v 0.072987 -0.011417 0.189737
v 0.074204 -0.011417 0.189753
v 0.075540 -0.011417 -0.003751
v 0.076757 -0.011417 -0.003735
v 0.048658 -0.007986 0.189416
v 0.049874 -0.007986 0.189432
v 0.052123 -0.007986 -0.004060
v 0.020900 -0.009530 -0.004472
v 0.019361 -0.009530 0.189030
v 0.022117 -0.009530 -0.004456
v 0.057566 -0.010452 0.189534
v 0.059511 -0.010452 -0.003963
v 0.060727 -0.010452 -0.003946
v 0.031423 -0.008216 0.189189
v 0.032640 -0.008216 0.189205
v 0.033976 -0.008216 -0.004300
v 0.035193 -0.008216 -0.004283
v 0.014783 -0.009150 0.188969
v 0.016000 -0.009150 0.188985
v 0.017539 -0.009150 -0.004516
v 0.024290 -0.009005 0.189095
v 0.025506 -0.009005 0.189111
v 0.026843 -0.009005 -0.004394
v 0.028060 -0.009005 -0.004378
v 0.032603 -0.010285 0.189204
v 0.033819 -0.010285 0.189220
v 0.036170 -0.010285 -0.004271
v 0.065847 -0.012800 0.189643
v 0.067063 -0.012800 0.189659
v 0.068400 -0.012800 -0.003845
v 0.069617 -0.012800 -0.003829
v 0.026671 -0.007709 0.189126
v 0.027887 -0.007709 0.189142
v 0.029224 -0.007709 -0.004362
v 0.030441 -0.007709 -0.004346
v 0.032000 -0.012357 0.189196
v 0.033217 -0.012357 0.189212
v 0.034553 -0.012357 -0.004292
v 0.035770 -0.012357 -0.004276
v 0.023099 -0.010039 0.189079
v 0.024315 -0.010039 0.189095
v 0.025855 -0.010039 -0.004407
v 0.027852 -0.009774 0.189142
v 0.029069 -0.009774 0.189158
v 0.031014 -0.009774 -0.004339
v 0.062923 -0.007564 0.189604
v 0.064140 -0.007564 0.189620
v 0.065476 -0.007564 -0.003884
v 0.066693 -0.007564 -0.003868
v 0.036771 -0.008270 0.189259
v 0.037988 -0.008270 0.189275
v 0.040338 -0.008270 -0.004216
v 0.006464 -0.010958 0.188859
v 0.007681 -0.010958 0.188875
v 0.010031 -0.010958 -0.004616
v 0.054754 -0.011110 -0.004025
v 0.053214 -0.011110 0.189476
v 0.055970 -0.011110 -0.004009
v 0.015968 -0.011206 0.188985
v 0.017184 -0.011206 0.189001
v 0.018521 -0.011206 -0.004503
v 0.019738 -0.011206 -0.004487
v 0.022499 -0.012103 0.189071
v 0.023716 -0.012103 0.189087
v 0.025052 -0.012103 -0.004417
v 0.026269 -0.012103 -0.004401
v 0.053416 -0.007324 0.189479
v 0.054633 -0.007324 0.189495
v 0.056578 -0.007324 -0.004001
v 0.055152 -0.013585 0.189502
v 0.056369 -0.013585 0.189518
v 0.058314 -0.013585 -0.003978
v 0.017163 -0.007472 0.189001
v 0.018379 -0.007472 0.189017
v 0.019716 -0.007472 -0.004488
v 0.020933 -0.007472 -0.004472
v 0.045082 -0.009555 0.189369
v 0.046299 -0.009555 0.189385
v 0.048548 -0.009555 -0.004107
v 0.044475 -0.011637 0.189361
v 0.045692 -0.011637 0.189377
v 0.047029 -0.011637 -0.004127
v 0.048245 -0.011637 -0.004111
v 0.020721 -0.010557 0.189048
v 0.021938 -0.010557 0.189064
v 0.023883 -0.010557 -0.004433
v 0.058727 -0.012019 0.189549
v 0.059943 -0.012019 0.189565
v 0.061280 -0.012019 -0.003939
v 0.062497 -0.012019 -0.003923
v 0.062335 -0.006781 0.189597
v 0.063552 -0.006781 0.189613
v 0.064889 -0.006781 -0.003892
v 0.066105 -0.006781 -0.003876
v 0.028431 -0.013911 0.189149
v 0.029647 -0.013911 0.189165
v 0.031288 -0.013911 -0.004335
v 0.071207 -0.011222 0.189714
v 0.072424 -0.011222 0.189730
v 0.073760 -0.011222 -0.003774
v 0.074977 -0.011222 -0.003758
v 0.034974 -0.011319 0.189236
v 0.036191 -0.011319 0.189252
v 0.037528 -0.011319 -0.004253
v 0.038744 -0.011319 -0.004237
v 0.011216 -0.010696 0.188922
v 0.012433 -0.010696 0.188938
v 0.013770 -0.010696 -0.004566
v 0.014986 -0.010696 -0.004550
v 0.068281 -0.008079 0.189675
v 0.070226 -0.008079 -0.003821
v 0.071442 -0.008079 -0.003805
v 0.029044 -0.008738 0.189157
v 0.030261 -0.008738 0.189173
v 0.031597 -0.008738 -0.004331
v 0.032814 -0.008738 -0.004315
v 0.040328 -0.009821 0.189306
v 0.041545 -0.009821 0.189322
v 0.043084 -0.009821 -0.004179
v 0.005869 -0.013011 0.188852
v 0.007085 -0.013011 0.188868
v 0.008625 -0.013011 -0.004634
v 0.025472 -0.011068 0.189110
v 0.026688 -0.011068 0.189126
v 0.028633 -0.011068 -0.004370
v 0.021916 -0.007978 0.189063
v 0.023132 -0.007978 0.189079
v 0.024672 -0.007978 -0.004422
v 0.037344 -0.012419 0.189267
v 0.038561 -0.012419 0.189283
v 0.040810 -0.012419 -0.004209
v 0.033795 -0.009248 0.189220
v 0.035012 -0.009248 0.189236
v 0.036349 -0.009248 -0.004268
v 0.037565 -0.009248 -0.004252
v 0.008841 -0.009672 0.188891
v 0.010058 -0.009672 0.188907
v 0.012003 -0.009672 -0.004589
v 0.067701 -0.006508 0.189667
v 0.069646 -0.006508 -0.003829
v 0.070862 -0.006508 -0.003813
v 0.073042 -0.007218 0.189738
v 0.074987 -0.007218 -0.003758
v 0.076204 -0.007218 -0.003742
v 0.040899 -0.013976 0.189314
v 0.042116 -0.013976 0.189330
v 0.043757 -0.013976 -0.004170
v 0.029623 -0.012875 0.189165
v 0.030839 -0.012875 0.189181
v 0.032176 -0.012875 -0.004323
v 0.033393 -0.012875 -0.004307
v 0.060535 -0.008878 0.189573
v 0.061752 -0.008878 0.189589
v 0.063697 -0.008878 -0.003907
v 0.037949 -0.010344 0.189275
v 0.039166 -0.010344 0.189291
v 0.040502 -0.010344 -0.004213
v 0.041719 -0.010344 -0.004197
v 0.001712 -0.010451 0.188797
v 0.002928 -0.010451 0.188813
v 0.004569 -0.010451 -0.004688
v 0.049223 -0.012154 0.189424
v 0.050440 -0.012154 0.189440
v 0.052689 -0.012154 -0.004053
v 0.020146 -0.008498 0.189040
v 0.022091 -0.008498 -0.004456
v 0.023308 -0.008498 -0.004440
v 0.012996 -0.012237 0.188946
v 0.014213 -0.012237 0.188962
v 0.015753 -0.012237 -0.004540
v 0.030835 -0.006665 0.189181
v 0.032052 -0.006665 0.189197
v 0.033389 -0.006665 -0.004307
v 0.034605 -0.006665 -0.004291
v 0.073602 -0.009316 0.189745
v 0.074818 -0.009316 0.189761
v 0.076763 -0.009316 -0.003735
v 0.010039 -0.013782 0.188907
v 0.011984 -0.013782 -0.004590
v 0.013200 -0.013782 -0.004574
v 0.053979 -0.011500 0.189486
v 0.055196 -0.011500 0.189502
v 0.056837 -0.011500 -0.003998
v 0.010030 -0.008644 0.188906
v 0.011247 -0.008644 0.188922
v 0.012583 -0.008644 -0.004582
v 0.013800 -0.008644 -0.004566
v 0.039353 -0.007746 0.189293
v 0.042921 -0.007746 -0.004181
v 0.041704 -0.007746 -0.004198
v 0.051027 -0.009024 0.189447
v 0.052244 -0.009024 0.189463
v 0.054493 -0.009024 -0.004029
v 0.007060 -0.006852 0.188867
v 0.008277 -0.006852 0.188883
v 0.009614 -0.006852 -0.004621
v 0.010831 -0.006852 -0.004605
v 0.051592 -0.013195 0.189455
v 0.052808 -0.013195 0.189471
v 0.054145 -0.013195 -0.004033
v 0.055362 -0.013195 -0.004017
v 0.069474 -0.005979 0.189691
v 0.070691 -0.005979 0.189707
v 0.072332 -0.005979 -0.003793
v 0.074154 -0.013516 0.189753
v 0.075371 -0.013516 0.189769
v 0.077316 -0.013516 -0.003728
v 0.068227 -0.012274 0.189674
v 0.069444 -0.012274 0.189690
v 0.071693 -0.012274 -0.003802
v 0.075661 -0.004692 0.189773
v 0.077201 -0.004692 -0.003729
v 0.078418 -0.004692 -0.003713
v 0.075936 -0.003669 0.189776
v 0.074720 -0.003669 0.189760
v 0.078490 -0.003669 -0.003712
v 0.077273 -0.003669 -0.003728
v 0.075125 -0.005419 0.189765
v 0.078286 -0.005419 -0.003715
v 0.077070 -0.005419 -0.003731
v 0.079353 -0.005068 0.189821
v 0.081299 -0.005068 -0.003675
v 0.082515 -0.005068 -0.003659
v 0.076311 -0.003397 0.189781
v 0.075094 -0.003397 0.189765
v 0.078560 -0.003397 -0.003711
v -0.075377 -0.006423 0.187779
v -0.074160 -0.006423 0.187795
v -0.072823 -0.006423 -0.005709
v -0.071606 -0.006423 -0.005693
v -0.076901 -0.006813 0.187759
v -0.075684 -0.006813 0.187775
v -0.074347 -0.006813 -0.005729
v -0.073131 -0.006813 -0.005713
v -0.078422 -0.006188 0.187739
v -0.077205 -0.006188 0.187755
v -0.075260 -0.006188 -0.005741
v -0.079438 -0.006448 0.187726
v -0.078222 -0.006448 0.187742
v -0.076277 -0.006448 -0.005754
v -0.079765 -0.006871 0.187721
v -0.078549 -0.006871 0.187737
v -0.077212 -0.006871 -0.005767
v -0.075995 -0.006871 -0.005751
v -0.076058 -0.007048 0.187770
v -0.074841 -0.007048 0.187786
v -0.073504 -0.007048 -0.005718
v -0.072288 -0.007048 -0.005702
v -0.079171 -0.007762 0.187729
v -0.077954 -0.007762 0.187745
v -0.076617 -0.007762 -0.005759
v -0.075401 -0.007762 -0.005743
v -0.074957 -0.008889 0.187785
v -0.073741 -0.008889 0.187801
v -0.072404 -0.008889 -0.005703
v -0.071187 -0.008889 -0.005687
v -0.074920 -0.007475 0.187785
v -0.073704 -0.007475 0.187801
v -0.072367 -0.007475 -0.005703
v -0.071150 -0.007475 -0.005687
v -0.074697 -0.009415 0.187788
v -0.073481 -0.009415 0.187804
v -0.072144 -0.009415 -0.005700
v -0.070927 -0.009415 -0.005684
v -0.073298 -0.009839 0.187807
v -0.074515 -0.009839 0.187791
v -0.070745 -0.009839 -0.005681
v -0.071962 -0.009839 -0.005697
v -0.075554 -0.006525 0.187777
v -0.074337 -0.006525 0.187793
v -0.073000 -0.006524 -0.005711
v -0.071784 -0.006524 -0.005695
v -0.074409 -0.007739 0.187792
v -0.073192 -0.007739 0.187808
v -0.071247 -0.007739 -0.005688
v -0.069141 -0.002982 0.187862
v -0.070358 -0.002982 0.187846
v -0.066588 -0.002982 -0.005627
v -0.067804 -0.002982 -0.005643
v -0.053076 -0.004340 0.188074
v -0.054293 -0.004340 0.188058
v -0.051131 -0.004340 -0.005423
v -0.017408 -0.002874 0.188544
v -0.018625 -0.002874 0.188528
v -0.015159 -0.002874 -0.004948
v -0.010864 -0.004900 0.188631
v -0.012081 -0.004900 0.188615
v -0.008311 -0.004900 -0.004858
v -0.009528 -0.004900 -0.004874
v -0.062001 -0.003522 0.187956
v -0.063218 -0.003522 0.187940
v -0.060056 -0.003522 -0.005540
v -0.063196 -0.002804 0.187940
v -0.064413 -0.002804 0.187924
v -0.060643 -0.002804 -0.005548
v -0.061859 -0.002804 -0.005564
v -0.045944 -0.003942 0.188168
v -0.047161 -0.003942 0.188152
v -0.043999 -0.003942 -0.005329
v -0.041188 -0.003856 0.188230
v -0.042405 -0.003856 0.188214
v -0.038635 -0.003856 -0.005258
v -0.039852 -0.003856 -0.005274
v -0.020997 -0.005489 0.188497
v -0.019780 -0.005489 0.188513
v -0.018443 -0.005488 -0.004991
v -0.017227 -0.005488 -0.004975
v -0.044167 -0.002850 0.188191
v -0.045384 -0.002850 0.188175
v -0.042222 -0.002850 -0.005305
v -0.057856 -0.004874 0.188011
v -0.056639 -0.004874 0.188027
v -0.055302 -0.004874 -0.005478
v -0.054086 -0.004874 -0.005462
v -0.019205 -0.003247 0.188521
v -0.016043 -0.003247 -0.004960
v -0.017260 -0.003247 -0.004976
v -0.040598 -0.003125 0.188238
v -0.041815 -0.003125 0.188222
v -0.038045 -0.003125 -0.005250
v -0.039261 -0.003125 -0.005266
v -0.009082 -0.003203 0.188654
v -0.010299 -0.003203 0.188638
v -0.006529 -0.003203 -0.004834
v -0.007746 -0.003203 -0.004850
v -0.055479 -0.004699 0.188042
v -0.054262 -0.004699 0.188058
v -0.052926 -0.004699 -0.005446
v -0.051709 -0.004699 -0.005430
v -0.059634 -0.005592 0.187987
v -0.058417 -0.005592 0.188003
v -0.057080 -0.005592 -0.005501
v -0.055864 -0.005592 -0.005485
v -0.001974 -0.005583 0.188748
v -0.000758 -0.005583 0.188764
v 0.000579 -0.005583 -0.004740
v 0.001796 -0.005583 -0.004724
v -0.032885 -0.005550 0.188340
v -0.031668 -0.005550 0.188356
v -0.030332 -0.005550 -0.005148
v -0.029115 -0.005550 -0.005132
v -0.016217 -0.003622 0.188560
v -0.017434 -0.003622 0.188544
v -0.013664 -0.003622 -0.004928
v -0.014880 -0.003622 -0.004944
v -0.048321 -0.004121 0.188136
v -0.049538 -0.004121 0.188120
v -0.045768 -0.004121 -0.005352
v -0.046985 -0.004121 -0.005368
v -0.038218 -0.003492 0.188270
v -0.039434 -0.003492 0.188254
v -0.035664 -0.003492 -0.005218
v -0.036881 -0.003492 -0.005235
v -0.070310 -0.005114 0.187846
v -0.071526 -0.005114 0.187830
v -0.067756 -0.005114 -0.005642
v -0.068973 -0.005114 -0.005658
v -0.042991 -0.005317 0.188207
v -0.041775 -0.005317 0.188223
v -0.040438 -0.005317 -0.005281
v -0.039221 -0.005317 -0.005265
v -0.063775 -0.004592 0.187932
v -0.064992 -0.004592 0.187916
v -0.061222 -0.004592 -0.005556
v -0.062438 -0.004592 -0.005572
v 0.000874 -0.004826 0.188786
v 0.002514 -0.004826 -0.004715
v -0.045354 -0.003215 0.188176
v -0.046571 -0.003215 0.188159
v -0.042801 -0.003215 -0.005313
v -0.044018 -0.003215 -0.005329
v -0.013255 -0.005647 0.188599
v -0.011310 -0.005647 -0.004897
v -0.010093 -0.005647 -0.004881
v -0.016242 -0.005267 0.188560
v -0.015025 -0.005267 0.188576
v -0.013384 -0.005267 -0.004924
v -0.068533 -0.004406 0.187870
v -0.069750 -0.004406 0.187854
v -0.065980 -0.004406 -0.005619
v -0.067196 -0.004406 -0.005635
v -0.062589 -0.004237 0.187948
v -0.063806 -0.004237 0.187932
v -0.060036 -0.004237 -0.005540
v -0.061253 -0.004237 -0.005556
v -0.028702 -0.003891 0.188395
v -0.029919 -0.003891 0.188379
v -0.026149 -0.003891 -0.005093
v -0.027366 -0.003891 -0.005109
v -0.003731 -0.004629 0.188725
v -0.004947 -0.004629 0.188709
v -0.001481 -0.004629 -0.004767
v -0.060215 -0.003793 0.187979
v -0.061432 -0.003793 0.187963
v -0.057662 -0.003792 -0.005509
v -0.058878 -0.003792 -0.005525
v -0.057834 -0.004154 0.188011
v -0.059050 -0.004154 0.187995
v -0.055280 -0.004154 -0.005477
v -0.056497 -0.004154 -0.005493
v -0.001947 -0.003492 0.188748
v -0.003164 -0.003492 0.188732
v 0.000606 -0.003492 -0.004740
v -0.000610 -0.003492 -0.004756
v -0.038235 -0.005512 0.188269
v -0.037018 -0.005512 0.188286
v -0.035682 -0.005512 -0.005219
v -0.034465 -0.005512 -0.005203
v 0.000431 -0.003304 0.188780
v -0.000786 -0.003304 0.188764
v 0.002680 -0.003304 -0.004712
v -0.047746 -0.005396 0.188144
v -0.046530 -0.005396 0.188160
v -0.045193 -0.005396 -0.005344
v -0.043976 -0.005396 -0.005328
v -0.013840 -0.003014 0.188591
v -0.015057 -0.003014 0.188575
v -0.011286 -0.003014 -0.004897
v -0.012503 -0.003014 -0.004913
v -0.035264 -0.005175 0.188309
v -0.034048 -0.005175 0.188325
v -0.032711 -0.005175 -0.005180
v -0.031494 -0.005175 -0.005164
v -0.039995 -0.004589 0.188246
v -0.041212 -0.004589 0.188230
v -0.037442 -0.004589 -0.005242
v -0.038659 -0.004589 -0.005258
v -0.004150 -0.003583 -0.004803
v -0.007616 -0.003583 0.188674
v -0.005367 -0.003583 -0.004819
v -0.042371 -0.005041 0.188215
v -0.043587 -0.005041 0.188199
v -0.039817 -0.005041 -0.005273
v -0.041034 -0.005041 -0.005289
v -0.044751 -0.004671 0.188184
v -0.045967 -0.004671 0.188167
v -0.042197 -0.004671 -0.005305
v -0.043414 -0.004671 -0.005321
v -0.071513 -0.003625 0.187830
v -0.072730 -0.003625 0.187814
v -0.068960 -0.003625 -0.005658
v -0.070176 -0.003625 -0.005674
v -0.047128 -0.004849 0.188152
v -0.048344 -0.004849 0.188136
v -0.044574 -0.004849 -0.005336
v -0.045791 -0.004849 -0.005352
v -0.016810 -0.004372 0.188552
v -0.018027 -0.004372 0.188536
v -0.014257 -0.004372 -0.004936
v -0.015474 -0.004372 -0.004952
v -0.055457 -0.003977 0.188042
v -0.056674 -0.003977 0.188026
v -0.052904 -0.003977 -0.005446
v -0.054120 -0.003977 -0.005462
v -0.029888 -0.004815 0.188380
v -0.031105 -0.004815 0.188364
v -0.027335 -0.004815 -0.005109
v -0.028551 -0.004815 -0.005125
v -0.013243 -0.004519 0.188599
v -0.014460 -0.004519 0.188583
v -0.011298 -0.004519 -0.004897
v -0.022755 -0.004550 0.188474
v -0.023972 -0.004550 0.188458
v -0.020202 -0.004550 -0.005014
v -0.021418 -0.004550 -0.005031
v -0.031080 -0.004074 0.188364
v -0.032297 -0.004074 0.188348
v -0.028527 -0.004074 -0.005124
v -0.029743 -0.004074 -0.005140
v -0.064383 -0.003163 0.187924
v -0.065599 -0.003163 0.187908
v -0.061829 -0.003163 -0.005564
v -0.063046 -0.003163 -0.005580
v -0.026348 -0.005011 0.188426
v -0.025132 -0.005011 0.188442
v -0.023795 -0.005011 -0.005062
v -0.022578 -0.005011 -0.005046
v -0.030488 -0.003335 0.188372
v -0.031705 -0.003335 0.188356
v -0.028949 -0.003335 -0.005130
v -0.021567 -0.004179 0.188489
v -0.022784 -0.004179 0.188473
v -0.019014 -0.004178 -0.004999
v -0.020230 -0.004178 -0.005015
v -0.026323 -0.004265 0.188427
v -0.027540 -0.004265 0.188411
v -0.023770 -0.004265 -0.005062
v -0.024986 -0.004265 -0.005078
v -0.062611 -0.004954 0.187948
v -0.061394 -0.004954 0.187964
v -0.060057 -0.004954 -0.005540
v -0.058841 -0.004954 -0.005524
v -0.035238 -0.004782 0.188309
v -0.036455 -0.004782 0.188293
v -0.032888 -0.004782 -0.005182
v -0.004920 -0.003869 0.188709
v -0.006137 -0.003869 0.188693
v -0.002367 -0.003869 -0.004779
v -0.003583 -0.003869 -0.004795
v -0.050702 -0.003757 0.188105
v -0.051919 -0.003757 0.188089
v -0.048149 -0.003757 -0.005383
v -0.049366 -0.003757 -0.005399
v -0.014433 -0.003765 0.188584
v -0.015650 -0.003765 0.188568
v -0.012792 -0.003765 -0.004917
v -0.020974 -0.003432 0.188497
v -0.022191 -0.003432 0.188481
v -0.019435 -0.003432 -0.005004
v -0.053098 -0.005065 0.188073
v -0.051882 -0.005065 0.188089
v -0.050545 -0.005065 -0.005415
v -0.049328 -0.005065 -0.005399
v -0.053681 -0.002895 0.188066
v -0.054898 -0.002895 0.188050
v -0.051128 -0.002895 -0.005423
v -0.052345 -0.002895 -0.005439
v -0.016228 -0.005125 0.188560
v -0.014283 -0.005125 -0.004936
v -0.013066 -0.005125 -0.004920
v -0.043564 -0.004309 0.188199
v -0.044781 -0.004309 0.188183
v -0.041619 -0.004309 -0.005297
v -0.042974 -0.003581 0.188207
v -0.044190 -0.003581 0.188191
v -0.041029 -0.003581 -0.005289
v -0.019797 -0.003994 0.188513
v -0.016636 -0.003994 -0.004967
v -0.017852 -0.003994 -0.004983
v -0.055903 -0.012232 0.188036
v -0.053958 -0.012232 -0.005460
v -0.052741 -0.012232 -0.005444
v -0.010114 -0.012649 0.188641
v -0.008897 -0.012649 0.188657
v -0.007561 -0.012649 -0.004848
v -0.006344 -0.012649 -0.004832
v -0.072148 -0.008792 0.187822
v -0.073365 -0.008792 0.187806
v -0.069595 -0.008792 -0.005666
v -0.070812 -0.008792 -0.005682
v -0.049543 -0.013634 0.188120
v -0.048326 -0.013634 0.188136
v -0.046989 -0.013634 -0.005368
v -0.045773 -0.013634 -0.005352
v -0.050150 -0.009565 0.188112
v -0.048934 -0.009565 0.188128
v -0.047597 -0.009565 -0.005376
v -0.046380 -0.009565 -0.005360
v -0.044365 -0.006910 0.188189
v -0.043148 -0.006910 0.188205
v -0.041811 -0.006910 -0.005300
v -0.040595 -0.006910 -0.005284
v -0.021711 -0.013239 0.188488
v -0.020494 -0.013239 0.188504
v -0.019157 -0.013239 -0.005001
v -0.017941 -0.013239 -0.004985
v -0.026945 -0.008938 0.188418
v -0.025728 -0.008938 0.188435
v -0.023783 -0.008938 -0.005062
v -0.036803 -0.010182 0.188288
v -0.035586 -0.010182 0.188304
v -0.033641 -0.010182 -0.005192
v -0.065265 -0.006257 0.187913
v -0.064048 -0.006257 0.187929
v -0.062711 -0.006257 -0.005575
v -0.061495 -0.006257 -0.005559
v -0.047837 -0.008501 0.188143
v -0.046620 -0.008501 0.188159
v -0.045283 -0.008501 -0.005345
v -0.044067 -0.008501 -0.005329
v -0.019984 -0.008158 0.188510
v -0.018767 -0.008158 0.188526
v -0.017430 -0.008158 -0.004978
v -0.016213 -0.008158 -0.004962
v -0.060011 -0.009819 0.187982
v -0.058795 -0.009819 0.187998
v -0.056850 -0.009819 -0.005498
v -0.031585 -0.009460 0.188357
v -0.030368 -0.009460 0.188373
v -0.029031 -0.009460 -0.005131
v -0.027815 -0.009460 -0.005115
v -0.035079 -0.006668 0.188311
v -0.033862 -0.006668 0.188327
v -0.032526 -0.006668 -0.005177
v -0.031309 -0.006668 -0.005161
v -0.007793 -0.013176 0.188671
v -0.006577 -0.013176 0.188687
v -0.005240 -0.013176 -0.004817
v -0.004023 -0.013176 -0.004801
v -0.014171 -0.013769 0.188587
v -0.012954 -0.013769 0.188603
v -0.011009 -0.013769 -0.004893
v -0.073931 -0.010203 0.187798
v -0.072715 -0.010203 0.187814
v -0.070770 -0.010203 -0.005682
v -0.063472 -0.008941 0.187936
v -0.061527 -0.008941 -0.005560
v -0.060310 -0.008941 -0.005544
v -0.028673 -0.012443 0.188396
v -0.027456 -0.012443 0.188412
v -0.026119 -0.012443 -0.005093
v -0.024903 -0.012443 -0.005076
v -0.041445 -0.009911 0.188227
v -0.040229 -0.009911 0.188243
v -0.038892 -0.009911 -0.005261
v -0.037675 -0.009911 -0.005245
v -0.042049 -0.005852 0.188219
v -0.040832 -0.005852 0.188235
v -0.039495 -0.005852 -0.005269
v -0.038279 -0.005852 -0.005253
v -0.057071 -0.011161 0.188021
v -0.055126 -0.011161 -0.005475
v -0.053910 -0.011161 -0.005459
v -0.024627 -0.007885 0.188449
v -0.023410 -0.007885 0.188465
v -0.022074 -0.007885 -0.005039
v -0.020857 -0.007885 -0.005023
v -0.058293 -0.007077 0.188005
v -0.057076 -0.007077 0.188021
v -0.055740 -0.007077 -0.005483
v -0.054523 -0.007077 -0.005467
v -0.008377 -0.009167 0.188664
v -0.007160 -0.009167 0.188680
v -0.005823 -0.009167 -0.004825
v -0.004607 -0.009167 -0.004809
v -0.032725 -0.013901 0.188342
v -0.031509 -0.013901 0.188358
v -0.029260 -0.013901 -0.005134
v -0.071009 -0.006644 0.187837
v -0.072226 -0.006644 0.187821
v -0.068456 -0.006644 -0.005651
v -0.069672 -0.006644 -0.005667
v -0.051875 -0.011700 0.188089
v -0.050659 -0.011700 0.188106
v -0.049322 -0.011700 -0.005399
v -0.048105 -0.011700 -0.005383
v -0.025791 -0.006824 0.188434
v -0.024575 -0.006824 0.188450
v -0.023238 -0.006824 -0.005055
v -0.022021 -0.006824 -0.005038
v -0.015685 -0.010074 -0.004955
v -0.017326 -0.010074 0.188545
v -0.014469 -0.010074 -0.004939
v -0.029837 -0.011383 0.188380
v -0.028620 -0.011383 0.188396
v -0.027283 -0.011383 -0.005108
v -0.026067 -0.011383 -0.005092
v -0.009540 -0.006534 0.188648
v -0.008323 -0.006534 0.188664
v -0.006987 -0.006534 -0.004840
v -0.005770 -0.006534 -0.004824
v -0.066958 -0.011420 0.187890
v -0.065742 -0.011420 0.187906
v -0.064405 -0.011420 -0.005598
v -0.063188 -0.011420 -0.005582
v -0.002850 -0.013441 0.188736
v -0.000600 -0.013441 -0.004756
v 0.000616 -0.013441 -0.004740
v -0.069835 -0.013967 0.187852
v -0.068619 -0.013967 0.187869
v -0.066674 -0.013967 -0.005628
v -0.058823 -0.013300 0.187998
v -0.057606 -0.013300 0.188014
v -0.056269 -0.013300 -0.005490
v -0.055053 -0.013300 -0.005474
v -0.001414 -0.008390 0.188755
v -0.000198 -0.008390 0.188771
v 0.001747 -0.008390 -0.004725
v -0.001994 -0.011342 0.188748
v -0.000777 -0.011342 0.188764
v 0.000559 -0.011342 -0.004740
v 0.001776 -0.011342 -0.004724
v -0.000254 -0.006293 0.188771
v 0.000963 -0.006293 0.188787
v 0.002299 -0.006293 -0.004718
v 0.003516 -0.006293 -0.004701
v -0.039720 -0.007188 0.188250
v -0.038503 -0.007188 0.188266
v -0.037166 -0.007187 -0.005238
v -0.035950 -0.007187 -0.005222
v -0.005474 -0.012126 0.188702
v -0.004258 -0.012126 0.188718
v -0.002921 -0.012126 -0.004786
v -0.001704 -0.012126 -0.004770
v -0.006609 -0.007066 0.188687
v -0.004664 -0.007066 -0.004809
v -0.003448 -0.007066 -0.004793
v -0.010698 -0.008637 0.188633
v -0.009481 -0.008637 0.188649
v -0.008145 -0.008637 -0.004855
v -0.006928 -0.008637 -0.004839
v -0.068717 -0.009471 0.187867
v -0.067500 -0.009471 0.187883
v -0.066164 -0.009471 -0.005621
v -0.064947 -0.009471 -0.005605
v -0.066406 -0.008400 0.187898
v -0.065189 -0.008400 0.187914
v -0.063853 -0.008400 -0.005590
v -0.062636 -0.008400 -0.005574
v -0.011275 -0.011595 0.188625
v -0.010059 -0.011595 0.188641
v -0.008114 -0.011595 -0.004855
v -0.061153 -0.011961 0.187967
v -0.059936 -0.011961 0.187983
v -0.058600 -0.011961 -0.005521
v -0.057383 -0.011961 -0.005505
v -0.054799 -0.008689 0.188051
v -0.053582 -0.008689 0.188067
v -0.051637 -0.008689 -0.005429
v -0.044907 -0.013103 0.188181
v -0.043690 -0.013103 0.188197
v -0.042353 -0.013102 -0.005307
v -0.041137 -0.013102 -0.005291
v -0.015897 -0.006583 0.188564
v -0.013952 -0.006583 -0.004932
v -0.012735 -0.006583 -0.004916
v -0.040266 -0.013369 0.188243
v -0.039050 -0.013369 0.188259
v -0.037713 -0.013369 -0.005246
v -0.036496 -0.013369 -0.005229
v -0.037403 -0.006130 0.188280
v -0.036187 -0.006130 0.188297
v -0.034850 -0.006130 -0.005208
v -0.033633 -0.006130 -0.005192
v -0.065788 -0.012495 0.187906
v -0.064572 -0.012495 0.187922
v -0.063235 -0.012494 -0.005582
v -0.062018 -0.012494 -0.005566
v -0.018829 -0.006048 0.188526
v -0.017612 -0.006048 0.188542
v -0.016275 -0.006048 -0.004963
v -0.015059 -0.006048 -0.004947
v -0.068099 -0.013566 0.187875
v -0.066882 -0.013566 0.187891
v -0.065545 -0.013566 -0.005613
v -0.064329 -0.013566 -0.005597
v -0.033315 -0.011778 0.188334
v -0.032098 -0.011778 0.188350
v -0.030762 -0.011778 -0.005154
v -0.029545 -0.011778 -0.005138
v -0.069838 -0.007721 0.187852
v -0.071055 -0.007721 0.187836
v -0.067285 -0.007721 -0.005636
v -0.068501 -0.007721 -0.005652
v -0.020539 -0.007100 0.188503
v -0.018594 -0.007100 -0.004993
v -0.017377 -0.007100 -0.004977
v -0.054187 -0.012767 0.188059
v -0.052971 -0.012767 0.188075
v -0.051026 -0.012767 -0.005421
v -0.072745 -0.012893 0.187814
v -0.071528 -0.012893 0.187830
v -0.069583 -0.012893 -0.005666
v -0.043760 -0.010973 0.188197
v -0.042543 -0.010973 0.188213
v -0.041206 -0.010973 -0.005292
v -0.039990 -0.010973 -0.005276
v -0.046083 -0.010438 0.188166
v -0.044867 -0.010438 0.188182
v -0.043530 -0.010438 -0.005322
v -0.042313 -0.010438 -0.005306
v -0.006056 -0.008119 0.188694
v -0.004840 -0.008119 0.188710
v -0.003503 -0.008119 -0.004794
v -0.002286 -0.008119 -0.004778
v -0.071606 -0.010743 0.187829
v -0.070389 -0.010743 0.187845
v -0.069052 -0.010743 -0.005659
v -0.067835 -0.010743 -0.005643
v -0.019191 -0.012183 0.188521
v -0.015624 -0.012183 -0.004954
v -0.016841 -0.012183 -0.004970
v -0.061769 -0.007873 0.187959
v -0.060552 -0.007873 0.187975
v -0.059215 -0.007873 -0.005529
v -0.057999 -0.007873 -0.005513
v -0.064648 -0.010349 0.187921
v -0.063431 -0.010349 0.187937
v -0.062094 -0.010349 -0.005567
v -0.060878 -0.010349 -0.005551
v -0.062938 -0.006798 0.187943
v -0.061722 -0.006798 0.187960
v -0.060385 -0.006798 -0.005545
v -0.059168 -0.006798 -0.005529
v -0.024035 -0.011916 0.188457
v -0.022818 -0.011916 0.188473
v -0.021177 -0.011916 -0.005027
v -0.000834 -0.012392 0.188763
v 0.000383 -0.012392 0.188779
v 0.001720 -0.012392 -0.004725
v 0.002936 -0.012392 -0.004709
v -0.004289 -0.006019 0.188717
v -0.002344 -0.006019 -0.004779
v -0.001127 -0.006019 -0.004763
v -0.003735 -0.009436 0.188725
v -0.002518 -0.009436 0.188741
v -0.000573 -0.009436 -0.004755
v -0.052485 -0.007624 0.188081
v -0.051269 -0.007624 0.188097
v -0.049932 -0.007624 -0.005407
v -0.048715 -0.007624 -0.005391
v -0.039118 -0.011243 0.188258
v -0.037901 -0.011243 0.188274
v -0.036564 -0.011243 -0.005230
v -0.035348 -0.011243 -0.005214
v -0.055368 -0.010093 0.188043
v -0.054151 -0.010093 0.188059
v -0.052814 -0.010093 -0.005445
v -0.051598 -0.010093 -0.005429
v -0.011823 -0.013703 0.188618
v -0.009878 -0.013703 -0.004878
v -0.008661 -0.013703 -0.004862
v -0.008956 -0.010546 0.188656
v -0.007739 -0.010546 0.188672
v -0.006200 -0.010546 -0.004830
v -0.026351 -0.012973 0.188426
v -0.025134 -0.012973 0.188442
v -0.022784 -0.012973 -0.005048
v -0.023474 -0.005770 0.188464
v -0.022257 -0.005770 0.188480
v -0.020920 -0.005770 -0.005024
v -0.019704 -0.005770 -0.005008
v -0.062322 -0.010888 0.187952
v -0.061106 -0.010888 0.187968
v -0.059769 -0.010888 -0.005537
v -0.058552 -0.010888 -0.005521
v -0.002575 -0.007338 0.188740
v -0.001358 -0.007338 0.188756
v 0.000587 -0.007338 -0.004740
v -0.011860 -0.007582 0.188618
v -0.010643 -0.007582 0.188634
v -0.008698 -0.007582 -0.004863
v -0.030988 -0.013503 0.188365
v -0.029771 -0.013503 0.188381
v -0.028130 -0.013503 -0.005119
v -0.035630 -0.012839 0.188304
v -0.034413 -0.012839 0.188320
v -0.033076 -0.012839 -0.005184
v -0.031860 -0.012839 -0.005168
v -0.045512 -0.009039 0.188173
v -0.044295 -0.009039 0.188190
v -0.042959 -0.009039 -0.005315
v -0.041742 -0.009039 -0.005299
v -0.028115 -0.006288 0.188403
v -0.026899 -0.006288 0.188419
v -0.025562 -0.006288 -0.005085
v -0.024345 -0.006288 -0.005069
v -0.047230 -0.012569 0.188151
v -0.046013 -0.012569 0.188167
v -0.044676 -0.012569 -0.005337
v -0.043460 -0.012569 -0.005321
v -0.037952 -0.012307 0.188273
v -0.036736 -0.012307 0.188289
v -0.035399 -0.012307 -0.005215
v -0.034182 -0.012307 -0.005199
v -0.055979 -0.006014 0.188035
v -0.054762 -0.006014 0.188051
v -0.053426 -0.006014 -0.005453
v -0.052209 -0.006014 -0.005437
v -0.001762 -0.010026 -0.004771
v -0.003301 -0.010026 0.188730
v -0.000545 -0.010026 -0.004755
v -0.060625 -0.005735 0.187974
v -0.059408 -0.005735 0.187990
v -0.058071 -0.005735 -0.005514
v -0.056855 -0.005735 -0.005498
v -0.006635 -0.011074 0.188686
v -0.005418 -0.011074 0.188703
v -0.004082 -0.011074 -0.004802
v -0.002865 -0.011074 -0.004786
v -0.067577 -0.007324 0.187882
v -0.066360 -0.007324 0.187898
v -0.065023 -0.007324 -0.005606
v -0.063807 -0.007324 -0.005590
v -0.013018 -0.009686 0.188602
v -0.011801 -0.009686 0.188618
v -0.009856 -0.009686 -0.004878
v -0.027520 -0.010326 0.188411
v -0.026304 -0.010326 0.188427
v -0.024764 -0.010326 -0.005075
v -0.053654 -0.006554 0.188066
v -0.052437 -0.006554 0.188082
v -0.051100 -0.006554 -0.005422
v -0.049884 -0.006554 -0.005406
v -0.015917 -0.010603 0.188564
v -0.014701 -0.010603 0.188580
v -0.013364 -0.010603 -0.004924
v -0.012147 -0.010603 -0.004908
v -0.025198 -0.010858 0.188442
v -0.023981 -0.010858 0.188458
v -0.022645 -0.010858 -0.005047
v -0.021428 -0.010858 -0.005031
v -0.051281 -0.013834 0.188097
v -0.050064 -0.013834 0.188113
v -0.048728 -0.013834 -0.005391
v -0.047511 -0.013834 -0.005375
v -0.020557 -0.011126 0.188503
v -0.019340 -0.011126 0.188519
v -0.017395 -0.011126 -0.004977
v -0.033913 -0.007732 0.188327
v -0.032697 -0.007732 0.188343
v -0.031360 -0.007732 -0.005162
v -0.030143 -0.007732 -0.005146
v -0.042593 -0.012039 0.188212
v -0.041377 -0.012039 0.188228
v -0.040040 -0.012039 -0.005276
v -0.038823 -0.012039 -0.005260
v -0.022302 -0.009210 0.188480
v -0.021085 -0.009210 0.188496
v -0.019140 -0.009210 -0.005000
v -0.030433 -0.007342 0.188372
v -0.029216 -0.007342 0.188389
v -0.026967 -0.007342 -0.005104
v -0.029268 -0.008404 0.188388
v -0.028051 -0.008404 0.188404
v -0.026714 -0.008404 -0.005100
v -0.025498 -0.008404 -0.005084
v -0.040869 -0.009313 0.188235
v -0.039652 -0.009313 0.188251
v -0.038315 -0.009313 -0.005254
v -0.037099 -0.009313 -0.005237
v -0.063464 -0.013032 0.187937
v -0.062247 -0.013032 0.187953
v -0.060302 -0.013032 -0.005544
v -0.017357 -0.008690 0.188545
v -0.015108 -0.008690 -0.004947
v -0.013891 -0.008690 -0.004931
v -0.059436 -0.009217 0.187990
v -0.058220 -0.009217 0.188006
v -0.056274 -0.009217 -0.005490
v -0.038553 -0.008253 0.188265
v -0.037337 -0.008253 0.188281
v -0.036000 -0.008253 -0.005223
v -0.034783 -0.008253 -0.005207
v -0.036229 -0.008789 0.188296
v -0.035013 -0.008789 0.188312
v -0.032764 -0.008789 -0.005180
v -0.017073 -0.012712 0.188549
v -0.015856 -0.012712 0.188565
v -0.014520 -0.012712 -0.004939
v -0.013303 -0.012712 -0.004923
v -0.022881 -0.009803 0.188472
v -0.021664 -0.009803 0.188488
v -0.019719 -0.009803 -0.005008
v -0.046689 -0.006372 0.188158
v -0.045473 -0.006372 0.188174
v -0.044136 -0.006372 -0.005330
v -0.042919 -0.006372 -0.005314
v -0.048397 -0.011502 0.188135
v -0.047180 -0.011502 0.188151
v -0.045843 -0.011502 -0.005353
v -0.044626 -0.011502 -0.005337
v -0.049004 -0.007432 0.188127
v -0.047788 -0.007432 0.188143
v -0.046451 -0.007432 -0.005361
v -0.045234 -0.007432 -0.005345
v -0.057124 -0.008150 0.188020
v -0.055907 -0.008150 0.188036
v -0.054571 -0.008150 -0.005468
v -0.053354 -0.008150 -0.005452
v -0.014755 -0.011658 0.188579
v -0.013539 -0.011658 0.188595
v -0.012202 -0.011658 -0.004909
v -0.010985 -0.011658 -0.004893
v -0.070435 -0.011820 0.187845
v -0.069218 -0.011820 0.187861
v -0.067882 -0.011820 -0.005644
v -0.066665 -0.011820 -0.005628
v -0.015342 -0.007641 0.188572
v -0.014125 -0.007641 0.188588
v -0.012180 -0.007641 -0.004909
v -0.034480 -0.010716 0.188319
v -0.033263 -0.010716 0.188335
v -0.031927 -0.010716 -0.005169
v -0.030710 -0.010716 -0.005153
v -0.053043 -0.010630 0.188074
v -0.051827 -0.010630 0.188090
v -0.050490 -0.010630 -0.005414
v -0.049273 -0.010630 -0.005398
v -0.043198 -0.007978 0.188204
v -0.041981 -0.007978 0.188220
v -0.040644 -0.007978 -0.005284
v -0.039427 -0.007978 -0.005268
v -0.055903 -0.012232 0.188036
v -0.053958 -0.012232 -0.005460
v -0.052741 -0.012232 -0.005444
v -0.010114 -0.012649 0.188641
v -0.008897 -0.012649 0.188657
v -0.007561 -0.012649 -0.004848
v -0.006344 -0.012649 -0.004832
v -0.072148 -0.008792 0.187822
v -0.073365 -0.008792 0.187806
v -0.069595 -0.008792 -0.005666
v -0.070812 -0.008792 -0.005682
v -0.049543 -0.013634 0.188120
v -0.048326 -0.013634 0.188136
v -0.046989 -0.013634 -0.005368
v -0.045773 -0.013634 -0.005352
v -0.050150 -0.009565 0.188112
v -0.048934 -0.009565 0.188128
v -0.047597 -0.009565 -0.005376
v -0.046380 -0.009565 -0.005360
v -0.044365 -0.006910 0.188189
v -0.043148 -0.006910 0.188205
v -0.041811 -0.006910 -0.005300
v -0.040595 -0.006910 -0.005284
v -0.021711 -0.013239 0.188488
v -0.020494 -0.013239 0.188504
v -0.019157 -0.013239 -0.005001
v -0.017941 -0.013239 -0.004985
v -0.026945 -0.008938 0.188418
v -0.025728 -0.008938 0.188435
v -0.023783 -0.008938 -0.005062
v -0.036803 -0.010182 0.188288
v -0.035586 -0.010182 0.188304
v -0.033641 -0.010182 -0.005192
v -0.065265 -0.006257 0.187913
v -0.064048 -0.006257 0.187929
v -0.062711 -0.006257 -0.005575
v -0.061495 -0.006257 -0.005559
v -0.047837 -0.008501 0.188143
v -0.046620 -0.008501 0.188159
v -0.045283 -0.008501 -0.005345
v -0.044067 -0.008501 -0.005329
v -0.019984 -0.008158 0.188510
v -0.018767 -0.008158 0.188526
v -0.017430 -0.008158 -0.004978
v -0.016213 -0.008158 -0.004962
v -0.060011 -0.009819 0.187982
v -0.058795 -0.009819 0.187998
v -0.056850 -0.009819 -0.005498
v -0.031585 -0.009460 0.188357
v -0.030368 -0.009460 0.188373
v -0.029031 -0.009460 -0.005131
v -0.027815 -0.009460 -0.005115
v -0.035079 -0.006668 0.188311
v -0.033862 -0.006668 0.188327
v -0.032526 -0.006668 -0.005177
v -0.031309 -0.006668 -0.005161
v -0.007793 -0.013176 0.188671
v -0.006577 -0.013176 0.188687
v -0.005240 -0.013176 -0.004817
v -0.004023 -0.013176 -0.004801
v -0.014171 -0.013769 0.188587
v -0.012954 -0.013769 0.188603
v -0.011009 -0.013769 -0.004893
v -0.073931 -0.010203 0.187798
v -0.072715 -0.010203 0.187814
v -0.070770 -0.010203 -0.005682
v -0.063472 -0.008941 0.187936
v -0.061527 -0.008941 -0.005560
v -0.060310 -0.008941 -0.005544
v -0.028673 -0.012443 0.188396
v -0.027456 -0.012443 0.188412
v -0.026119 -0.012443 -0.005093
v -0.024903 -0.012443 -0.005076
v -0.041445 -0.009911 0.188227
v -0.040229 -0.009911 0.188243
v -0.038892 -0.009911 -0.005261
v -0.037675 -0.009911 -0.005245
v -0.042049 -0.005852 0.188219
v -0.040832 -0.005852 0.188235
v -0.039495 -0.005852 -0.005269
v -0.038279 -0.005852 -0.005253
v -0.057071 -0.011161 0.188021
v -0.055126 -0.011161 -0.005475
v -0.053910 -0.011161 -0.005459
v -0.024627 -0.007885 0.188449
v -0.023410 -0.007885 0.188465
v -0.022074 -0.007885 -0.005039
v -0.020857 -0.007885 -0.005023
v -0.058293 -0.007077 0.188005
v -0.057076 -0.007077 0.188021
v -0.055740 -0.007077 -0.005483
v -0.054523 -0.007077 -0.005467
v -0.077424 -0.005257 0.187752
v -0.076207 -0.005257 0.187768
v -0.074262 -0.005257 -0.005728
v -0.082007 -0.004321 0.187692
v -0.080790 -0.004321 0.187708
v -0.079453 -0.004321 -0.005796
v -0.078237 -0.004321 -0.005780
v -0.073937 -0.002825 0.187798
v -0.075154 -0.002825 0.187782
v -0.071384 -0.002824 -0.005690
v -0.072601 -0.002824 -0.005706
v -0.079302 -0.003597 0.187728
v -0.077357 -0.003596 -0.005769
v -0.076141 -0.003596 -0.005753
v -0.075202 -0.004598 0.187782
v -0.073985 -0.004598 0.187798
v -0.072649 -0.004597 -0.005707
v -0.071432 -0.004597 -0.005691
v -0.078317 -0.004879 0.187741
v -0.077100 -0.004879 0.187757
v -0.075764 -0.004879 -0.005748
v -0.074547 -0.004879 -0.005732
v -0.079591 -0.004435 0.187724
v -0.078374 -0.004435 0.187740
v -0.077037 -0.004435 -0.005764
v -0.075821 -0.004435 -0.005748
v -0.074270 -0.005219 0.187794
v -0.072325 -0.005219 -0.005702
v -0.071108 -0.005219 -0.005686
v -0.079658 -0.003023 0.187723
v -0.078442 -0.003023 0.187739
v -0.076497 -0.003023 -0.005757
v -0.081561 -0.005445 0.187698
v -0.080345 -0.005445 0.187714
v -0.079008 -0.005445 -0.005791
v -0.077791 -0.005445 -0.005774
v 0.075707 0.000565 0.189773
v 0.074490 0.000565 0.189757
v 0.078260 0.000565 -0.003715
v 0.077044 0.000565 -0.003731
v 0.076331 0.001810 0.189781
v 0.075115 0.001810 0.189765
v 0.078580 0.001810 -0.003711
v 0.078206 0.000259 0.189806
v 0.076989 0.000259 0.189790
v 0.080759 0.000259 -0.003682
v 0.079543 0.000259 -0.003698
v 0.079854 0.000317 0.189828
v 0.081071 0.000317 0.189844
v 0.083016 0.000317 -0.003652
v 0.076170 0.000133 0.189779
v 0.074953 0.000133 0.189763
v 0.078115 0.000133 -0.003717
v 0.077081 0.004595 0.189791
v 0.075864 0.004595 0.189775
v 0.079634 0.004595 -0.003697
v 0.078417 0.004595 -0.003713
v 0.080614 0.000709 0.189838
v 0.081831 0.000709 0.189854
v 0.083167 0.000709 -0.003650
v 0.084384 0.000709 -0.003634
v 0.013035 -0.000038 0.188946
v 0.011819 -0.000038 0.188930
v 0.014676 -0.000038 -0.004554
v 0.027302 -0.000213 0.189134
v 0.026086 -0.000213 0.189118
v 0.029856 -0.000213 -0.004354
v 0.028639 -0.000213 -0.004370
v 0.035635 -0.002539 0.189244
v 0.034418 -0.002539 0.189228
v 0.037884 -0.002539 -0.004248
v 0.026120 -0.002445 0.189119
v 0.024903 -0.002445 0.189103
v 0.028369 -0.002445 -0.004373
v 0.054053 -0.000302 0.189487
v 0.052836 -0.000302 0.189471
v 0.056302 -0.000302 -0.004005
v 0.057634 -0.002247 0.189535
v 0.056417 -0.002247 0.189519
v 0.060188 -0.002247 -0.003954
v 0.058971 -0.002247 -0.003970
v 0.028497 -0.001982 0.189150
v 0.027280 -0.001982 0.189134
v 0.031050 -0.001982 -0.004338
v 0.029834 -0.001982 -0.004354
v 0.067737 -0.001627 0.189668
v 0.066520 -0.001627 0.189652
v 0.069682 -0.001627 -0.003828
v 0.008874 -0.000406 0.188891
v 0.007658 -0.000406 0.188875
v 0.011124 -0.000406 -0.004601
v 0.070113 -0.001452 0.189699
v 0.068897 -0.001452 0.189683
v 0.072667 -0.001452 -0.003789
v 0.071450 -0.001452 -0.003805
v 0.005308 -0.001253 0.188844
v 0.004091 -0.001253 0.188828
v 0.007861 -0.001253 -0.004644
v 0.006644 -0.001253 -0.004660
v 0.062392 -0.002429 0.189597
v 0.061176 -0.002429 0.189581
v 0.064033 -0.002429 -0.003903
v 0.003510 -0.000492 0.188820
v 0.006672 -0.000492 -0.004660
v 0.005455 -0.000492 -0.004676
v 0.071907 -0.002522 0.189723
v 0.070691 -0.002522 0.189707
v 0.073447 -0.002522 -0.003779
v 0.055842 -0.001164 0.189511
v 0.054626 -0.001164 0.189495
v 0.058396 -0.001164 -0.003977
v 0.057179 -0.001164 -0.003993
v 0.020174 -0.002630 0.189040
v 0.018958 -0.002630 0.189024
v 0.022119 -0.002630 -0.004456
v 0.013630 -0.000604 0.188954
v 0.012414 -0.000604 0.188938
v 0.015981 -0.000604 -0.004537
v 0.064159 -0.001982 0.189621
v 0.067321 -0.001982 -0.003859
v 0.066104 -0.001982 -0.003876
v 0.065962 -0.002700 0.189645
v 0.064746 -0.002700 0.189628
v 0.068516 -0.002700 -0.003844
v 0.067299 -0.002700 -0.003860
v 0.048711 -0.001562 0.189417
v 0.047494 -0.001562 0.189401
v 0.051264 -0.001562 -0.004071
v 0.050047 -0.001562 -0.004087
v 0.046508 -0.001648 -0.004134
v 0.042941 -0.001648 0.189341
v 0.045291 -0.001648 -0.004150
v 0.021938 -0.000016 0.189064
v 0.025100 -0.000016 -0.004417
v 0.023883 -0.000016 -0.004433
v 0.046933 -0.002654 0.189393
v 0.045717 -0.002654 0.189377
v 0.049487 -0.002654 -0.004095
v 0.048270 -0.002654 -0.004111
v 0.059405 -0.000630 0.189558
v 0.058188 -0.000630 0.189542
v 0.061350 -0.000630 -0.003938
v 0.021362 -0.002257 0.189056
v 0.020146 -0.002257 0.189040
v 0.023003 -0.002257 -0.004444
v 0.043364 -0.002379 0.189346
v 0.042147 -0.002379 0.189330
v 0.045917 -0.002379 -0.004142
v 0.044701 -0.002379 -0.004158
v 0.011849 -0.002301 0.188930
v 0.010632 -0.002301 0.188914
v 0.014402 -0.002301 -0.004558
v 0.013185 -0.002301 -0.004574
v 0.057029 -0.000805 0.189527
v 0.055812 -0.000805 0.189511
v 0.059582 -0.000805 -0.003962
v 0.058365 -0.000805 -0.003978
v 0.061183 0.000088 0.189581
v 0.059966 0.000088 0.189565
v 0.063432 0.000088 -0.003911
v 0.003524 0.000079 0.188821
v 0.002307 0.000079 0.188805
v 0.006077 0.000079 -0.004668
v 0.004861 0.000079 -0.004684
v 0.034434 0.000046 0.189228
v 0.033218 0.000046 0.189212
v 0.036785 0.000046 -0.004262
v 0.018375 -0.001882 0.189017
v 0.021537 -0.001882 -0.004464
v 0.020320 -0.001882 -0.004480
v 0.053641 -0.001383 -0.004040
v 0.050074 -0.001383 0.189435
v 0.052424 -0.001383 -0.004056
v 0.040984 -0.002012 0.189315
v 0.039767 -0.002012 0.189299
v 0.043334 -0.002012 -0.004176
v 0.072467 -0.000390 0.189730
v 0.075629 -0.000390 -0.003750
v 0.074413 -0.000390 -0.003766
v 0.044541 -0.000187 0.189362
v 0.043324 -0.000187 0.189346
v 0.047094 -0.000187 -0.004126
v 0.045878 -0.000187 -0.004142
v 0.066541 -0.000912 0.189652
v 0.065325 -0.000912 0.189636
v 0.068486 -0.000912 -0.003844
v 0.001740 -0.000678 0.188797
v 0.000524 -0.000678 0.188781
v 0.003280 -0.000678 -0.004705
v 0.048121 -0.002289 0.189409
v 0.046904 -0.002289 0.189393
v 0.050471 -0.002289 -0.004082
v 0.015413 0.000143 0.188977
v 0.014196 0.000143 0.188961
v 0.017966 0.000143 -0.004511
v 0.016749 0.000143 -0.004527
v 0.017791 -0.000237 0.189009
v 0.016575 -0.000237 0.188993
v 0.019432 -0.000237 -0.004491
v 0.071299 -0.001098 0.189715
v 0.070082 -0.001098 0.189699
v 0.073852 -0.001098 -0.003773
v 0.072636 -0.001098 -0.003789
v 0.064747 -0.001267 0.189628
v 0.067909 -0.001267 -0.003852
v 0.066692 -0.001267 -0.003868
v 0.031469 -0.001613 0.189189
v 0.030252 -0.001613 0.189173
v 0.034022 -0.001613 -0.004299
v 0.032805 -0.001613 -0.004315
v 0.005888 -0.000875 0.188852
v 0.009050 -0.000875 -0.004628
v 0.007833 -0.000875 -0.004644
v 0.062981 -0.001712 0.189605
v 0.061764 -0.001712 0.189589
v 0.064926 -0.001712 -0.003891
v 0.060600 -0.001350 0.189574
v 0.059383 -0.001350 0.189558
v 0.063153 -0.001350 -0.003914
v 0.061937 -0.001350 -0.003930
v 0.004713 -0.002012 0.188836
v 0.003497 -0.002012 0.188820
v 0.006354 -0.002012 -0.004664
v 0.039784 0.000008 0.189299
v 0.038568 0.000008 0.189283
v 0.042338 0.000008 -0.004189
v 0.041121 0.000008 -0.004205
v 0.002335 -0.002200 0.188805
v 0.001118 -0.002200 0.188789
v 0.004888 -0.002200 -0.004683
v 0.003672 -0.002200 -0.004699
v 0.049296 -0.000108 0.189425
v 0.048079 -0.000108 0.189409
v 0.050835 -0.000108 -0.004077
v 0.016606 -0.002490 0.188993
v 0.015389 -0.002490 0.188977
v 0.018145 -0.002490 -0.004508
v 0.036814 -0.000329 0.189260
v 0.035597 -0.000329 0.189244
v 0.039367 -0.000329 -0.004228
v 0.038151 -0.000329 -0.004244
v 0.042761 -0.000915 0.189338
v 0.041545 -0.000915 0.189322
v 0.045315 -0.000915 -0.004150
v 0.044098 -0.000915 -0.004166
v 0.009470 -0.001921 0.188899
v 0.008253 -0.001921 0.188883
v 0.012023 -0.001921 -0.004589
v 0.010807 -0.001921 -0.004605
v 0.045137 -0.000463 0.189370
v 0.043920 -0.000463 0.189354
v 0.046778 -0.000463 -0.004131
v 0.047517 -0.000833 0.189401
v 0.046300 -0.000833 0.189385
v 0.050070 -0.000833 -0.004087
v 0.048854 -0.000833 -0.004103
v 0.074279 -0.001879 0.189754
v 0.073063 -0.001879 0.189738
v 0.076833 -0.001879 -0.003734
v 0.075616 -0.001879 -0.003750
v 0.049894 -0.000656 0.189432
v 0.048677 -0.000656 0.189416
v 0.051535 -0.000656 -0.004068
v 0.019576 -0.001132 0.189032
v 0.018360 -0.001132 0.189016
v 0.021521 -0.001132 -0.004464
v 0.058223 -0.001527 0.189542
v 0.057007 -0.001527 0.189526
v 0.060777 -0.001527 -0.003946
v 0.059560 -0.001527 -0.003962
v 0.032654 -0.000689 0.189205
v 0.031437 -0.000689 0.189189
v 0.035208 -0.000689 -0.004283
v 0.033991 -0.000689 -0.004299
v 0.016009 -0.000985 0.188985
v 0.014792 -0.000985 0.188969
v 0.018562 -0.000985 -0.004503
v 0.017346 -0.000985 -0.004519
v 0.025318 -0.000954 0.189108
v 0.026858 -0.000954 -0.004393
v 0.028074 -0.000954 -0.004377
v 0.033846 -0.001430 0.189221
v 0.032629 -0.001430 0.189205
v 0.036399 -0.001430 -0.004267
v 0.035183 -0.001430 -0.004284
v 0.067149 -0.002341 0.189660
v 0.065932 -0.002341 0.189644
v 0.069702 -0.002341 -0.003828
v 0.068485 -0.002341 -0.003844
v 0.027898 -0.000493 0.189142
v 0.026681 -0.000493 0.189126
v 0.029843 -0.000493 -0.004354
v 0.033254 -0.002169 0.189213
v 0.032038 -0.002169 0.189197
v 0.034794 -0.002169 -0.004289
v 0.026886 -0.001326 -0.004393
v 0.023319 -0.001326 0.189082
v 0.025670 -0.001326 -0.004409
v 0.029089 -0.001239 0.189158
v 0.027872 -0.001239 0.189142
v 0.031642 -0.001239 -0.004330
v 0.030426 -0.001239 -0.004346
v 0.064160 -0.000550 0.189621
v 0.062944 -0.000550 0.189605
v 0.066105 -0.000550 -0.003876
v 0.038005 -0.000723 0.189276
v 0.036788 -0.000723 0.189260
v 0.040355 -0.000723 -0.004215
v 0.007686 -0.001635 0.188875
v 0.006469 -0.001635 0.188859
v 0.010239 -0.001635 -0.004613
v 0.009023 -0.001635 -0.004629
v 0.053468 -0.001748 0.189480
v 0.052252 -0.001748 0.189464
v 0.055413 -0.001748 -0.004017
v 0.016591 -0.001739 0.188993
v 0.019753 -0.001739 -0.004487
v 0.018536 -0.001739 -0.004503
v 0.026294 -0.002072 -0.004401
v 0.022828 -0.002072 0.189075
v 0.025077 -0.002072 -0.004417
v 0.054648 -0.000439 0.189495
v 0.053431 -0.000439 0.189479
v 0.057201 -0.000439 -0.003993
v 0.055985 -0.000439 -0.004009
v 0.055839 -0.002609 0.189511
v 0.059001 -0.002609 -0.003969
v 0.057784 -0.002609 -0.003985
v 0.016891 0.002137 0.188997
v 0.015675 0.002137 0.188981
v 0.018532 0.002137 -0.004503
v 0.036029 0.005212 0.189250
v 0.034813 0.005212 0.189233
v 0.037670 0.005212 -0.004251
v 0.054593 0.005126 0.189494
v 0.053376 0.005126 0.189478
v 0.057146 0.005126 -0.003994
v 0.055929 0.005126 -0.004010
v 0.044747 0.002474 0.189365
v 0.043530 0.002474 0.189349
v 0.047098 0.002474 -0.004126
v 0.057452 0.006728 0.189532
v 0.060614 0.006728 -0.003948
v 0.059397 0.006728 -0.003964
v 0.011663 0.007145 0.188928
v 0.010447 0.007145 0.188912
v 0.014217 0.007145 -0.004560
v 0.013000 0.007145 -0.004576
v 0.074712 0.003288 0.189760
v 0.076251 0.003288 -0.003742
v 0.077468 0.003288 -0.003726
v 0.051092 0.008130 0.189448
v 0.049875 0.008130 0.189432
v 0.053645 0.008130 -0.004040
v 0.052429 0.008130 -0.004056
v 0.051091 0.004061 0.189448
v 0.054253 0.004061 -0.004032
v 0.053036 0.004061 -0.004048
v 0.045914 0.001406 0.189380
v 0.044697 0.001406 0.189364
v 0.047859 0.001406 -0.004116
v 0.023260 0.007735 0.189081
v 0.022044 0.007735 0.189065
v 0.025611 0.007735 -0.004410
v 0.028494 0.003434 0.189150
v 0.027278 0.003434 0.189134
v 0.031048 0.003434 -0.004338
v 0.029831 0.003434 -0.004354
v 0.038352 0.004678 0.189280
v 0.037136 0.004678 0.189264
v 0.040906 0.004678 -0.004208
v 0.039689 0.004678 -0.004224
v 0.066814 0.000753 0.189656
v 0.065597 0.000753 0.189640
v 0.068759 0.000753 -0.003840
v 0.049386 0.002997 0.189426
v 0.048169 0.002997 0.189410
v 0.051635 0.002997 -0.004066
v 0.021533 0.002654 0.189058
v 0.020316 0.002654 0.189042
v 0.023782 0.002654 -0.004434
v 0.060952 0.004315 0.189578
v 0.064114 0.004315 -0.003902
v 0.062897 0.004315 -0.003918
v 0.033134 0.003956 0.189211
v 0.031917 0.003956 0.189195
v 0.034775 0.003956 -0.004289
v 0.036628 0.001164 0.189257
v 0.035412 0.001164 0.189241
v 0.039182 0.001164 -0.004231
v 0.037965 0.001164 -0.004247
v 0.009343 0.007672 0.188897
v 0.008126 0.007672 0.188881
v 0.011896 0.007672 -0.004591
v 0.010680 0.007672 -0.004607
v 0.015720 0.008265 0.188982
v 0.014503 0.008265 0.188965
v 0.018274 0.008265 -0.004507
v 0.017057 0.008265 -0.004523
v 0.075481 0.004699 0.189770
v 0.074264 0.004699 0.189754
v 0.077426 0.004699 -0.003726
v 0.065630 0.003437 0.189640
v 0.064413 0.003437 0.189624
v 0.068183 0.003437 -0.003848
v 0.066966 0.003437 -0.003864
v 0.030222 0.006939 0.189173
v 0.029005 0.006939 0.189157
v 0.032167 0.006939 -0.004323
v 0.042995 0.004407 0.189341
v 0.041778 0.004407 0.189325
v 0.044534 0.004407 -0.004160
v 0.043598 0.000348 0.189349
v 0.042381 0.000348 0.189333
v 0.046151 0.000348 -0.004139
v 0.044935 0.000348 -0.004155
v 0.059229 0.005656 0.189556
v 0.058012 0.005656 0.189540
v 0.061782 0.005657 -0.003933
v 0.060566 0.005657 -0.003949
v 0.026176 0.002381 0.189119
v 0.024960 0.002381 0.189103
v 0.028426 0.002381 -0.004373
v 0.059843 0.001573 0.189564
v 0.058626 0.001573 0.189548
v 0.061788 0.001573 -0.003933
v 0.009926 0.003663 0.188905
v 0.008710 0.003663 0.188889
v 0.012175 0.003663 -0.004587
v 0.034275 0.008397 0.189226
v 0.033058 0.008397 0.189210
v 0.036828 0.008397 -0.004262
v 0.035612 0.008397 -0.004278
v 0.073775 0.001140 0.189748
v 0.072558 0.001140 0.189732
v 0.076024 0.001140 -0.003745
v 0.053425 0.006196 0.189479
v 0.052208 0.006196 0.189463
v 0.055978 0.006196 -0.004009
v 0.054761 0.006196 -0.004025
v 0.027341 0.001320 0.189135
v 0.026124 0.001320 0.189119
v 0.029894 0.001320 -0.004353
v 0.028678 0.001320 -0.004369
v 0.019788 0.004570 0.189035
v 0.018571 0.004570 0.189019
v 0.021733 0.004570 -0.004461
v 0.031386 0.005879 0.189188
v 0.030169 0.005879 0.189172
v 0.033939 0.005879 -0.004300
v 0.032723 0.005879 -0.004316
v 0.010481 0.001030 0.188912
v 0.013643 0.001030 -0.004568
v 0.012426 0.001030 -0.004584
v 0.068508 0.005916 0.189678
v 0.067291 0.005916 0.189662
v 0.071061 0.005916 -0.003810
v 0.069844 0.005916 -0.003826
v 0.004703 0.007937 0.188836
v 0.003486 0.007937 0.188820
v 0.006952 0.007937 -0.004656
v 0.071385 0.008463 0.189716
v 0.070168 0.008463 0.189700
v 0.073330 0.008463 -0.003780
v 0.060372 0.007796 0.189571
v 0.059156 0.007796 0.189555
v 0.062317 0.007796 -0.003925
v 0.002964 0.002886 0.188813
v 0.001747 0.002886 0.188797
v 0.005517 0.002886 -0.004675
v 0.004301 0.002886 -0.004691
v 0.003544 0.005837 0.188821
v 0.002327 0.005837 0.188805
v 0.006097 0.005838 -0.004667
v 0.004880 0.005838 -0.004683
v 0.001803 0.000789 0.188798
v 0.000587 0.000789 0.188782
v 0.004053 0.000789 -0.004694
v 0.041269 0.001683 0.189319
v 0.040053 0.001683 0.189303
v 0.043214 0.001683 -0.004178
v 0.007024 0.006622 0.188867
v 0.005807 0.006622 0.188851
v 0.009577 0.006622 -0.004622
v 0.008361 0.006622 -0.004638
v 0.008159 0.001562 0.188882
v 0.011321 0.001562 -0.004598
v 0.010104 0.001562 -0.004615
v 0.011639 0.003133 0.188928
v 0.014801 0.003133 -0.004553
v 0.013584 0.003133 -0.004569
v 0.070266 0.003967 0.189701
v 0.069050 0.003967 0.189685
v 0.072820 0.003967 -0.003787
v 0.071603 0.003967 -0.003803
v 0.067347 0.002896 0.189663
v 0.070509 0.002896 -0.003817
v 0.069292 0.002896 -0.003833
v 0.012825 0.006091 0.188943
v 0.011608 0.006091 0.188927
v 0.015378 0.006091 -0.004545
v 0.014161 0.006091 -0.004561
v 0.062703 0.006457 0.189602
v 0.061486 0.006457 0.189585
v 0.065256 0.006457 -0.003887
v 0.064039 0.006457 -0.003903
v 0.055740 0.003185 0.189510
v 0.058901 0.003185 -0.003971
v 0.057685 0.003185 -0.003987
v 0.046456 0.007598 0.189387
v 0.045240 0.007598 0.189371
v 0.049010 0.007598 -0.004101
v 0.047793 0.007598 -0.004117
v 0.017446 0.001079 0.189004
v 0.020608 0.001079 -0.004476
v 0.019391 0.001079 -0.004492
v 0.041816 0.007865 0.189326
v 0.040599 0.007865 0.189310
v 0.044369 0.007865 -0.004162
v 0.043152 0.007865 -0.004178
v 0.038953 0.000626 0.189288
v 0.037736 0.000626 0.189272
v 0.040898 0.000626 -0.004208
v 0.067338 0.006990 0.189663
v 0.066121 0.006990 0.189647
v 0.069283 0.006990 -0.003834
v 0.020378 0.000544 0.189043
v 0.019162 0.000544 0.189027
v 0.022627 0.000544 -0.004449
v 0.069648 0.008062 0.189693
v 0.068432 0.008062 0.189677
v 0.071593 0.008062 -0.003803
v 0.034864 0.006274 0.189234
v 0.033648 0.006274 0.189218
v 0.037215 0.006274 -0.004257
v 0.072604 0.002217 0.189732
v 0.071387 0.002217 0.189716
v 0.074143 0.002217 -0.003769
v 0.022697 0.001595 0.189074
v 0.021480 0.001595 0.189058
v 0.025250 0.001595 -0.004415
v 0.024033 0.001595 -0.004431
v 0.055128 0.007263 0.189502
v 0.058290 0.007263 -0.003979
v 0.057074 0.007263 -0.003995
v 0.073686 0.007388 0.189746
v 0.076848 0.007389 -0.003734
v 0.075631 0.007389 -0.003750
v 0.045309 0.005469 0.189372
v 0.044092 0.005469 0.189356
v 0.047862 0.005469 -0.004116
v 0.046646 0.005469 -0.004132
v 0.047633 0.004933 0.189403
v 0.046416 0.004933 0.189387
v 0.049983 0.004934 -0.004088
v 0.007403 0.002615 0.188872
v 0.008943 0.002615 -0.004630
v 0.010159 0.002615 -0.004614
v 0.073155 0.005239 0.189739
v 0.071938 0.005239 0.189723
v 0.075708 0.005239 -0.003749
v 0.074492 0.005239 -0.003765
v 0.020944 0.006679 0.189050
v 0.019727 0.006679 0.189034
v 0.022483 0.006679 -0.004451
v 0.063318 0.002368 0.189610
v 0.062101 0.002368 0.189594
v 0.065567 0.002369 -0.003883
v 0.066197 0.004845 0.189648
v 0.064981 0.004845 0.189632
v 0.068142 0.004845 -0.003849
v 0.064488 0.001294 0.189625
v 0.063271 0.001294 0.189609
v 0.067041 0.001294 -0.003863
v 0.065825 0.001294 -0.003879
v 0.028138 0.006412 -0.004377
v 0.024672 0.006412 0.189100
v 0.026921 0.006412 -0.004393
v 0.001775 0.006888 0.188797
v 0.004937 0.006888 -0.004683
v 0.003720 0.006888 -0.004699
v 0.006447 0.000515 0.188859
v 0.005230 0.000515 0.188843
v 0.008392 0.000515 -0.004637
v 0.005284 0.003932 0.188844
v 0.004068 0.003932 0.188828
v 0.007229 0.003932 -0.004652
v 0.054035 0.002120 0.189487
v 0.052818 0.002120 0.189471
v 0.056284 0.002120 -0.004005
v 0.040667 0.005739 0.189311
v 0.039451 0.005739 0.189295
v 0.043221 0.005739 -0.004178
v 0.042004 0.005739 -0.004194
v 0.056917 0.004588 0.189525
v 0.055701 0.004588 0.189509
v 0.059471 0.004588 -0.003963
v 0.058254 0.004588 -0.003979
v 0.013372 0.008199 0.188951
v 0.016534 0.008199 -0.004530
v 0.015317 0.008199 -0.004546
v 0.010505 0.005042 0.188913
v 0.009289 0.005042 0.188897
v 0.013059 0.005042 -0.004576
v 0.011842 0.005042 -0.004592
v 0.027900 0.007469 0.189142
v 0.026684 0.007469 0.189126
v 0.030454 0.007469 -0.004346
v 0.029237 0.007469 -0.004362
v 0.025023 0.000266 0.189104
v 0.023806 0.000266 0.189088
v 0.027576 0.000266 -0.004384
v 0.026360 0.000266 -0.004400
v 0.063264 0.005384 0.189609
v 0.066425 0.005384 -0.003871
v 0.065209 0.005384 -0.003887
v 0.003516 0.001834 0.188820
v 0.006678 0.001834 -0.004660
v 0.005461 0.001834 -0.004676
v 0.013409 0.002078 0.188951
v 0.012193 0.002078 0.188935
v 0.015963 0.002078 -0.004537
v 0.014746 0.002078 -0.004553
v 0.032537 0.007999 0.189203
v 0.031320 0.007999 0.189187
v 0.035091 0.007999 -0.004285
v 0.033874 0.007999 -0.004301
v 0.037179 0.007335 0.189265
v 0.035963 0.007335 0.189249
v 0.039733 0.007335 -0.004224
v 0.038516 0.007335 -0.004240
v 0.047062 0.003535 0.189395
v 0.045845 0.003535 0.189379
v 0.048601 0.003535 -0.004107
v 0.029665 0.000784 0.189166
v 0.028448 0.000784 0.189149
v 0.032218 0.000784 -0.004323
v 0.031001 0.000784 -0.004339
v 0.048779 0.007065 0.189418
v 0.047562 0.007065 0.189402
v 0.051332 0.007065 -0.004070
v 0.050116 0.007065 -0.004087
v 0.039502 0.006803 0.189295
v 0.038285 0.006803 0.189279
v 0.041447 0.006803 -0.004201
v 0.057529 0.000510 0.189533
v 0.056312 0.000510 0.189517
v 0.059474 0.000510 -0.003963
v 0.005864 0.004522 0.188851
v 0.004648 0.004522 0.188835
v 0.008418 0.004522 -0.004637
v 0.007201 0.004522 -0.004653
v 0.062174 0.000231 0.189595
v 0.060957 0.000231 0.189578
v 0.064119 0.000231 -0.003902
v 0.008185 0.005570 0.188882
v 0.006968 0.005570 0.188866
v 0.009825 0.005570 -0.004618
v 0.069126 0.001820 0.189686
v 0.067909 0.001820 0.189670
v 0.071679 0.001820 -0.003802
v 0.070463 0.001820 -0.003818
v 0.014567 0.004182 0.188966
v 0.013351 0.004182 0.188950
v 0.017121 0.004182 -0.004522
v 0.015904 0.004182 -0.004538
v 0.029070 0.004822 0.189158
v 0.027853 0.004822 0.189142
v 0.031623 0.004822 -0.004331
v 0.030406 0.004822 -0.004347
v 0.057604 0.001050 -0.003988
v 0.054139 0.001050 0.189489
v 0.017467 0.005099 0.189005
v 0.016250 0.005099 0.188989
v 0.019412 0.005099 -0.004492
v 0.026748 0.005354 0.189127
v 0.025531 0.005354 0.189111
v 0.029301 0.005354 -0.004361
v 0.028084 0.005354 -0.004377
v 0.052830 0.008330 0.189471
v 0.051614 0.008330 0.189455
v 0.055384 0.008330 -0.004017
v 0.054167 0.008330 -0.004033
v 0.022106 0.005622 0.189066
v 0.020890 0.005622 0.189050
v 0.024457 0.005622 -0.004425
v 0.035463 0.002228 0.189242
v 0.034246 0.002228 0.189226
v 0.038016 0.002228 -0.004246
v 0.036799 0.002228 -0.004262
v 0.044143 0.006535 0.189357
v 0.042926 0.006535 0.189341
v 0.046696 0.006535 -0.004132
v 0.045479 0.006535 -0.004148
v 0.023851 0.003706 0.189089
v 0.022635 0.003706 0.189073
v 0.026405 0.003706 -0.004399
v 0.025188 0.003706 -0.004415
v 0.031982 0.001838 0.189196
v 0.030765 0.001838 0.189180
v 0.033927 0.001838 -0.004300
v 0.030817 0.002900 0.189181
v 0.029601 0.002900 0.189165
v 0.033371 0.002900 -0.004308
v 0.032154 0.002900 -0.004324
v 0.042418 0.003809 0.189334
v 0.041201 0.003809 0.189318
v 0.044972 0.003809 -0.004154
v 0.043755 0.003809 -0.004170
v 0.065013 0.007528 0.189632
v 0.063797 0.007528 0.189616
v 0.066553 0.007528 -0.003870
v 0.018906 0.003186 0.189024
v 0.021764 0.003186 -0.004461
v 0.020547 0.003186 -0.004477
v 0.060986 0.003713 0.189579
v 0.059769 0.003713 0.189563
v 0.063539 0.003713 -0.003909
v 0.062322 0.003713 -0.003925
v 0.040103 0.002749 0.189303
v 0.038886 0.002749 0.189287
v 0.042656 0.002749 -0.004185
v 0.041440 0.002749 -0.004201
v 0.037779 0.003285 0.189273
v 0.036562 0.003285 0.189257
v 0.040332 0.003285 -0.004216
v 0.039116 0.003285 -0.004232
v 0.018623 0.007208 0.189020
v 0.017406 0.007208 0.189004
v 0.020568 0.007208 -0.004476
v 0.024430 0.004299 0.189096
v 0.023213 0.004299 0.189080
v 0.026983 0.004299 -0.004392
v 0.025767 0.004299 -0.004408
v 0.048087 0.000868 0.189409
v 0.049728 0.000868 -0.004092
v 0.049946 0.005998 0.189433
v 0.048729 0.005998 0.189417
v 0.052297 0.005998 -0.004058
v 0.050554 0.001928 0.189441
v 0.049337 0.001928 0.189425
v 0.053107 0.001928 -0.004047
v 0.051891 0.001928 -0.004063
v 0.058673 0.002645 0.189548
v 0.057457 0.002645 0.189532
v 0.060618 0.002646 -0.003948
v 0.016305 0.006154 0.188989
v 0.015088 0.006154 0.188973
v 0.017844 0.006154 -0.004512
v 0.071984 0.006316 0.189724
v 0.070768 0.006316 0.189708
v 0.074538 0.006316 -0.003764
v 0.073321 0.006316 -0.003780
v 0.016891 0.002137 0.188997
v 0.015675 0.002137 0.188981
v 0.018532 0.002137 -0.004503
v 0.036029 0.005212 0.189250
v 0.034813 0.005212 0.189233
v 0.037974 0.005212 -0.004247
v 0.054593 0.005126 0.189494
v 0.053376 0.005126 0.189478
v 0.057146 0.005126 -0.003994
v 0.055929 0.005126 -0.004010
v 0.044747 0.002474 0.189365
v 0.043530 0.002474 0.189349
v 0.047098 0.002474 -0.004126
v 0.057452 0.006728 0.189532
v 0.060614 0.006728 -0.003948
v 0.059397 0.006728 -0.003964
v 0.011663 0.007145 0.188928
v 0.010447 0.007145 0.188912
v 0.014217 0.007145 -0.004560
v 0.013000 0.007145 -0.004576
v 0.074712 0.003288 0.189760
v 0.076251 0.003288 -0.003742
v 0.077468 0.003288 -0.003726
v 0.051092 0.008130 0.189448
v 0.049875 0.008130 0.189432
v 0.053645 0.008130 -0.004040
v 0.052429 0.008130 -0.004056
v 0.051091 0.004061 0.189448
v 0.054253 0.004061 -0.004032
v 0.053036 0.004061 -0.004048
v 0.045914 0.001406 0.189380
v 0.044697 0.001406 0.189364
v 0.047859 0.001406 -0.004116
v 0.023260 0.007735 0.189081
v 0.022044 0.007735 0.189065
v 0.025611 0.007735 -0.004410
v 0.028494 0.003434 0.189150
v 0.027278 0.003434 0.189134
v 0.031048 0.003434 -0.004338
v 0.029831 0.003434 -0.004354
v 0.038352 0.004678 0.189280
v 0.037136 0.004678 0.189264
v 0.040906 0.004678 -0.004208
v 0.039689 0.004678 -0.004224
v 0.066814 0.000753 0.189656
v 0.065597 0.000753 0.189640
v 0.068759 0.000753 -0.003840
v 0.049386 0.002997 0.189426
v 0.048169 0.002997 0.189410
v 0.051635 0.002997 -0.004066
v 0.021533 0.002654 0.189058
v 0.020316 0.002654 0.189042
v 0.023782 0.002654 -0.004434
v 0.060952 0.004315 0.189578
v 0.064114 0.004315 -0.003902
v 0.062897 0.004315 -0.003918
v 0.033134 0.003956 0.189211
v 0.031917 0.003956 0.189195
v 0.034775 0.003956 -0.004289
v 0.036628 0.001164 0.189257
v 0.035412 0.001164 0.189241
v 0.039182 0.001164 -0.004231
v 0.037965 0.001164 -0.004247
v 0.009343 0.007672 0.188897
v 0.008126 0.007672 0.188881
v 0.011896 0.007672 -0.004591
v 0.010680 0.007672 -0.004607
v 0.015720 0.008265 0.188982
v 0.014503 0.008265 0.188965
v 0.018274 0.008265 -0.004507
v 0.017057 0.008265 -0.004523
v 0.075481 0.004699 0.189770
v 0.074264 0.004699 0.189754
v 0.077426 0.004699 -0.003726
v 0.065630 0.003437 0.189640
v 0.064413 0.003437 0.189624
v 0.068183 0.003437 -0.003848
v 0.066966 0.003437 -0.003864
v 0.030222 0.006939 0.189173
v 0.029005 0.006939 0.189157
v 0.032167 0.006939 -0.004323
v 0.042995 0.004407 0.189341
v 0.041778 0.004407 0.189325
v 0.044534 0.004407 -0.004160
v 0.043598 0.000348 0.189349
v 0.042381 0.000348 0.189333
v 0.046151 0.000348 -0.004139
v 0.044935 0.000348 -0.004155
v 0.059229 0.005656 0.189556
v 0.058012 0.005656 0.189540
v 0.061782 0.005657 -0.003933
v 0.060566 0.005657 -0.003949
v 0.026176 0.002381 0.189119
v 0.024960 0.002381 0.189103
v 0.028426 0.002381 -0.004373
v 0.059843 0.001573 0.189564
v 0.058626 0.001573 0.189548
v 0.061788 0.001573 -0.003933
v 0.009926 0.003663 0.188905
v 0.008710 0.003663 0.188889
v 0.012175 0.003663 -0.004587
v 0.036828 0.008397 -0.004262
v 0.033362 0.008397 0.189214
v 0.035612 0.008397 -0.004278
v 0.073775 0.001140 0.189748
v 0.072558 0.001140 0.189732
v 0.076024 0.001140 -0.003745
v 0.053425 0.006196 0.189479
v 0.052208 0.006196 0.189463
v 0.055978 0.006196 -0.004009
v 0.054761 0.006196 -0.004025
v 0.027341 0.001320 0.189135
v 0.026124 0.001320 0.189119
v 0.029894 0.001320 -0.004353
v 0.028678 0.001320 -0.004369
v 0.078650 -0.000625 0.189812
v 0.079866 -0.000625 0.189828
v 0.081811 -0.000625 -0.003668
v 0.079924 -0.001069 0.189829
v 0.081140 -0.001069 0.189845
v 0.082477 -0.001069 -0.003659
v 0.083694 -0.001069 -0.003643
v 0.076428 -0.000285 0.189783
v 0.075211 -0.000285 0.189767
v 0.078981 -0.000285 -0.003706
v 0.077765 -0.000285 -0.003722
v 0.079991 -0.002481 0.189830
v 0.081208 -0.002481 0.189846
v 0.083153 -0.002481 -0.003651
v -0.080342 0.000256 0.187714
v -0.081559 0.000256 0.187698
v -0.077789 0.000256 -0.005774
v -0.079006 0.000256 -0.005790
v -0.072868 0.007985 0.187812
v -0.074084 0.007985 0.187796
v -0.070314 0.007985 -0.005676
v -0.071531 0.007985 -0.005692
v -0.073523 0.006064 0.187804
v -0.074740 0.006064 0.187788
v -0.070970 0.006064 -0.005684
v -0.072187 0.006064 -0.005700
v -0.075387 0.005642 0.187779
v -0.076603 0.005642 0.187763
v -0.073442 0.005642 -0.005717
v -0.078282 0.002544 0.187741
v -0.079499 0.002544 0.187725
v -0.076337 0.002544 -0.005755
v -0.073327 0.007930 0.187806
v -0.074543 0.007930 0.187790
v -0.070773 0.007930 -0.005682
v -0.071990 0.007930 -0.005698
v -0.074336 0.002455 0.187793
v -0.075552 0.002455 0.187777
v -0.072391 0.002455 -0.005703
v -0.079058 0.001341 0.187731
v -0.080275 0.001341 0.187715
v -0.076505 0.001341 -0.005757
v -0.077722 0.001341 -0.005773
v -0.074106 0.006333 0.187796
v -0.075323 0.006333 0.187780
v -0.071553 0.006333 -0.005692
v -0.072770 0.006333 -0.005708
v -0.075654 0.004322 0.187776
v -0.076871 0.004322 0.187760
v -0.073709 0.004322 -0.005721
v -0.077179 0.003338 0.187756
v -0.078396 0.003338 0.187740
v -0.075234 0.003339 -0.005741
v -0.078211 0.001998 0.187742
v -0.079428 0.001998 0.187726
v -0.075658 0.001998 -0.005746
v -0.076875 0.001998 -0.005762
v -0.078550 0.001224 0.187737
v -0.079767 0.001224 0.187721
v -0.075997 0.001224 -0.005751
v -0.077213 0.001224 -0.005767
v -0.074807 0.004979 0.187787
v -0.076024 0.004979 0.187771
v -0.072254 0.004979 -0.005701
v -0.073471 0.004979 -0.005717
v -0.077967 0.000954 0.187745
v -0.079184 0.000954 0.187729
v -0.076022 0.000954 -0.005751
v -0.027803 -0.000106 0.188407
v -0.029020 -0.000106 0.188391
v -0.025250 -0.000106 -0.005081
v -0.026466 -0.000106 -0.005097
v -0.056266 -0.002459 0.188032
v -0.057482 -0.002459 0.188015
v -0.054321 -0.002459 -0.005465
v -0.032447 -0.000023 0.188346
v -0.033663 -0.000023 0.188330
v -0.029893 -0.000023 -0.005142
v -0.031110 -0.000023 -0.005158
v -0.035361 -0.002597 0.188307
v -0.036578 -0.002597 0.188291
v -0.032808 -0.002597 -0.005181
v -0.034024 -0.002597 -0.005197
v -0.006905 -0.000270 0.188683
v -0.008121 -0.000270 0.188667
v -0.004960 -0.000270 -0.004813
v -0.053944 -0.002645 0.188062
v -0.055161 -0.002645 0.188046
v -0.051391 -0.002645 -0.005426
v -0.052607 -0.002645 -0.005442
v -0.004582 0.000121 0.188714
v -0.005799 0.000121 0.188698
v -0.003043 0.000121 -0.004788
v -0.039416 -0.000604 0.188254
v -0.040632 -0.000604 0.188238
v -0.036862 -0.000604 -0.005234
v -0.038079 -0.000604 -0.005250
v -0.001680 -0.001986 0.188752
v -0.002897 -0.001986 0.188736
v 0.000265 -0.001986 -0.004744
v -0.051619 -0.002272 0.188093
v -0.052835 -0.002272 0.188077
v -0.049674 -0.002272 -0.005403
v -0.018515 -0.000201 0.188530
v -0.019732 -0.000201 0.188514
v -0.016570 -0.000201 -0.004967
v 0.000062 -0.000111 0.188775
v -0.001155 -0.000111 0.188759
v 0.001703 -0.000111 -0.004725
v -0.029271 -0.000867 0.188388
v -0.026413 -0.000867 -0.005096
v -0.027630 -0.000867 -0.005113
v -0.026645 -0.001053 0.188422
v -0.027862 -0.001053 0.188406
v -0.024092 -0.001052 -0.005066
v -0.025308 -0.001052 -0.005082
v -0.066713 -0.001937 0.187894
v -0.067930 -0.001937 0.187878
v -0.064768 -0.001937 -0.005603
v -0.001099 -0.000891 0.188760
v -0.002316 -0.000891 0.188743
v 0.000542 -0.000891 -0.004741
v -0.053348 -0.000495 0.188070
v -0.054564 -0.000495 0.188054
v -0.050794 -0.000495 -0.005418
v -0.052011 -0.000495 -0.005434
v -0.010970 -0.001945 0.188629
v -0.012187 -0.001945 0.188613
v -0.008417 -0.001945 -0.004859
v -0.009634 -0.001945 -0.004875
v -0.008066 -0.001047 0.188668
v -0.009283 -0.001047 0.188652
v -0.005513 -0.001047 -0.004821
v -0.006730 -0.001047 -0.004837
v -0.009810 -0.002330 0.188645
v -0.011026 -0.002330 0.188629
v -0.007865 -0.002330 -0.004852
v -0.048704 -0.000578 0.188131
v -0.049921 -0.000578 0.188115
v -0.046150 -0.000578 -0.005357
v -0.047367 -0.000578 -0.005373
v -0.071924 -0.000465 0.187825
v -0.073141 -0.000465 0.187809
v -0.069371 -0.000465 -0.005663
v -0.070588 -0.000465 -0.005679
v -0.067881 -0.002669 0.187878
v -0.069098 -0.002669 0.187862
v -0.065936 -0.002669 -0.005618
v -0.069031 -0.001484 0.187863
v -0.070248 -0.001484 0.187847
v -0.066478 -0.001484 -0.005625
v -0.067695 -0.001484 -0.005641
v -0.020261 -0.002047 0.188507
v -0.021478 -0.002047 0.188491
v -0.017708 -0.002047 -0.004982
v -0.018924 -0.002047 -0.004998
v -0.033611 -0.000781 0.188331
v -0.034828 -0.000781 0.188314
v -0.031058 -0.000781 -0.005158
v -0.032274 -0.000781 -0.005174
v -0.017356 -0.001158 0.188545
v -0.018573 -0.001158 0.188529
v -0.015715 -0.001158 -0.004955
v -0.060310 0.000020 0.187978
v -0.061527 0.000020 0.187962
v -0.057757 0.000020 -0.005510
v -0.058973 0.000020 -0.005526
v -0.063802 -0.001089 0.187932
v -0.065019 -0.001089 0.187916
v -0.061249 -0.001089 -0.005556
v -0.062466 -0.001089 -0.005572
v -0.046379 -0.000200 0.188162
v -0.047596 -0.000200 0.188146
v -0.043826 -0.000200 -0.005326
v -0.045043 -0.000200 -0.005342
v -0.049299 -0.002738 0.188123
v -0.050516 -0.002738 0.188107
v -0.047354 -0.002738 -0.005373
v -0.010997 -0.000858 0.188629
v -0.007835 -0.000857 -0.004851
v -0.009052 -0.000857 -0.004867
v -0.070200 -0.002213 0.187848
v -0.071416 -0.002213 0.187832
v -0.068255 -0.002213 -0.005649
v -0.060908 -0.002115 0.187970
v -0.062125 -0.002115 0.187954
v -0.058355 -0.002115 -0.005518
v -0.059572 -0.002115 -0.005534
v -0.041734 -0.000001 0.188223
v -0.042951 -0.000001 0.188207
v -0.039181 -0.000001 -0.005265
v -0.040398 -0.000001 -0.005281
v -0.037700 -0.000224 0.188277
v -0.034538 -0.000223 -0.005204
v -0.035755 -0.000223 -0.005220
v -0.027227 -0.001552 0.188415
v -0.028444 -0.001552 0.188399
v -0.024674 -0.001552 -0.005073
v -0.025891 -0.001552 -0.005090
v -0.044652 -0.002551 0.188185
v -0.045869 -0.002551 0.188169
v -0.042099 -0.002551 -0.005303
v -0.043315 -0.002551 -0.005319
v -0.025482 -0.000290 0.188438
v -0.026698 -0.000290 0.188422
v -0.022928 -0.000290 -0.005050
v -0.024145 -0.000290 -0.005066
v -0.034770 -0.000406 0.188315
v -0.035987 -0.000406 0.188299
v -0.032217 -0.000406 -0.005173
v -0.033434 -0.000406 -0.005189
v -0.017387 -0.002619 0.188545
v -0.014225 -0.002619 -0.004936
v -0.015442 -0.002619 -0.004952
v -0.068449 -0.001278 0.187871
v -0.069665 -0.001278 0.187855
v -0.066504 -0.001278 -0.005625
v -0.012133 -0.002714 0.188614
v -0.013350 -0.002714 0.188598
v -0.009580 -0.002714 -0.004874
v -0.010797 -0.002714 -0.004890
v -0.066123 -0.000910 0.187901
v -0.067340 -0.000910 0.187885
v -0.063570 -0.000910 -0.005587
v -0.064786 -0.000910 -0.005603
v -0.005772 -0.002134 0.188698
v -0.002611 -0.002134 -0.004782
v -0.003827 -0.002134 -0.004798
v -0.059741 -0.001381 0.187986
v -0.060957 -0.001381 0.187970
v -0.057187 -0.001381 -0.005503
v -0.058404 -0.001381 -0.005519
v -0.045224 -0.001129 0.188177
v -0.046441 -0.001129 0.188161
v -0.042671 -0.001129 -0.005311
v -0.043887 -0.001129 -0.005327
v -0.019101 -0.002429 0.188522
v -0.020318 -0.002429 0.188506
v -0.017156 -0.002429 -0.004974
v -0.056835 -0.001055 0.188024
v -0.058052 -0.001055 0.188008
v -0.054282 -0.001055 -0.005464
v -0.055498 -0.001055 -0.005480
v -0.047545 -0.000947 0.188147
v -0.048762 -0.000947 0.188131
v -0.045600 -0.000947 -0.005350
v -0.021416 0.000172 0.188491
v -0.022633 0.000172 0.188475
v -0.018863 0.000172 -0.004997
v -0.020080 0.000172 -0.005013
v -0.052189 -0.000863 0.188085
v -0.053406 -0.000863 0.188069
v -0.049636 -0.000863 -0.005403
v -0.050852 -0.000863 -0.005419
v -0.038842 -0.002034 0.188261
v -0.040059 -0.002034 0.188245
v -0.036289 -0.002034 -0.005227
v -0.037506 -0.002034 -0.005243
v -0.030126 -0.000490 0.188376
v -0.031343 -0.000490 0.188360
v -0.028181 -0.000490 -0.005120
v -0.050452 -0.001531 0.188108
v -0.051669 -0.001531 0.188092
v -0.047899 -0.001531 -0.005380
v -0.049116 -0.001531 -0.005396
v -0.042327 -0.002176 0.188215
v -0.043544 -0.002176 0.188199
v -0.039774 -0.002176 -0.005273
v -0.040991 -0.002176 -0.005289
v -0.043486 -0.001803 0.188200
v -0.044703 -0.001803 0.188184
v -0.040933 -0.001803 -0.005288
v -0.042150 -0.001803 -0.005304
v -0.031872 -0.001463 0.188353
v -0.033089 -0.001463 0.188337
v -0.029927 -0.001463 -0.005143
v -0.009227 -0.000083 0.188652
v -0.010443 -0.000083 0.188636
v -0.007282 -0.000083 -0.004844
v -0.055099 -0.001720 0.188047
v -0.056315 -0.001720 0.188031
v -0.053154 -0.001720 -0.005449
v -0.013901 -0.001465 0.188591
v -0.010739 -0.001465 -0.004890
v -0.011956 -0.001465 -0.004906
v -0.034196 -0.001843 0.188323
v -0.035413 -0.001843 0.188307
v -0.031643 -0.001843 -0.005165
v -0.032860 -0.001843 -0.005181
v -0.036518 -0.001656 0.188292
v -0.037735 -0.001656 0.188276
v -0.034573 -0.001656 -0.005204
v -0.055668 -0.000316 0.188039
v -0.056885 -0.000316 0.188023
v -0.053115 -0.000316 -0.005449
v -0.054332 -0.000316 -0.005465
v -0.049870 -0.001322 0.188116
v -0.051087 -0.001322 0.188100
v -0.047925 -0.001322 -0.005380
v -0.026069 -0.002501 0.188430
v -0.027286 -0.002501 0.188414
v -0.023516 -0.002501 -0.005058
v -0.024733 -0.002501 -0.005074
v -0.024322 -0.000667 0.188453
v -0.025538 -0.000668 0.188437
v -0.021768 -0.000667 -0.005035
v -0.022985 -0.000667 -0.005051
v -0.023745 -0.002121 0.188461
v -0.024962 -0.002121 0.188445
v -0.021192 -0.002121 -0.005028
v -0.022409 -0.002121 -0.005044
v -0.016224 -0.001853 0.188560
v -0.013062 -0.001853 -0.004920
v -0.014279 -0.001853 -0.004936
v -0.057993 -0.000690 0.188009
v -0.059210 -0.000690 0.187993
v -0.056048 -0.000689 -0.005487
v -0.002260 -0.000504 0.188744
v -0.003477 -0.000504 0.188728
v 0.000293 -0.000504 -0.004744
v -0.000924 -0.000504 -0.004760
v -0.057424 -0.002090 0.188016
v -0.058641 -0.002090 0.188000
v -0.054871 -0.002090 -0.005472
v -0.056087 -0.002090 -0.005488
v -0.038256 -0.000977 0.188269
v -0.039473 -0.000977 0.188253
v -0.036311 -0.000977 -0.005227
v -0.019678 -0.000969 0.188514
v -0.020895 -0.000969 0.188498
v -0.017733 -0.000969 -0.004982
v -0.029551 -0.001934 0.188384
v -0.030768 -0.001934 0.188368
v -0.026998 -0.001934 -0.005104
v -0.028215 -0.001934 -0.005120
v -0.057785 0.006515 0.188011
v -0.054624 0.006515 -0.005469
v -0.055840 0.006515 -0.005485
v -0.060786 0.001277 0.187972
v -0.062003 0.001277 0.187956
v -0.058233 0.001277 -0.005516
v -0.059449 0.001277 -0.005532
v -0.026881 0.008407 0.188419
v -0.028098 0.008407 0.188403
v -0.024328 0.008407 -0.005069
v -0.025544 0.008407 -0.005085
v -0.069657 0.005718 0.187855
v -0.070874 0.005718 0.187839
v -0.067104 0.005718 -0.005633
v -0.068321 0.005718 -0.005649
v -0.033425 0.005815 0.188333
v -0.034641 0.005815 0.188317
v -0.030871 0.005815 -0.005155
v -0.032088 0.005815 -0.005171
v -0.010275 0.005192 0.188638
v -0.007114 0.005192 -0.004842
v -0.008330 0.005192 -0.004858
v -0.066123 0.002575 0.187901
v -0.067339 0.002575 0.187885
v -0.063569 0.002575 -0.005587
v -0.064786 0.002575 -0.005603
v -0.024941 0.003234 -0.005077
v -0.028407 0.003234 0.188399
v -0.026158 0.003234 -0.005093
v -0.038778 0.004317 0.188262
v -0.039995 0.004317 0.188246
v -0.036225 0.004317 -0.005226
v -0.037442 0.004317 -0.005242
v -0.004319 0.007507 0.188717
v -0.005536 0.007507 0.188701
v -0.002374 0.007507 -0.004779
v -0.023922 0.005564 0.188458
v -0.025139 0.005564 0.188442
v -0.021369 0.005564 -0.005030
v -0.022586 0.005564 -0.005046
v -0.020366 0.002474 0.188505
v -0.021583 0.002474 0.188489
v -0.017813 0.002474 -0.004983
v -0.019030 0.002474 -0.004999
v -0.036403 0.006915 0.188294
v -0.033242 0.006915 -0.005187
v -0.034458 0.006915 -0.005203
v -0.032246 0.003744 0.188349
v -0.033463 0.003744 0.188332
v -0.029997 0.003744 -0.005144
v -0.007292 0.004168 0.188678
v -0.008508 0.004168 0.188662
v -0.004738 0.004168 -0.004810
v -0.005955 0.004168 -0.004826
v -0.065543 0.001004 0.187909
v -0.066759 0.001004 0.187893
v -0.062989 0.001004 -0.005579
v -0.064206 0.001004 -0.005595
v -0.070884 0.001714 0.187839
v -0.072101 0.001714 0.187823
v -0.068939 0.001714 -0.005658
v -0.039350 0.008472 0.188255
v -0.040566 0.008472 0.188239
v -0.036796 0.008472 -0.005233
v -0.038013 0.008472 -0.005249
v -0.028073 0.007371 0.188404
v -0.029290 0.007371 0.188388
v -0.025520 0.007371 -0.005085
v -0.026736 0.007371 -0.005101
v -0.058985 0.003374 0.187996
v -0.060202 0.003374 0.187980
v -0.056432 0.003374 -0.005493
v -0.057649 0.003374 -0.005509
v -0.036399 0.004840 0.188294
v -0.037616 0.004840 0.188278
v -0.033846 0.004840 -0.005195
v -0.035063 0.004840 -0.005211
v -0.000771 0.004947 0.188764
v 0.002391 0.004947 -0.004716
v 0.001174 0.004947 -0.004732
v -0.047674 0.006650 0.188145
v -0.048890 0.006650 0.188129
v -0.045729 0.006650 -0.005351
v -0.017988 0.002994 0.188537
v -0.019205 0.002994 0.188521
v -0.016043 0.002994 -0.004960
v -0.011447 0.006733 0.188623
v -0.012664 0.006733 0.188607
v -0.008894 0.006733 -0.004865
v -0.010110 0.006733 -0.004881
v -0.029286 0.001161 0.188388
v -0.030502 0.001161 0.188372
v -0.026732 0.001161 -0.005101
v -0.027949 0.001161 -0.005117
v -0.072052 0.003812 0.187823
v -0.073269 0.003812 0.187807
v -0.069499 0.003812 -0.005665
v -0.070716 0.003812 -0.005681
v -0.007881 0.008278 0.188670
v -0.009098 0.008278 0.188654
v -0.005936 0.008278 -0.004826
v -0.052430 0.005996 0.188082
v -0.053646 0.005996 0.188066
v -0.049876 0.005996 -0.005406
v -0.051093 0.005996 -0.005422
v -0.008481 0.003140 0.188662
v -0.009697 0.003140 0.188646
v -0.006536 0.003140 -0.004834
v -0.037601 0.002242 0.188278
v -0.038818 0.002242 0.188262
v -0.035048 0.002242 -0.005210
v -0.036265 0.002242 -0.005226
v -0.049478 0.003520 0.188121
v -0.050694 0.003520 0.188105
v -0.046924 0.003520 -0.005367
v -0.048141 0.003520 -0.005383
v -0.005511 0.001348 0.188701
v -0.006728 0.001348 0.188685
v -0.003566 0.001348 -0.004795
v -0.050042 0.007691 0.188114
v -0.051259 0.007691 0.188098
v -0.047489 0.007691 -0.005375
v -0.048706 0.007691 -0.005391
v -0.067925 0.000475 0.187878
v -0.069141 0.000475 0.187862
v -0.065371 0.000475 -0.005611
v -0.066588 0.000475 -0.005627
v -0.072605 0.008012 0.187816
v -0.073822 0.008012 0.187800
v -0.070052 0.008012 -0.005672
v -0.071268 0.008012 -0.005688
v -0.066678 0.006770 0.187894
v -0.067894 0.006770 0.187878
v -0.064124 0.006770 -0.005594
v -0.065341 0.006770 -0.005610
v -0.022156 0.000403 0.188482
v -0.023373 0.000403 0.188466
v -0.020211 0.000403 -0.005015
v -0.049513 0.000395 0.188121
v -0.046351 0.000395 -0.005360
v -0.047568 0.000395 -0.005376
v -0.003135 0.000325 0.188733
v -0.004352 0.000325 0.188717
v -0.000886 0.000325 -0.004760
v -0.012044 0.004676 0.188615
v -0.013260 0.004676 0.188599
v -0.010099 0.004676 -0.004881
v -0.056035 0.000767 0.188035
v -0.057252 0.000767 0.188019
v -0.054090 0.000767 -0.005462
v -0.010874 0.001080 0.188631
v -0.007713 0.001080 -0.004850
v -0.008929 0.001080 -0.004866
v -0.024530 0.001431 0.188450
v -0.025746 0.001431 0.188434
v -0.021976 0.001431 -0.005038
v -0.023193 0.001431 -0.005054
v -0.032821 0.007888 0.188341
v -0.034038 0.007888 0.188325
v -0.030268 0.007888 -0.005147
v -0.031484 0.007888 -0.005163
v -0.023322 0.007631 0.188466
v -0.024538 0.007631 0.188450
v -0.020768 0.007631 -0.005022
v -0.021985 0.007631 -0.005038
v -0.051275 0.001430 0.188097
v -0.052492 0.001430 0.188081
v -0.048722 0.001430 -0.005391
v -0.049939 0.001430 -0.005407
v -0.054797 0.007038 0.188051
v -0.056014 0.007038 0.188035
v -0.052244 0.007038 -0.005437
v -0.053461 0.007038 -0.005453
v -0.025702 0.006338 0.188435
v -0.026918 0.006338 0.188419
v -0.023148 0.006338 -0.005053
v -0.024365 0.006338 -0.005069
v -0.064910 0.005199 0.187917
v -0.066127 0.005199 0.187901
v -0.062965 0.005199 -0.005579
v -0.006105 0.002117 0.188693
v -0.007321 0.002117 0.188677
v -0.003551 0.002117 -0.004795
v -0.004768 0.002117 -0.004811
v -0.067291 0.004671 0.187886
v -0.068508 0.004671 0.187870
v -0.064738 0.004672 -0.005602
v -0.065955 0.004672 -0.005618
v -0.002539 0.004431 0.188741
v -0.003755 0.004431 0.188724
v -0.000999 0.004431 -0.004761
v -0.059544 0.007559 0.187988
v -0.060761 0.007559 0.187972
v -0.056991 0.007559 -0.005500
v -0.058208 0.007559 -0.005516
v -0.001351 0.002382 0.188756
v -0.002567 0.002382 0.188740
v 0.001203 0.002382 -0.004732
v -0.000014 0.002382 -0.004748
v -0.069043 0.007818 0.187863
v -0.070260 0.007818 0.187847
v -0.066490 0.007818 -0.005625
v -0.067707 0.007818 -0.005641
v -0.053040 0.003906 0.188074
v -0.054256 0.003906 0.188058
v -0.051095 0.003906 -0.005422
v -0.017382 0.008149 0.188545
v -0.018598 0.008149 0.188529
v -0.015437 0.008149 -0.004952
v -0.010858 0.002621 0.188631
v -0.012075 0.002621 0.188615
v -0.008305 0.002621 -0.004857
v -0.009521 0.002621 -0.004873
v -0.061931 0.006250 0.187957
v -0.063147 0.006250 0.187941
v -0.059377 0.006250 -0.005531
v -0.060594 0.006250 -0.005547
v -0.063101 0.008341 0.187941
v -0.064318 0.008341 0.187925
v -0.060548 0.008341 -0.005547
v -0.061765 0.008341 -0.005563
v -0.045902 0.005089 0.188168
v -0.047119 0.005089 0.188152
v -0.043349 0.005089 -0.005320
v -0.044566 0.005089 -0.005336
v -0.041149 0.005354 0.188231
v -0.042365 0.005354 0.188215
v -0.039508 0.005354 -0.005269
v -0.019777 0.000926 0.188513
v -0.020993 0.000926 0.188497
v -0.017223 0.000926 -0.004975
v -0.018440 0.000926 -0.004991
v -0.044710 0.008212 0.188184
v -0.041548 0.008212 -0.005296
v -0.042765 0.008212 -0.005312
v -0.056617 0.002332 0.188027
v -0.057834 0.002332 0.188011
v -0.054064 0.002332 -0.005461
v -0.055281 0.002332 -0.005477
v -0.018573 0.007116 0.188529
v -0.019789 0.007116 0.188513
v -0.016019 0.007116 -0.004959
v -0.017236 0.007116 -0.004975
v -0.040543 0.007433 0.188239
v -0.041760 0.007433 0.188223
v -0.037990 0.007433 -0.005249
v -0.039206 0.007433 -0.005265
v -0.006517 0.007248 -0.004834
v -0.009983 0.007248 0.188642
v -0.007734 0.007248 -0.004850
v -0.054236 0.002859 0.188058
v -0.055453 0.002859 0.188042
v -0.051683 0.002859 -0.005430
v -0.052900 0.002859 -0.005446
v -0.058416 0.000239 0.188003
v -0.059633 0.000239 0.187987
v -0.055863 0.000239 -0.005485
v -0.057079 0.000239 -0.005501
v -0.001365 0.000846 0.188756
v 0.001796 0.000846 -0.004724
v 0.000580 0.000846 -0.004740
v -0.031666 0.000636 0.188356
v -0.032882 0.000636 0.188340
v -0.029112 0.000636 -0.005132
v -0.030329 0.000636 -0.005148
v -0.013646 0.006086 -0.004928
v -0.017213 0.006086 0.188547
v -0.014863 0.006086 -0.004944
v -0.048282 0.004565 0.188137
v -0.049499 0.004565 0.188121
v -0.045729 0.004565 -0.005351
v -0.046945 0.004565 -0.005367
v -0.038173 0.006395 0.188270
v -0.039390 0.006395 0.188254
v -0.035620 0.006395 -0.005218
v -0.036836 0.006395 -0.005234
v -0.070292 0.001518 0.187846
v -0.071509 0.001518 0.187830
v -0.067739 0.001518 -0.005642
v -0.068955 0.001518 -0.005658
v -0.041767 0.001194 0.188223
v -0.042984 0.001194 0.188207
v -0.039822 0.001194 -0.005273
v -0.063741 0.003104 0.187933
v -0.064958 0.003104 0.187917
v -0.061188 0.003104 -0.005555
v -0.062404 0.003104 -0.005571
v 0.001026 0.002899 0.188788
v -0.000191 0.002899 0.188772
v 0.002667 0.002899 -0.004713
v -0.045295 0.007172 0.188176
v -0.046512 0.007172 0.188160
v -0.043654 0.007172 -0.005324
v -0.013253 0.000558 0.188599
v -0.010092 0.000558 -0.004881
v -0.011308 0.000558 -0.004897
v -0.015020 0.001583 0.188576
v -0.016236 0.001583 0.188560
v -0.012466 0.001583 -0.004912
v -0.013683 0.001583 -0.004928
v -0.068489 0.003620 0.187870
v -0.069706 0.003620 0.187854
v -0.065936 0.003620 -0.005618
v -0.067153 0.003620 -0.005634
v -0.062543 0.004154 0.187949
v -0.063760 0.004154 0.187933
v -0.059990 0.004154 -0.005540
v -0.061207 0.004154 -0.005556
v -0.028675 0.005301 0.188396
v -0.029892 0.005301 0.188380
v -0.026122 0.005301 -0.005093
v -0.027338 0.005301 -0.005109
v -0.003727 0.003404 0.188725
v -0.004944 0.003404 0.188709
v -0.001174 0.003404 -0.004763
v -0.002391 0.003404 -0.004779
v -0.060156 0.005466 0.187980
v -0.061372 0.005466 0.187964
v -0.057602 0.005466 -0.005508
v -0.058819 0.005466 -0.005524
v -0.057788 0.004422 0.188011
v -0.059005 0.004422 0.187995
v -0.055235 0.004422 -0.005477
v -0.056452 0.004422 -0.005493
v -0.001944 0.006483 0.188748
v -0.003161 0.006483 0.188732
v 0.000001 0.006483 -0.004748
v -0.037015 0.000687 0.188286
v -0.038232 0.000687 0.188270
v -0.034462 0.000687 -0.005203
v -0.035678 0.000687 -0.005219
v 0.000432 0.006998 0.188780
v -0.000785 0.006998 0.188764
v 0.002985 0.006998 -0.004708
v 0.001769 0.006998 -0.004725
v -0.046524 0.000922 0.188160
v -0.047740 0.000922 0.188144
v -0.043970 0.000922 -0.005328
v -0.045187 0.000922 -0.005344
v -0.013820 0.007762 0.188592
v -0.015037 0.007762 0.188576
v -0.011875 0.007762 -0.004905
v -0.034038 0.001667 0.188325
v -0.035255 0.001667 0.188309
v -0.031485 0.001667 -0.005163
v -0.032702 0.001667 -0.005179
v -0.039973 0.003276 0.188247
v -0.041189 0.003276 0.188230
v -0.037419 0.003276 -0.005242
v -0.038636 0.003276 -0.005258
v -0.006696 0.006222 0.188686
v -0.007913 0.006222 0.188670
v -0.004143 0.006222 -0.004803
v -0.005359 0.006222 -0.004819
v -0.042357 0.001972 0.188215
v -0.043574 0.001972 0.188199
v -0.039804 0.001972 -0.005273
v -0.041020 0.001972 -0.005289
v -0.044728 0.003008 0.188184
v -0.045944 0.003008 0.188168
v -0.042174 0.003008 -0.005304
v -0.043391 0.003008 -0.005320
v -0.071438 0.005913 0.187831
v -0.072654 0.005913 0.187815
v -0.068884 0.005913 -0.005657
v -0.070101 0.005913 -0.005673
v -0.047108 0.002482 0.188152
v -0.048325 0.002482 0.188136
v -0.044555 0.002482 -0.005336
v -0.045771 0.002482 -0.005352
v -0.014244 0.004026 -0.004936
v -0.017811 0.004026 0.188539
v -0.015461 0.004026 -0.004952
v -0.056016 0.004948 0.188035
v -0.052854 0.004948 -0.005445
v -0.054071 0.004948 -0.005461
v -0.029874 0.002712 0.188380
v -0.031090 0.002712 0.188364
v -0.027320 0.002712 -0.005108
v -0.028537 0.002712 -0.005124
v -0.013233 0.003645 0.188599
v -0.014450 0.003645 0.188583
v -0.010984 0.003645 -0.004893
v -0.022740 0.003501 0.188474
v -0.023957 0.003501 0.188458
v -0.020795 0.003501 -0.005022
v -0.031053 0.004781 0.188364
v -0.032270 0.004781 0.188348
v -0.029108 0.004781 -0.005132
v -0.064297 0.007296 0.187926
v -0.065514 0.007296 0.187909
v -0.062352 0.007296 -0.005571
v -0.025121 0.002205 0.188443
v -0.026338 0.002205 0.188426
v -0.022568 0.002205 -0.005046
v -0.023785 0.002205 -0.005062
v -0.030451 0.006853 0.188372
v -0.031667 0.006853 0.188356
v -0.027897 0.006853 -0.005116
v -0.029114 0.006853 -0.005132
v -0.021549 0.004535 0.188490
v -0.022766 0.004535 0.188474
v -0.018996 0.004535 -0.004999
v -0.020212 0.004535 -0.005015
v -0.026303 0.004270 0.188427
v -0.027519 0.004270 0.188411
v -0.023749 0.004270 -0.005061
v -0.024966 0.004270 -0.005077
v -0.061374 0.002060 0.187964
v -0.062590 0.002060 0.187948
v -0.059429 0.002060 -0.005532
v -0.035221 0.002766 0.188309
v -0.036438 0.002766 0.188293
v -0.032668 0.002766 -0.005179
v -0.033885 0.002766 -0.005195
v -0.004914 0.005454 0.188709
v -0.006131 0.005454 0.188693
v -0.002969 0.005454 -0.004787
v -0.050651 0.005606 0.188106
v -0.051867 0.005606 0.188090
v -0.048097 0.005606 -0.005383
v -0.049314 0.005606 -0.005399
v -0.014418 0.005701 0.188584
v -0.015635 0.005701 0.188568
v -0.011865 0.005702 -0.004904
v -0.013082 0.005702 -0.004921
v -0.020950 0.006599 0.188498
v -0.022166 0.006599 0.188482
v -0.018396 0.006599 -0.004991
v -0.019613 0.006599 -0.005007
v -0.052475 0.001820 0.188082
v -0.049314 0.001820 -0.005399
v -0.050530 0.001820 -0.005415
v -0.053603 0.008081 0.188067
v -0.054819 0.008081 0.188051
v -0.051658 0.008081 -0.005430
v -0.015613 0.001968 0.188568
v -0.016830 0.001968 0.188552
v -0.013060 0.001968 -0.004920
v -0.014277 0.001968 -0.004936
v -0.043533 0.004051 0.188200
v -0.044750 0.004051 0.188184
v -0.040979 0.004051 -0.005289
v -0.042196 0.004051 -0.005305
v -0.043534 0.006133 0.188200
v -0.040373 0.006133 -0.005281
v -0.041589 0.006133 -0.005297
v -0.019172 0.005053 0.188521
v -0.020388 0.005053 0.188505
v -0.016618 0.005053 -0.004967
v -0.017835 0.005053 -0.004983
v -0.057785 0.006515 0.188011
v -0.054624 0.006515 -0.005469
v -0.055840 0.006515 -0.005485
v -0.060786 0.001277 0.187972
v -0.062003 0.001277 0.187956
v -0.058233 0.001277 -0.005516
v -0.059449 0.001277 -0.005532
v -0.026881 0.008407 0.188419
v -0.028098 0.008407 0.188403
v -0.024328 0.008407 -0.005069
v -0.025544 0.008407 -0.005085
v -0.069657 0.005718 0.187855
v -0.070874 0.005718 0.187839
v -0.067104 0.005718 -0.005633
v -0.068321 0.005718 -0.005649
v -0.033425 0.005815 0.188333
v -0.034641 0.005815 0.188317
v -0.030871 0.005815 -0.005155
v -0.032088 0.005815 -0.005171
v -0.010275 0.005192 0.188638
v -0.007114 0.005192 -0.004842
v -0.008330 0.005192 -0.004858
v -0.066123 0.002575 0.187901
v -0.067339 0.002575 0.187885
v -0.063569 0.002575 -0.005587
v -0.064786 0.002575 -0.005603
v -0.024941 0.003234 -0.005077
v -0.028407 0.003234 0.188399
v -0.026158 0.003234 -0.005093
v -0.038778 0.004317 0.188262
v -0.039995 0.004317 0.188246
v -0.036225 0.004317 -0.005226
v -0.037442 0.004317 -0.005242
v -0.004319 0.007507 0.188717
v -0.005536 0.007507 0.188701
v -0.002374 0.007507 -0.004779
v -0.023922 0.005564 0.188458
v -0.025139 0.005564 0.188442
v -0.021369 0.005564 -0.005030
v -0.022586 0.005564 -0.005046
v -0.020366 0.002474 0.188505
v -0.021583 0.002474 0.188489
v -0.017813 0.002474 -0.004983
v -0.019030 0.002474 -0.004999
v -0.036403 0.006915 0.188294
v -0.033242 0.006915 -0.005187
v -0.034458 0.006915 -0.005203
v -0.032246 0.003744 0.188349
v -0.033463 0.003744 0.188332
v -0.029997 0.003744 -0.005144
v -0.007292 0.004168 0.188678
v -0.008508 0.004168 0.188662
v -0.004738 0.004168 -0.004810
v -0.005955 0.004168 -0.004826
v -0.065543 0.001004 0.187909
v -0.066759 0.001004 0.187893
v -0.062989 0.001004 -0.005579
v -0.064206 0.001004 -0.005595
v -0.070884 0.001714 0.187839
v -0.072101 0.001714 0.187823
v -0.068939 0.001714 -0.005658
v -0.039350 0.008472 0.188255
v -0.040566 0.008472 0.188239
v -0.036796 0.008472 -0.005233
v -0.038013 0.008472 -0.005249
v -0.028073 0.007371 0.188404
v -0.029290 0.007371 0.188388
v -0.025520 0.007371 -0.005085
v -0.026736 0.007371 -0.005101
v -0.058985 0.003374 0.187996
v -0.060202 0.003374 0.187980
v -0.056432 0.003374 -0.005493
v -0.057649 0.003374 -0.005509
v -0.036399 0.004840 0.188294
v -0.037616 0.004840 0.188278
v -0.033846 0.004840 -0.005195
v -0.035063 0.004840 -0.005211
v -0.000771 0.004947 0.188764
v 0.002391 0.004947 -0.004716
v 0.001174 0.004947 -0.004732
v -0.047674 0.006650 0.188145
v -0.048890 0.006650 0.188129
v -0.045729 0.006650 -0.005351
v -0.017988 0.002994 0.188537
v -0.019205 0.002994 0.188521
v -0.016043 0.002994 -0.004960
v -0.011447 0.006733 0.188623
v -0.012664 0.006733 0.188607
v -0.008894 0.006733 -0.004865
v -0.010110 0.006733 -0.004881
v -0.029286 0.001161 0.188388
v -0.030502 0.001161 0.188372
v -0.026732 0.001161 -0.005101
v -0.027949 0.001161 -0.005117
v -0.072052 0.003812 0.187823
v -0.073269 0.003812 0.187807
v -0.069499 0.003812 -0.005665
v -0.070716 0.003812 -0.005681
v -0.007881 0.008278 0.188670
v -0.009098 0.008278 0.188654
v -0.005936 0.008278 -0.004826
v -0.052430 0.005996 0.188082
v -0.053646 0.005996 0.188066
v -0.049876 0.005996 -0.005406
v -0.051093 0.005996 -0.005422
v -0.008481 0.003140 0.188662
v -0.009697 0.003140 0.188646
v -0.006536 0.003140 -0.004834
v -0.037601 0.002242 0.188278
v -0.038818 0.002242 0.188262
v -0.035048 0.002242 -0.005210
v -0.036265 0.002242 -0.005226
v -0.049478 0.003520 0.188121
v -0.050694 0.003520 0.188105
v -0.046924 0.003520 -0.005367
v -0.048141 0.003520 -0.005383
v -0.005511 0.001348 0.188701
v -0.006728 0.001348 0.188685
v -0.003566 0.001348 -0.004795
v -0.050042 0.007691 0.188114
v -0.051259 0.007691 0.188098
v -0.047489 0.007691 -0.005375
v -0.048706 0.007691 -0.005391
v -0.067925 0.000475 0.187878
v -0.069141 0.000475 0.187862
v -0.065371 0.000475 -0.005611
v -0.066588 0.000475 -0.005627
v -0.072605 0.008012 0.187816
v -0.073822 0.008012 0.187800
v -0.070052 0.008012 -0.005672
v -0.071268 0.008012 -0.005688
v -0.066678 0.006770 0.187894
v -0.067894 0.006770 0.187878
v -0.064124 0.006770 -0.005594
v -0.065341 0.006770 -0.005610
v -0.022156 0.000403 0.188482
v -0.023373 0.000403 0.188466
v -0.020211 0.000403 -0.005015
v -0.049513 0.000395 0.188121
v -0.046351 0.000395 -0.005360
v -0.047568 0.000395 -0.005376
v -0.003135 0.000325 0.188733
v -0.004352 0.000325 0.188717
v -0.000886 0.000325 -0.004760
v -0.012044 0.004676 0.188615
v -0.013260 0.004676 0.188599
v -0.010099 0.004676 -0.004881
v -0.056035 0.000767 0.188035
v -0.057252 0.000767 0.188019
v -0.054090 0.000767 -0.005462
v -0.010874 0.001080 0.188631
v -0.007713 0.001080 -0.004850
v -0.008929 0.001080 -0.004866
v -0.024530 0.001431 0.188450
v -0.025746 0.001431 0.188434
v -0.021976 0.001431 -0.005038
v -0.023193 0.001431 -0.005054
v -0.032821 0.007888 0.188341
v -0.034038 0.007888 0.188325
v -0.030268 0.007888 -0.005147
v -0.031484 0.007888 -0.005163
v -0.023322 0.007631 0.188466
v -0.024538 0.007631 0.188450
v -0.020768 0.007631 -0.005022
v -0.021985 0.007631 -0.005038
v -0.051275 0.001430 0.188097
v -0.052492 0.001430 0.188081
v -0.048722 0.001430 -0.005391
v -0.049939 0.001430 -0.005407
v -0.054797 0.007038 0.188051
v -0.056014 0.007038 0.188035
v -0.052244 0.007038 -0.005437
v -0.053461 0.007038 -0.005453
v -0.025702 0.006338 0.188435
v -0.026918 0.006338 0.188419
v -0.023148 0.006338 -0.005053
v -0.024365 0.006338 -0.005069
v -0.064910 0.005199 0.187917
v -0.066127 0.005199 0.187901
v -0.062965 0.005199 -0.005579
v -0.006105 0.002117 0.188693
v -0.007321 0.002117 0.188677
v -0.003551 0.002117 -0.004795
v -0.004768 0.002117 -0.004811
v -0.067291 0.004671 0.187886
v -0.068508 0.004671 0.187870
v -0.064738 0.004672 -0.005602
v -0.065955 0.004672 -0.005618
v -0.076945 -0.000073 0.187759
v -0.078162 -0.000073 0.187743
v -0.074392 -0.000073 -0.005730
v -0.075609 -0.000073 -0.005746
v -0.079994 -0.002246 0.187718
v -0.081210 -0.002246 0.187702
v -0.077440 -0.002246 -0.005770
v -0.078657 -0.002246 -0.005786
v -0.074955 -0.000023 0.187785
v -0.076172 -0.000023 0.187769
v -0.073010 -0.000023 -0.005711
v -0.080242 -0.002608 0.187715
v -0.081459 -0.002608 0.187699
v -0.077689 -0.002608 -0.005773
v -0.078905 -0.002608 -0.005789
v -0.076521 -0.001996 0.187764
v -0.077737 -0.001996 0.187748
v -0.073967 -0.001996 -0.005724
v -0.075184 -0.001996 -0.005740
v -0.080551 -0.000646 0.187711
v -0.081768 -0.000646 0.187695
v -0.077998 -0.000646 -0.005777
v -0.079215 -0.000646 -0.005793
v -0.075207 -0.000386 0.187782
v -0.076423 -0.000386 0.187766
v -0.072653 -0.000386 -0.005707
v -0.073870 -0.000386 -0.005723
v -0.078754 -0.002336 0.187735
v -0.079971 -0.002336 0.187719
v -0.076201 -0.002336 -0.005753
v -0.077417 -0.002336 -0.005769
v -0.080738 -0.002382 0.187709
v -0.081955 -0.002382 0.187693
v -0.078793 -0.002382 -0.005788
v -0.077636 -0.001725 0.187750
v -0.078852 -0.001725 0.187733
v -0.075082 -0.001725 -0.005739
v -0.076299 -0.001725 -0.005755
v -0.078492 -0.001545 0.187738
v -0.075330 -0.001545 -0.005742
v -0.076547 -0.001545 -0.005758
v -0.073594 -0.000723 0.187803
v -0.074811 -0.000723 0.187787
v -0.071041 -0.000723 -0.005685
v -0.072257 -0.000723 -0.005701
v -0.080614 -0.001661 0.187710
v -0.081830 -0.001661 0.187694
v -0.078060 -0.001661 -0.005778
v -0.079277 -0.001661 -0.005794
vn -0.4326 0.9016 0.0046
vn -0.4321 0.9018 0.0006
vn -1.0000 -0.0000 0.0049
vn 0.4316 0.9020 0.0120
vn 0.4219 0.9003 0.1070
vn -0.3998 0.9110 0.1011
vn 0.4300 0.8956 0.1144
vn -0.8977 0.4145 0.1495
vn -0.9756 -0.0011 0.2195
vn -0.9991 0.0275 -0.0327
vn -0.8693 -0.4587 0.1844
vn -0.4923 0.8697 0.0360
vn -0.8911 0.4304 0.1439
vn -0.9760 0.0060 0.2177
vn -0.4062 0.9063 0.1166
vn -0.4707 0.8819 -0.0275
vn -0.4728 0.8802 0.0408
vn 0.1133 0.3739 -0.9205
vn -0.9866 -0.1552 0.0500
vn -0.6473 -0.6846 -0.3353
vn -0.4133 0.9020 0.1249
vn -0.9941 0.0010 0.1081
vn -0.4366 0.8942 0.0992
vn 0.4115 0.9114 0.0046
vn -0.6462 0.6846 -0.3373
vn 0.4071 0.9132 0.0172
vn -0.3960 0.9155 0.0706
vn -0.9229 0.3766 0.0807
vn -0.3940 0.9164 0.0700
vn -0.9290 -0.3601 0.0851
vn -0.9233 -0.3738 0.0886
vn 0.4127 0.9035 0.1158
vn 0.4310 0.8946 0.1176
vn -0.9843 -0.1747 0.0255
vn -0.6653 -0.6829 -0.3018
vn -0.4736 0.8798 0.0401
vn 0.7872 0.6159 0.0318
vn 0.7777 0.6282 0.0243
vn 0.4320 0.9017 0.0160
vn 0.7785 0.6080 0.1557
vn 0.7772 0.6131 0.1418
vn 0.3667 0.9083 -0.2014
vn -0.4250 0.9047 -0.0311
vn 0.7871 0.6161 0.0292
vn 0.2906 0.9203 -0.2618
vn 0.4254 0.8993 0.1019
vn -0.3963 0.9141 0.0856
vn 0.7787 0.6081 0.1543
vn 0.7773 0.6134 0.1399
vn 0.7757 0.6086 0.1673
vn 0.6542 0.6610 -0.3675
vn 0.7696 0.6344 0.0729
vn 0.4242 0.9024 0.0760
vn 0.4241 0.9024 0.0766
vn 0.7828 0.6135 0.1046
vn 0.7820 0.6165 0.0919
vn 0.7718 0.6308 0.0803
vn 0.4280 0.9036 0.0173
vn 0.4314 0.9021 0.0106
vn 0.7835 0.6139 0.0963
vn 0.7825 0.6171 0.0836
vn -0.9999 -0.0000 0.0139
vn -0.4326 -0.9016 0.0046
vn -0.4028 -0.9079 0.1161
vn 0.4239 -0.9005 0.0971
vn 0.4275 -0.8979 0.1048
vn -0.8939 -0.4223 0.1506
vn -0.3624 -0.9300 0.0611
vn 0.3648 -0.9124 -0.1859
vn -0.9020 -0.4050 0.1498
vn -0.3991 -0.9113 0.1010
vn 0.4115 -0.9114 0.0046
vn 0.4071 -0.9132 0.0172
vn -0.4168 -0.9017 0.1147
vn -0.4335 -0.8968 0.0879
vn 0.4257 -0.8998 0.0954
vn -0.4728 -0.8802 0.0408
vn 0.4317 -0.9019 0.0110
vn 0.4276 -0.9038 0.0177
vn -0.9867 0.1541 0.0516
vn -0.3862 -0.9162 0.1072
vn -0.4013 -0.9096 0.1079
vn 0.4236 -0.9022 0.0809
vn 0.4112 -0.9115 0.0041
vn 0.4075 -0.9131 0.0168
vn 0.4320 -0.9017 0.0160
vn 0.4316 -0.9020 0.0120
vn 0.7777 -0.6282 0.0243
vn 0.7770 -0.6136 0.1405
vn 0.7785 -0.6080 0.1557
vn 0.2906 -0.9203 -0.2618
vn 0.7871 -0.6161 0.0292
vn 0.4220 -0.9004 0.1061
vn 0.4301 -0.8956 0.1135
vn 0.7773 -0.6132 0.1404
vn 0.7787 -0.6081 0.1543
vn 0.7820 -0.6165 0.0914
vn 0.7828 -0.6135 0.1042
vn 0.4201 -0.9026 0.0940
vn 0.7714 -0.6319 0.0753
vn 0.7820 -0.6165 0.0919
vn 0.7828 -0.6135 0.1047
vn 0.4245 -0.9019 0.0802
vn 0.7695 -0.6340 0.0769
vn 0.7824 -0.6171 0.0836
vn 0.7835 -0.6139 0.0963
vn -0.0132 -0.0000 0.9999
vn -0.7854 0.6055 -0.1287
vn -0.9959 0.0248 -0.0874
vn -0.9993 -0.0209 -0.0307
vn -0.7865 -0.0004 0.6176
vn -0.7243 0.5884 0.3594
vn -0.9418 0.0380 0.3341
vn -0.7575 0.6484 0.0757
vn -0.9599 -0.0004 0.2802
vn -0.8203 0.4417 0.3633
vn -0.7178 0.6695 0.1910
vn -0.9736 0.0660 0.2186
vn -0.7283 0.6033 0.3249
vn -0.6663 0.5820 0.4662
vn -0.7576 0.6527 0.0026
vn -0.7576 0.6527 -0.0004
vn -1.0000 0.0091 -0.0038
vn -0.0000 1.0000 -0.0000
vn 0.3290 0.3576 -0.8740
vn 0.8527 0.0018 -0.5224
vn 0.9099 0.3408 -0.2367
vn 0.9579 -0.0038 0.2871
vn 0.6575 0.4611 0.5959
vn 0.3704 -0.0339 0.9282
vn 0.0967 0.3559 0.9295
vn 0.9326 -0.0380 0.3588
vn 0.9997 -0.0091 0.0226
vn 0.7188 0.6101 0.3334
vn 0.9522 0.0004 0.3054
vn 0.7195 0.6033 0.3440
vn 0.7644 0.6361 0.1054
vn 0.9091 0.0128 0.4164
vn 0.9661 -0.0247 0.2569
vn 0.8043 0.4719 0.3611
vn 0.7700 0.0004 0.6381
vn 0.9978 -0.0248 -0.0610
vn 0.7869 0.6060 -0.1167
vn 0.9998 0.0179 0.0045
vn 0.7987 0.6015 -0.0170
vn 0.6353 0.6802 0.3657
vn 0.6541 0.5822 0.4829
vn 0.7342 0.6782 0.0313
vn 0.6796 0.7333 0.0210
vn 0.7492 0.6257 0.2175
vn -0.4709 0.3819 -0.7952
vn 0.2021 0.0024 -0.9794
vn -0.6730 0.4611 0.5783
vn -0.3949 0.0341 0.9181
vn -0.9734 -0.0107 0.2290
vn -0.9329 -0.0126 0.3599
vn -0.0193 -0.5142 0.8575
vn 0.0217 0.4670 0.8840
vn -0.7273 -0.6101 0.3143
vn -0.7283 -0.6033 0.3249
vn -0.7669 -0.6361 0.0852
vn -0.7822 -0.5899 0.2003
vn -0.8124 -0.4745 0.3389
vn -0.7822 -0.6076 -0.1375
vn -0.7979 -0.6015 -0.0381
vn -0.6447 -0.6802 0.3488
vn -0.6666 -0.5823 0.4654
vn -0.7403 -0.6722 0.0154
vn -0.6799 -0.7333 0.0030
vn -0.0000 -1.0000 -0.0000
vn 0.6575 -0.4611 0.5959
vn 0.3304 -0.3584 -0.8731
vn -0.0033 -0.5141 0.8577
vn -0.0450 0.4670 0.8831
vn 0.7881 -0.6060 -0.1080
vn 0.7146 -0.5884 0.3784
vn 0.7552 -0.6484 0.0957
vn 0.8100 -0.4446 0.3824
vn 0.7242 -0.6583 0.2053
vn 0.7195 -0.6033 0.3440
vn 0.6537 -0.5820 0.4836
vn 0.7539 -0.6565 0.0256
vn 0.7574 -0.6527 0.0196
vn -0.4680 -0.3785 -0.7986
vn -0.7394 -0.0028 -0.6733
vn -0.9089 -0.3647 -0.2020
vn -0.6730 -0.4611 0.5783
vn -0.1212 -0.3559 0.9266
vn -0.3984 0.9148 0.0668
vn -0.8540 0.4898 0.1751
vn -0.8570 -0.4840 0.1770
vn -0.9249 0.3720 0.0790
vn -0.4715 0.8819 -0.0010
vn 0.4273 0.8991 0.0947
vn 0.7697 0.6343 0.0726
vn 0.7726 0.6302 0.0772
vn -0.4321 -0.9018 0.0006
vn -0.3978 -0.9136 0.0842
vn -0.3979 -0.9150 0.0662
vn -0.4716 -0.8818 -0.0004
vn 0.7872 -0.6159 0.0318
vn 0.7719 -0.6315 0.0730
vn 0.7695 -0.6340 0.0766
vn -0.7681 0.6394 -0.0358
vn 0.7576 0.6526 -0.0092
vn -0.9087 0.3572 -0.2158
vn -0.1212 0.3559 0.9266
vn -0.7571 -0.6526 -0.0292
vn 0.9091 -0.3333 -0.2499
vn 0.0967 -0.3559 0.9295
vn 0.7687 -0.6394 -0.0155
vt 0.640656 0.551892
vt 0.563870 0.552133
vt 0.563891 0.587538
vt 0.565690 0.215644
vt 0.552732 0.215542
vt 0.563869 0.552053
vt 0.565688 0.215731
vt 0.550722 0.580588
vt 0.563892 0.587493
vt 0.481875 0.587493
vt 0.550713 0.597448
vt 0.550834 0.552011
vt 0.468586 0.580502
vt 0.481875 0.587493
vt 0.481816 0.551756
vt 0.460467 0.551676
vt 0.468643 0.551665
vt 0.470436 0.215242
vt 0.460351 0.591788
vt 0.468556 0.597546
vt 0.450087 0.551628
vt 0.460335 0.587493
vt 0.443691 0.215119
vt 0.449751 0.577405
vt 0.451820 0.215199
vt 0.431751 0.551507
vt 0.441494 0.580475
vt 0.441890 0.551552
vt 0.431057 0.594564
vt 0.441494 0.594501
vt 0.433530 0.215085
vt 0.443691 0.215119
vt 0.422179 0.591821
vt 0.431184 0.597617
vt 0.431659 0.551409
vt 0.642944 0.181702
vt 0.566213 0.180181
vt 0.642471 0.216951
vt 0.566206 0.180442
vt 0.552810 0.180299
vt 0.552653 0.215625
vt 0.481817 0.551842
vt 0.552786 0.180172
vt 0.484029 0.179691
vt 0.483609 0.215272
vt 0.468733 0.551752
vt 0.484025 0.179980
vt 0.470579 0.179545
vt 0.470555 0.179418
vt 0.462476 0.179307
vt 0.462463 0.180002
vt 0.451909 0.215103
vt 0.462262 0.215152
vt 0.451595 0.179296
vt 0.443506 0.179357
vt 0.443500 0.180061
vt 0.433462 0.215171
vt 0.424556 0.215096
vt 0.432812 0.179427
vt 0.423894 0.179665
vt 0.640495 0.587493
vt 0.640656 0.623094
vt 0.563869 0.622932
vt 0.552743 0.959446
vt 0.565688 0.959255
vt 0.550721 0.594406
vt 0.481817 0.623143
vt 0.552653 0.959359
vt 0.468576 0.594492
vt 0.481816 0.623230
vt 0.462262 0.959833
vt 0.470436 0.959744
vt 0.450094 0.623355
vt 0.460467 0.623309
vt 0.462262 0.959833
vt 0.450022 0.623445
vt 0.443691 0.959867
vt 0.451820 0.959787
vt 0.441542 0.583183
vt 0.431726 0.623487
vt 0.441890 0.623434
vt 0.443691 0.959867
vt 0.424556 0.959890
vt 0.433462 0.959812
vt 0.642471 0.958034
vt 0.565690 0.959342
vt 0.566213 0.994805
vt 0.552810 0.994687
vt 0.566206 0.994544
vt 0.484029 0.995294
vt 0.552786 0.994814
vt 0.470515 0.959830
vt 0.483609 0.959714
vt 0.470579 0.995440
vt 0.484025 0.995006
vt 0.462475 0.995612
vt 0.470555 0.995567
vt 0.451894 0.959878
vt 0.462463 0.994984
vt 0.443506 0.995629
vt 0.451595 0.995690
vt 0.433555 0.959908
vt 0.443500 0.994925
vt 0.423894 0.995321
vt 0.432812 0.995559
vt 0.139087 0.976776
vt 0.117950 0.979928
vt 0.118362 0.996153
vt 0.104646 0.996010
vt 0.105398 0.979788
vt 0.084323 0.976264
vt 0.142183 0.649123
vt 0.136896 0.962226
vt 0.117959 0.637891
vt 0.139069 0.641214
vt 0.118506 0.621667
vt 0.084323 0.641373
vt 0.105414 0.637923
vt 0.104781 0.621702
vt 0.086718 0.961751
vt 0.004706 0.447725
vt 0.036072 0.600616
vt 0.039610 0.348691
vt 0.039448 0.853204
vt 0.008921 0.942802
vt 0.039559 0.952683
vt 0.005161 0.689198
vt 0.039252 0.733250
vt 0.009602 0.097325
vt 0.005116 0.240466
vt 0.035581 0.246294
vt 0.006115 0.755161
vt 0.007397 0.842106
vt 0.004751 0.338999
vt 0.003906 0.991719
vt 0.039618 0.995787
vt 0.213829 0.503959
vt 0.270699 0.423147
vt 0.211408 0.422085
vt 0.298301 0.772739
vt 0.184858 0.663921
vt 0.170791 0.770307
vt 0.080302 0.203711
vt 0.411079 0.163768
vt 0.080302 0.157918
vt 0.290378 0.357388
vt 0.194081 0.355680
vt 0.182214 0.863939
vt 0.196387 0.854956
vt 0.191141 0.833752
vt 0.336144 0.280986
vt 0.151046 0.277711
vt 0.230137 0.997032
vt 0.232523 0.876760
vt 0.211533 0.870699
vt 0.197200 0.812765
vt 0.212941 0.797616
vt 0.234148 0.792365
vt 0.309699 0.875839
vt 0.339480 0.850816
vt 0.309701 0.839455
vt 0.339485 0.823695
vt 0.309860 0.803870
vt 0.339465 0.780650
vt 0.313864 0.773563
vt 0.960441 0.952683
vt 0.960380 0.995787
vt 0.979232 0.947863
vt 0.960748 0.733250
vt 0.993885 0.755161
vt 0.994839 0.689198
vt 0.961570 0.146160
vt 0.960299 0.246276
vt 0.990398 0.097325
vt 0.960610 0.853204
vt 0.957940 0.600607
vt 0.995294 0.447725
vt 0.961791 0.348580
vt 0.995210 0.609474
vt 0.991078 0.942803
vt 0.992603 0.842106
vt 0.995249 0.338999
vt 0.996094 0.991719
vt 0.265315 0.504903
vt 0.409460 0.209533
vt 0.288288 0.665879
vt 0.253731 0.871515
vt 0.994884 0.240466
vt 0.270289 0.814164
vt 0.283291 0.865894
vt 0.269476 0.856368
vt 0.255139 0.798422
vt 0.309679 0.902221
vt 0.339484 0.878970
vt 0.309860 0.965786
vt 0.339465 0.989006
vt 0.339485 0.945961
vt 0.038430 0.146160
vt 0.046965 0.083830
vt 0.030052 0.083667
vt 0.058335 0.947811
vt 0.072449 0.755068
vt 0.073219 0.689102
vt 0.072016 0.240371
vt 0.067121 0.097244
vt 0.072998 0.447629
vt 0.073367 0.609378
vt 0.070167 0.942717
vt 0.071410 0.842017
vt 0.072649 0.338904
vt 0.075320 0.991619
vt 0.917705 0.108355
vt 0.917705 0.062562
vt 0.846961 0.182355
vt 0.803926 0.260326
vt 0.727301 0.327785
vt 0.765401 0.781405
vt 0.768078 0.901671
vt 0.786379 0.775309
vt 0.800668 0.717395
vt 0.815683 0.768502
vt 0.827075 0.674953
vt 0.801500 0.759545
vt 0.784924 0.702256
vt 0.813031 0.568584
vt 0.763718 0.697011
vt 0.369101 0.803870
vt 0.369261 0.875839
vt 0.953035 0.083830
vt 0.969948 0.083667
vt 0.927002 0.447630
vt 0.929832 0.942717
vt 0.926781 0.689102
vt 0.932881 0.097246
vt 0.927991 0.240372
vt 0.927551 0.755068
vt 0.928590 0.842017
vt 0.927351 0.338904
vt 0.924680 0.991619
vt 0.709601 0.570507
vt 0.699565 0.677384
vt 0.588548 0.114175
vt 0.586929 0.068410
vt 0.714610 0.770621
vt 0.728414 0.761069
vt 0.722337 0.740056
vt 0.707628 0.262029
vt 0.661863 0.185628
vt 0.732657 0.409535
vt 0.744183 0.776195
vt 0.727579 0.718825
vt 0.742727 0.703073
vt 0.369281 0.902220
vt 0.339481 0.911601
vt 0.369260 0.930200
vt 0.369101 0.965785
vt 0.365097 0.996093
vt 0.550942 0.552105
vt 0.449702 0.580467
vt 0.449701 0.594508
vt 0.431058 0.580411
vt 0.422751 0.551402
vt 0.470523 0.215154
vt 0.451626 0.179531
vt 0.432848 0.179638
vt 0.563870 0.622852
vt 0.550920 0.622887
vt 0.468753 0.623228
vt 0.642944 0.993283
vt 0.451626 0.995455
vt 0.432848 0.995348
vt 0.136758 0.655743
vt 0.086718 0.655890
vt 0.004790 0.609474
vt 0.275536 0.835374
vt 0.309701 0.930201
vt 0.313864 0.996093
vt 0.784144 0.408615
vt 0.786592 0.326734
vt 0.806732 0.738361
vt 0.369260 0.839455
vt 0.365097 0.773563
vt 0.926633 0.609378
vt 0.899887 0.998439
vt 0.901125 0.801560
vt 0.899887 0.801560
vt 0.603973 0.801562
vt 0.603354 0.998439
vt 0.604592 0.998439
vt 0.546664 0.998439
vt 0.547902 0.998439
vt 0.546973 0.801562
vt 0.922310 0.598435
vt 0.922929 0.401556
vt 0.921691 0.401556
vt 0.600231 0.601562
vt 0.598994 0.601562
vt 0.600231 0.798439
vt 0.607715 0.998439
vt 0.608953 0.998439
vt 0.607715 0.801562
vt 0.922310 0.798437
vt 0.922929 0.601558
vt 0.921691 0.601558
vt 0.351665 0.801562
vt 0.350427 0.801562
vt 0.351459 0.998439
vt 0.830115 0.598437
vt 0.831353 0.598437
vt 0.830425 0.401558
vt 0.215861 0.598440
vt 0.216480 0.401563
vt 0.215242 0.401563
vt 0.267571 0.598440
vt 0.268809 0.598440
vt 0.267571 0.401563
vt 0.512396 0.998439
vt 0.513015 0.801562
vt 0.511777 0.801562
vt 0.303077 0.801562
vt 0.302458 0.998439
vt 0.303696 0.998439
vt 0.320830 0.801562
vt 0.319901 0.998439
vt 0.321139 0.998439
vt 0.451964 0.601562
vt 0.450726 0.601562
vt 0.451757 0.798439
vt 0.851919 0.598435
vt 0.853157 0.401556
vt 0.851919 0.401556
vt 0.686209 0.598440
vt 0.687447 0.598440
vt 0.686209 0.401563
vt 0.281582 0.601562
vt 0.280654 0.798439
vt 0.281892 0.798439
vt 0.437643 0.198441
vt 0.438881 0.198441
vt 0.437643 0.001562
vt 0.207139 0.398440
vt 0.207758 0.201564
vt 0.206520 0.201564
vt 0.141727 0.598440
vt 0.142346 0.401563
vt 0.141108 0.401563
vt 0.019624 0.801562
vt 0.019005 0.998439
vt 0.020243 0.998439
vt 0.286253 0.201563
vt 0.285015 0.398440
vt 0.286253 0.398440
vt 0.660044 0.998439
vt 0.661282 0.801562
vt 0.660044 0.801562
vt 0.490592 0.201564
vt 0.489973 0.398440
vt 0.491211 0.398440
vt 0.264449 0.201564
vt 0.263211 0.201564
vt 0.264449 0.398441
vt 0.695550 0.598440
vt 0.696169 0.401563
vt 0.694931 0.401563
vt 0.058871 0.601562
vt 0.058252 0.798439
vt 0.059490 0.798439
vt 0.163531 0.798439
vt 0.164150 0.601562
vt 0.162912 0.601562
vt 0.747260 0.798439
vt 0.748498 0.601562
vt 0.747260 0.601562
vt 0.838837 0.398436
vt 0.840075 0.398436
vt 0.838837 0.201557
vt 0.616643 0.398440
vt 0.617675 0.201563
vt 0.616436 0.201564
vt 0.682158 0.398440
vt 0.683086 0.201564
vt 0.681848 0.201564
vt 0.681848 0.598440
vt 0.683086 0.401563
vt 0.681848 0.401563
vt 0.260088 0.601562
vt 0.258850 0.798439
vt 0.260088 0.798439
vt 0.717973 0.201563
vt 0.716735 0.398440
vt 0.717973 0.398440
vt 0.704890 0.601563
vt 0.703653 0.601563
vt 0.704890 0.798439
vt 0.372850 0.598440
vt 0.373469 0.401563
vt 0.372231 0.401563
vt 0.882651 0.998439
vt 0.883682 0.801559
vt 0.882444 0.801559
vt 0.007160 0.801562
vt 0.005922 0.801562
vt 0.007160 0.998439
vt 0.495572 0.201564
vt 0.494334 0.398440
vt 0.495572 0.398440
vt 0.838837 0.998439
vt 0.840074 0.998439
vt 0.838837 0.801562
vt 0.765322 0.598440
vt 0.765941 0.401563
vt 0.764703 0.401563
vt 0.202778 0.801562
vt 0.202159 0.998439
vt 0.203397 0.998439
vt 0.456325 0.801562
vt 0.455087 0.801562
vt 0.456325 0.998439
vt 0.686209 0.798439
vt 0.687447 0.601562
vt 0.686209 0.601562
vt 0.978381 0.398433
vt 0.979619 0.201554
vt 0.978381 0.201554
vt 0.546664 0.598440
vt 0.547902 0.401563
vt 0.546664 0.401563
vt 0.982742 0.798437
vt 0.983980 0.798437
vt 0.982948 0.601558
vt 0.311180 0.198441
vt 0.312418 0.001562
vt 0.311179 0.001562
vt 0.443242 0.801562
vt 0.442004 0.801562
vt 0.443242 0.998439
vt 0.390912 0.801562
vt 0.389674 0.998439
vt 0.390912 0.998439
vt 0.464118 0.598440
vt 0.465046 0.401563
vt 0.463808 0.401563
vt 0.481251 0.598440
vt 0.482490 0.401563
vt 0.481251 0.401563
vt 0.599612 0.998439
vt 0.600231 0.801562
vt 0.598993 0.801562
vt 0.799590 0.598440
vt 0.800828 0.401563
vt 0.799589 0.401563
vt 0.965918 0.798437
vt 0.966537 0.601558
vt 0.965299 0.601558
vt 0.634499 0.401563
vt 0.633880 0.598440
vt 0.635118 0.598440
vt 0.045170 0.398440
vt 0.046408 0.201563
vt 0.045170 0.201563
vt 0.403375 0.398441
vt 0.403995 0.201564
vt 0.402756 0.201564
vt 0.050769 0.201564
vt 0.049531 0.201564
vt 0.050769 0.398440
vt 0.869362 0.398434
vt 0.870600 0.201554
vt 0.869362 0.201554
vt 0.891166 0.998439
vt 0.892404 0.998439
vt 0.891166 0.801559
vt 0.595664 0.801562
vt 0.594633 0.998439
vt 0.595871 0.998439
vt 0.001768 0.598439
vt 0.002799 0.401563
vt 0.001561 0.401563
vt 0.063232 0.398440
vt 0.063851 0.201563
vt 0.062613 0.201563
vt 0.359355 0.198441
vt 0.360386 0.001562
vt 0.359148 0.001562
vt 0.106221 0.198441
vt 0.107459 0.001562
vt 0.106221 0.001562
vt 0.342324 0.598440
vt 0.342943 0.401563
vt 0.341705 0.401563
vt 0.316469 0.601562
vt 0.315540 0.798439
vt 0.316778 0.798439
vt 0.123664 0.198441
vt 0.124902 0.001562
vt 0.123664 0.001562
vt 0.647581 0.798439
vt 0.648200 0.601562
vt 0.646962 0.601562
vt 0.299335 0.601562
vt 0.298097 0.798439
vt 0.299335 0.798439
vt 0.167582 0.598440
vt 0.168511 0.401563
vt 0.167273 0.401563
vt 0.041015 0.198441
vt 0.042047 0.001562
vt 0.040809 0.001562
vt 0.655684 0.598440
vt 0.656922 0.401563
vt 0.655684 0.401563
vt 0.944114 0.998439
vt 0.944733 0.801560
vt 0.943495 0.801560
vt 0.917640 0.598435
vt 0.918569 0.401556
vt 0.917330 0.401556
vt 0.321139 0.401563
vt 0.319901 0.401563
vt 0.321139 0.598440
vt 0.648200 0.201564
vt 0.646962 0.201564
vt 0.647994 0.398440
vt 0.995824 0.998439
vt 0.997062 0.998439
vt 0.995824 0.801560
vt 0.491211 0.801562
vt 0.489973 0.998439
vt 0.491211 0.998439
vt 0.865311 0.998439
vt 0.866239 0.801560
vt 0.865001 0.801560
vt 0.939753 0.398433
vt 0.940372 0.201554
vt 0.939134 0.201554
vt 0.712374 0.998439
vt 0.713612 0.998439
vt 0.712374 0.801562
vt 0.207758 0.601562
vt 0.206520 0.601562
vt 0.207758 0.798439
vt 0.603354 0.598440
vt 0.604592 0.598440
vt 0.603354 0.401563
vt 0.860641 0.398434
vt 0.861879 0.201554
vt 0.860641 0.201554
vt 0.486850 0.601562
vt 0.485613 0.601562
vt 0.486850 0.798439
vt 0.223963 0.398440
vt 0.225201 0.201564
vt 0.223963 0.201564
vt 0.036654 0.198441
vt 0.037686 0.001562
vt 0.036448 0.001562
vt 0.486850 0.801562
vt 0.485613 0.801562
vt 0.486850 0.998439
vt 0.917331 0.998439
vt 0.918569 0.801560
vt 0.917330 0.801560
vt 0.289685 0.398440
vt 0.290614 0.201563
vt 0.289375 0.201563
vt 0.524860 0.798439
vt 0.526098 0.798439
vt 0.524860 0.601563
vt 0.577396 0.598440
vt 0.578428 0.401563
vt 0.577189 0.401563
vt 0.481870 0.798439
vt 0.482490 0.601563
vt 0.481251 0.601563
vt 0.320520 0.198441
vt 0.321139 0.001562
vt 0.319901 0.001562
vt 0.476891 0.998439
vt 0.478129 0.998439
vt 0.476891 0.801562
vt 0.015882 0.601562
vt 0.014644 0.601562
vt 0.015882 0.798439
vt 0.402757 0.598440
vt 0.403994 0.598440
vt 0.402756 0.401563
vt 0.590581 0.998439
vt 0.591510 0.801562
vt 0.590272 0.801562
vt 0.329861 0.201564
vt 0.328623 0.201564
vt 0.329861 0.398440
vt 0.032087 0.198441
vt 0.033325 0.001562
vt 0.032087 0.001562
vt 0.019624 0.198441
vt 0.020243 0.001562
vt 0.019005 0.001562
vt 0.216170 0.601562
vt 0.215242 0.798439
vt 0.216480 0.798439
vt 0.912970 0.598435
vt 0.914208 0.598435
vt 0.912970 0.401556
vt 0.390293 0.401563
vt 0.389674 0.598440
vt 0.390912 0.598440
vt 0.320520 0.601562
vt 0.319901 0.798439
vt 0.321139 0.798439
vt 0.333912 0.401563
vt 0.332983 0.598440
vt 0.334222 0.598440
vt 0.651942 0.998439
vt 0.652561 0.801562
vt 0.651323 0.801562
vt 0.703652 0.598440
vt 0.704890 0.401563
vt 0.703652 0.401563
vt 0.119304 0.598440
vt 0.120541 0.598440
vt 0.119303 0.401563
vt 0.386551 0.401563
vt 0.385313 0.598440
vt 0.386551 0.598440
vt 0.573448 0.598440
vt 0.574067 0.401563
vt 0.572829 0.401563
vt 0.028758 0.401563
vt 0.027726 0.598440
vt 0.028964 0.598440
vt 0.625158 0.998439
vt 0.626396 0.998439
vt 0.625158 0.801562
vt 0.054820 0.401563
vt 0.053891 0.598440
vt 0.055129 0.598440
vt 0.604592 0.601562
vt 0.603354 0.798439
vt 0.604592 0.798439
vt 0.643220 0.401563
vt 0.642601 0.598440
vt 0.643839 0.598440
vt 0.943495 0.598435
vt 0.944733 0.401556
vt 0.943495 0.401556
vt 0.665024 0.598440
vt 0.665643 0.401563
vt 0.664405 0.401563
vt 0.093139 0.598440
vt 0.094377 0.401563
vt 0.093139 0.401563
vt 0.699291 0.798439
vt 0.700529 0.798439
vt 0.699601 0.601563
vt 0.068212 0.401563
vt 0.066974 0.401563
vt 0.068212 0.598440
vt 0.006851 0.401563
vt 0.005922 0.598440
vt 0.007160 0.598440
vt 0.508655 0.401563
vt 0.507417 0.401563
vt 0.508655 0.598440
vt 0.368076 0.198441
vt 0.369108 0.001562
vt 0.367870 0.001562
vt 0.364747 0.601562
vt 0.363509 0.601562
vt 0.364747 0.798439
vt 0.294974 0.601562
vt 0.293736 0.798439
vt 0.294974 0.798439
vt 0.290614 0.601562
vt 0.289375 0.798439
vt 0.290614 0.798439
vt 0.760342 0.398440
vt 0.761581 0.201563
vt 0.760342 0.201563
vt 0.708013 0.998439
vt 0.709251 0.998439
vt 0.708013 0.801562
vt 0.760549 0.798439
vt 0.761581 0.601562
vt 0.760342 0.601562
vt 0.258850 0.198441
vt 0.260088 0.001562
vt 0.258850 0.001562
vt 0.638240 0.798439
vt 0.639478 0.798439
vt 0.638240 0.601562
vt 0.690570 0.798439
vt 0.691808 0.798439
vt 0.690570 0.601562
vt 0.677487 0.798439
vt 0.678726 0.601562
vt 0.677487 0.601562
vt 0.613108 0.601563
vt 0.612076 0.798439
vt 0.613314 0.798439
vt 0.150448 0.198441
vt 0.151067 0.001562
vt 0.149829 0.001562
vt 0.625158 0.598440
vt 0.626396 0.401563
vt 0.625158 0.401563
vt 0.376592 0.198441
vt 0.377830 0.198441
vt 0.376592 0.001562
vt 0.595871 0.601563
vt 0.594633 0.798439
vt 0.595871 0.798439
vt 0.699910 0.998439
vt 0.700530 0.801562
vt 0.699291 0.801562
vt 0.717354 0.998439
vt 0.717973 0.801562
vt 0.716735 0.801562
vt 0.106221 0.398440
vt 0.107459 0.201564
vt 0.106221 0.201564
vt 0.817033 0.598437
vt 0.818271 0.401560
vt 0.817033 0.401560
vt 0.324881 0.401563
vt 0.324262 0.598440
vt 0.325500 0.598440
vt 0.921691 0.998439
vt 0.922929 0.998439
vt 0.921691 0.801560
vt 0.629519 0.598440
vt 0.630757 0.401563
vt 0.629519 0.401563
vt 0.669075 0.798439
vt 0.670004 0.601562
vt 0.668766 0.601562
vt 0.534819 0.401563
vt 0.533581 0.598440
vt 0.534819 0.598440
vt 0.312418 0.601562
vt 0.311180 0.601562
vt 0.312418 0.798439
vt 0.402757 0.198441
vt 0.403995 0.198441
vt 0.402756 0.001562
vt 0.062613 0.198441
vt 0.063851 0.198441
vt 0.062613 0.001562
vt 0.137779 0.201563
vt 0.136747 0.398440
vt 0.137985 0.398440
vt 0.229356 0.601562
vt 0.228324 0.798439
vt 0.229562 0.798439
vt 0.769683 0.798439
vt 0.770302 0.601562
vt 0.769064 0.601562
vt 0.341912 0.198441
vt 0.342943 0.001562
vt 0.341705 0.001562
vt 0.114943 0.198441
vt 0.116181 0.001561
vt 0.114943 0.001561
vt 0.752240 0.998439
vt 0.752859 0.801562
vt 0.751621 0.801562
vt 0.381881 0.201563
vt 0.380952 0.398440
vt 0.382191 0.398440
vt 0.210881 0.198441
vt 0.212119 0.001561
vt 0.210881 0.001561
vt 0.098119 0.801562
vt 0.097499 0.998439
vt 0.098738 0.998439
vt 0.428921 0.398440
vt 0.430160 0.201564
vt 0.428921 0.201564
vt 0.394344 0.598440
vt 0.395273 0.401563
vt 0.394035 0.401563
vt 0.241613 0.198441
vt 0.242645 0.001562
vt 0.241406 0.001562
vt 0.656922 0.201563
vt 0.655684 0.398440
vt 0.656922 0.398440
vt 0.904867 0.798437
vt 0.905486 0.601558
vt 0.904248 0.601558
vt 0.904558 0.598435
vt 0.905486 0.401556
vt 0.904248 0.401556
vt 0.469407 0.601563
vt 0.468169 0.601563
vt 0.469407 0.798439
vt 0.486851 0.201564
vt 0.485613 0.201564
vt 0.486644 0.398441
vt 0.991463 0.998439
vt 0.992701 0.998439
vt 0.991463 0.801560
vt 0.556624 0.801562
vt 0.555385 0.998439
vt 0.556624 0.998439
vt 0.865311 0.598435
vt 0.866239 0.401556
vt 0.865001 0.401556
vt 0.900506 0.598435
vt 0.901125 0.401556
vt 0.899887 0.401556
vt 0.642601 0.998439
vt 0.643839 0.998439
vt 0.642807 0.801562
vt 0.386551 0.801562
vt 0.385313 0.998439
vt 0.386551 0.998439
vt 0.856589 0.398434
vt 0.857518 0.201554
vt 0.856280 0.201554
vt 0.242645 0.801562
vt 0.241406 0.998439
vt 0.242645 0.998439
vt 0.233923 0.801562
vt 0.232685 0.801562
vt 0.233923 0.998439
vt 0.372850 0.801562
vt 0.372231 0.998439
vt 0.373469 0.998439
vt 0.215861 0.801562
vt 0.215242 0.998439
vt 0.216480 0.998439
vt 0.442004 0.798439
vt 0.443242 0.798439
vt 0.442004 0.601563
vt 0.428921 0.998439
vt 0.430159 0.998439
vt 0.428921 0.801562
vt 0.181593 0.801562
vt 0.180355 0.801562
vt 0.181593 0.998439
vt 0.912970 0.398434
vt 0.914208 0.201554
vt 0.912970 0.201554
vt 0.199036 0.801562
vt 0.197798 0.998439
vt 0.199036 0.998439
vt 0.926052 0.398433
vt 0.927290 0.201554
vt 0.926052 0.201554
vt 0.476891 0.798439
vt 0.478129 0.601563
vt 0.476891 0.601563
vt 0.225201 0.801562
vt 0.223963 0.998439
vt 0.225201 0.998439
vt 0.307438 0.801562
vt 0.306819 0.998439
vt 0.308057 0.998439
vt 0.329861 0.801562
vt 0.328623 0.801562
vt 0.329861 0.998439
vt 0.246387 0.801562
vt 0.245767 0.998439
vt 0.247005 0.998439
vt 0.690879 0.998439
vt 0.691808 0.801562
vt 0.690570 0.801562
vt 0.489973 0.598440
vt 0.491211 0.401563
vt 0.489973 0.401563
vt 0.399015 0.798439
vt 0.399634 0.601562
vt 0.398396 0.601563
vt 0.382191 0.801562
vt 0.380952 0.998439
vt 0.382191 0.998439
vt 0.983361 0.398433
vt 0.983980 0.201554
vt 0.982742 0.201554
vt 0.978381 0.798437
vt 0.979619 0.798437
vt 0.978381 0.601558
vt 0.137985 0.601562
vt 0.136747 0.798439
vt 0.137985 0.798439
vt 0.617055 0.598440
vt 0.617675 0.401563
vt 0.616436 0.401563
vt 0.869362 0.998439
vt 0.870600 0.998439
vt 0.869362 0.801560
vt 0.075695 0.398440
vt 0.076933 0.201564
vt 0.075695 0.201564
vt 0.694931 0.398440
vt 0.696169 0.201564
vt 0.694931 0.201564
vt 0.616437 0.798439
vt 0.617674 0.798439
vt 0.616436 0.601562
vt 0.542303 0.598440
vt 0.543541 0.401563
vt 0.542303 0.401563
vt 0.151067 0.401563
vt 0.149829 0.598440
vt 0.151067 0.598440
vt 0.668766 0.998439
vt 0.670004 0.801562
vt 0.668766 0.801562
vt 0.267571 0.398440
vt 0.268809 0.398440
vt 0.267571 0.201564
vt 0.882444 0.398434
vt 0.883683 0.201554
vt 0.882444 0.201554
vt 0.786507 0.398440
vt 0.787745 0.201563
vt 0.786507 0.201563
vt 0.223963 0.598440
vt 0.225201 0.401563
vt 0.223963 0.401563
vt 0.591510 0.601562
vt 0.590272 0.798439
vt 0.591510 0.798439
vt 0.063851 0.601562
vt 0.062613 0.601562
vt 0.063851 0.798439
vt 0.411478 0.398441
vt 0.412716 0.201564
vt 0.411478 0.201564
vt 0.582479 0.401563
vt 0.581550 0.598440
vt 0.582788 0.598440
vt 0.834476 0.598437
vt 0.835714 0.401560
vt 0.834476 0.401560
vt 0.865001 0.398434
vt 0.866239 0.201554
vt 0.865001 0.201554
vt 0.808311 0.598437
vt 0.809549 0.598437
vt 0.808311 0.401560
vt 0.773734 0.798439
vt 0.774663 0.601562
vt 0.773425 0.601562
vt 0.088778 0.598440
vt 0.090016 0.598440
vt 0.088778 0.401563
vt 0.072573 0.801562
vt 0.071334 0.998439
vt 0.072573 0.998439
vt 0.777786 0.598440
vt 0.779024 0.401563
vt 0.777786 0.401563
vt 0.046408 0.401563
vt 0.045170 0.598440
vt 0.046408 0.598440
vt 0.756291 0.598440
vt 0.757220 0.401563
vt 0.755982 0.401563
vt 0.598993 0.598440
vt 0.600231 0.401563
vt 0.598993 0.401563
vt 0.795229 0.398440
vt 0.796467 0.201564
vt 0.795229 0.201564
vt 0.930413 0.998439
vt 0.931651 0.801559
vt 0.930413 0.801559
vt 0.752859 0.601562
vt 0.751621 0.798439
vt 0.752859 0.798439
vt 0.803950 0.598440
vt 0.805188 0.401563
vt 0.803950 0.401563
vt 0.803950 0.998439
vt 0.805189 0.801562
vt 0.803950 0.801562
vt 0.136747 0.598440
vt 0.137985 0.401563
vt 0.136747 0.401563
vt 0.189077 0.398440
vt 0.190315 0.201564
vt 0.189077 0.201564
vt 0.363509 0.598440
vt 0.364747 0.401563
vt 0.363509 0.401563
vt 0.956577 0.398433
vt 0.957815 0.201554
vt 0.956577 0.201554
vt 0.555385 0.598440
vt 0.556623 0.598440
vt 0.555385 0.401563
vt 0.355407 0.401563
vt 0.354788 0.598440
vt 0.356026 0.598440
vt 0.280654 0.198441
vt 0.281892 0.198441
vt 0.280654 0.001562
vt 0.744137 0.401563
vt 0.742899 0.598440
vt 0.744137 0.598440
vt 0.507417 0.798439
vt 0.508655 0.601562
vt 0.507416 0.601562
vt 0.708013 0.598440
vt 0.709251 0.401563
vt 0.708013 0.401563
vt 0.738539 0.398440
vt 0.739777 0.201564
vt 0.738538 0.201564
vt 0.991463 0.598435
vt 0.992701 0.598435
vt 0.991463 0.401556
vt 0.511777 0.598439
vt 0.513015 0.598440
vt 0.511777 0.401563
vt 0.821600 0.398438
vt 0.822632 0.201561
vt 0.821393 0.201561
vt 0.197798 0.198441
vt 0.199036 0.198441
vt 0.197798 0.001562
vt 0.264449 0.601563
vt 0.263211 0.601563
vt 0.264449 0.798439
vt 0.612076 0.998439
vt 0.613314 0.998439
vt 0.612076 0.801562
vt 0.180355 0.598440
vt 0.181593 0.598440
vt 0.180355 0.401563
vt 0.808930 0.398438
vt 0.809549 0.201561
vt 0.808311 0.201561
vt 0.765322 0.398440
vt 0.765941 0.201563
vt 0.764703 0.201563
vt 0.101860 0.598440
vt 0.103098 0.401563
vt 0.101860 0.401563
vt 0.197798 0.598440
vt 0.199036 0.401563
vt 0.197798 0.401563
vt 0.629519 0.998439
vt 0.630757 0.998439
vt 0.629519 0.801562
vt 0.677487 0.398440
vt 0.678726 0.201563
vt 0.677487 0.201563
vt 0.228324 0.198441
vt 0.229562 0.198441
vt 0.228324 0.001562
vt 0.485612 0.598440
vt 0.486850 0.598440
vt 0.485612 0.401563
vt 0.185335 0.198441
vt 0.185954 0.001562
vt 0.184716 0.001562
vt 0.037067 0.401563
vt 0.036448 0.598440
vt 0.037686 0.598440
vt 0.664405 0.798439
vt 0.665643 0.798439
vt 0.664405 0.601562
vt 0.537942 0.598440
vt 0.539180 0.401563
vt 0.537942 0.401563
vt 0.005922 0.198441
vt 0.007160 0.001562
vt 0.005922 0.001562
vt 0.621416 0.598440
vt 0.622035 0.401563
vt 0.620797 0.401563
vt 0.263211 0.198441
vt 0.264449 0.001562
vt 0.263211 0.001562
vt 0.303696 0.601562
vt 0.302458 0.601562
vt 0.303696 0.798439
vt 0.332984 0.198441
vt 0.334222 0.001562
vt 0.332984 0.001562
vt 0.551644 0.401563
vt 0.551025 0.598440
vt 0.552263 0.598440
vt 0.647581 0.598440
vt 0.648200 0.401563
vt 0.646962 0.401563
vt 0.725456 0.598440
vt 0.726694 0.401563
vt 0.725456 0.401563
vt 0.664405 0.998439
vt 0.665643 0.801562
vt 0.664405 0.801562
vt 0.673127 0.598440
vt 0.674365 0.401563
vt 0.673127 0.401563
vt 0.290614 0.401563
vt 0.289376 0.401563
vt 0.290614 0.598440
vt 0.908609 0.998439
vt 0.909847 0.801560
vt 0.908609 0.801560
vt 0.311179 0.598440
vt 0.312418 0.401563
vt 0.311179 0.401563
vt 0.167273 0.798439
vt 0.168511 0.601562
vt 0.167273 0.601562
vt 0.442004 0.198441
vt 0.443242 0.001562
vt 0.442004 0.001562
vt 0.569706 0.801562
vt 0.568468 0.801562
vt 0.569706 0.998439
vt 0.651323 0.798439
vt 0.652561 0.601562
vt 0.651323 0.601562
vt 0.298097 0.198441
vt 0.299335 0.198441
vt 0.298097 0.001562
vt 0.646962 0.998439
vt 0.648200 0.998439
vt 0.646962 0.801562
vt 0.084417 0.198441
vt 0.085655 0.198441
vt 0.084726 0.001562
vt 0.385932 0.198441
vt 0.386551 0.001562
vt 0.385313 0.001562
vt 0.529221 0.598439
vt 0.530458 0.598439
vt 0.529220 0.401563
vt 0.250747 0.598440
vt 0.251366 0.401563
vt 0.250128 0.401563
vt 0.194676 0.401563
vt 0.193437 0.598440
vt 0.194676 0.598440
vt 0.132386 0.598440
vt 0.133624 0.598440
vt 0.132386 0.401563
vt 0.694931 0.798439
vt 0.696169 0.601562
vt 0.694931 0.601562
vt 0.071334 0.198441
vt 0.072573 0.001561
vt 0.071334 0.001561
vt 0.032087 0.598440
vt 0.033325 0.401563
vt 0.032087 0.401563
vt 0.895527 0.398434
vt 0.896765 0.201554
vt 0.895526 0.201554
vt 0.660044 0.798439
vt 0.661282 0.601562
vt 0.660044 0.601562
vt 0.351046 0.598440
vt 0.351665 0.401563
vt 0.350427 0.401563
vt 0.908609 0.798437
vt 0.909847 0.601558
vt 0.908609 0.601558
vt 0.516757 0.598440
vt 0.517376 0.401563
vt 0.516138 0.401563
vt 0.066974 0.398440
vt 0.068212 0.201563
vt 0.066974 0.201563
vt 0.015882 0.401563
vt 0.014644 0.598440
vt 0.015882 0.598440
vt 0.369108 0.601562
vt 0.367870 0.798439
vt 0.369108 0.798439
vt 0.681848 0.998439
vt 0.683086 0.801562
vt 0.681848 0.801562
vt 0.306819 0.198441
vt 0.308057 0.198441
vt 0.306819 0.001562
vt 0.681848 0.798439
vt 0.683086 0.601562
vt 0.681848 0.601562
vt 0.277531 0.601562
vt 0.276293 0.798439
vt 0.277531 0.798439
vt 0.834476 0.798439
vt 0.835714 0.601562
vt 0.834476 0.601562
vt 0.586530 0.598440
vt 0.587149 0.401563
vt 0.585911 0.401563
vt 0.704271 0.998439
vt 0.704890 0.801562
vt 0.703652 0.801562
vt 0.171633 0.198441
vt 0.172871 0.001562
vt 0.171633 0.001562
vt 0.175994 0.198441
vt 0.177232 0.001562
vt 0.175994 0.001562
vt 0.106221 0.598440
vt 0.107459 0.401563
vt 0.106221 0.401563
vt 0.568468 0.798439
vt 0.569706 0.601562
vt 0.568468 0.601562
vt 0.302458 0.198441
vt 0.303696 0.198441
vt 0.302664 0.001562
vt 0.625158 0.798439
vt 0.626396 0.601563
vt 0.625158 0.601563
vt 0.651323 0.598440
vt 0.652561 0.598440
vt 0.651323 0.401563
vt 0.716735 0.798439
vt 0.717973 0.601563
vt 0.716735 0.601563
vt 0.721405 0.998439
vt 0.722334 0.801562
vt 0.721095 0.801562
vt 0.219602 0.598440
vt 0.220841 0.401563
vt 0.219602 0.401563
vt 0.233304 0.601562
vt 0.232685 0.798439
vt 0.233923 0.798439
vt 0.290614 0.801562
vt 0.289375 0.998439
vt 0.290614 0.998439
vt 0.027726 0.198441
vt 0.028964 0.001562
vt 0.027726 0.001562
vt 0.020243 0.601562
vt 0.019005 0.798439
vt 0.020243 0.798439
vt 0.616643 0.998439
vt 0.617675 0.801562
vt 0.616436 0.801562
vt 0.193438 0.198441
vt 0.194676 0.001562
vt 0.193437 0.001562
vt 0.524860 0.998439
vt 0.526098 0.998439
vt 0.524860 0.801562
vt 0.329242 0.598440
vt 0.329861 0.401563
vt 0.328623 0.401563
vt 0.595252 0.598440
vt 0.595871 0.401563
vt 0.594633 0.401563
vt 0.320211 0.398440
vt 0.321139 0.201563
vt 0.319901 0.201563
vt 0.049530 0.198441
vt 0.050768 0.001562
vt 0.049530 0.001562
vt 0.521737 0.201564
vt 0.520499 0.201564
vt 0.521737 0.398441
vt 0.162912 0.398440
vt 0.164150 0.201563
vt 0.162912 0.201563
vt 0.312418 0.201563
vt 0.311179 0.398440
vt 0.312418 0.398440
vt 0.255727 0.201563
vt 0.254489 0.398440
vt 0.255727 0.398440
vt 0.433282 0.798439
vt 0.434520 0.601563
vt 0.433282 0.601563
vt 0.385313 0.798439
vt 0.386551 0.601562
vt 0.385313 0.601562
vt 0.415839 0.598440
vt 0.417077 0.598440
vt 0.415839 0.401563
vt 0.260088 0.801562
vt 0.258850 0.801562
vt 0.260088 0.998439
vt 0.346685 0.198441
vt 0.347304 0.001562
vt 0.346066 0.001562
vt 0.529427 0.398440
vt 0.530459 0.201563
vt 0.529220 0.201563
vt 0.446365 0.998439
vt 0.447603 0.801562
vt 0.446365 0.801562
vt 0.686209 0.998439
vt 0.687447 0.801562
vt 0.686209 0.801562
vt 0.229562 0.201564
vt 0.228324 0.398440
vt 0.229562 0.398440
vt 0.607715 0.798439
vt 0.608953 0.601562
vt 0.607715 0.601562
vt 0.612695 0.598440
vt 0.613314 0.401563
vt 0.612076 0.401563
vt 0.132386 0.398440
vt 0.133624 0.201563
vt 0.132386 0.201563
vt 0.010283 0.198441
vt 0.011521 0.001562
vt 0.010283 0.001562
vt 0.460066 0.598440
vt 0.460685 0.401563
vt 0.459447 0.401563
vt 0.960938 0.798437
vt 0.962176 0.798437
vt 0.960938 0.601558
vt 0.568468 0.398441
vt 0.569706 0.201564
vt 0.568468 0.201564
vt 0.464427 0.798439
vt 0.465046 0.601562
vt 0.463808 0.601562
vt 0.465046 0.801562
vt 0.463808 0.801562
vt 0.464737 0.998439
vt 0.111201 0.601563
vt 0.110582 0.798439
vt 0.111820 0.798439
vt 0.508655 0.201563
vt 0.507416 0.398440
vt 0.508655 0.398440
vt 0.460685 0.601562
vt 0.459447 0.798439
vt 0.460685 0.798439
vt 0.564726 0.598440
vt 0.565345 0.401563
vt 0.564107 0.401563
vt 0.965299 0.998439
vt 0.966537 0.801559
vt 0.965299 0.801559
vt 0.334222 0.201564
vt 0.332983 0.398441
vt 0.334222 0.398441
vt 0.956577 0.598435
vt 0.957815 0.401556
vt 0.956577 0.401556
vt 0.229562 0.801562
vt 0.228324 0.998439
vt 0.229562 0.998439
vt 0.729817 0.998439
vt 0.731055 0.998439
vt 0.729817 0.801562
vt 0.503056 0.798439
vt 0.504294 0.601563
vt 0.503056 0.601563
vt 0.569087 0.598440
vt 0.569706 0.401563
vt 0.568468 0.401563
vt 0.755982 0.798439
vt 0.757220 0.601562
vt 0.755982 0.601562
vt 0.520499 0.798439
vt 0.521737 0.601563
vt 0.520499 0.601563
vt 0.552263 0.201564
vt 0.551025 0.201564
vt 0.552263 0.398441
vt 0.268809 0.601562
vt 0.267571 0.798439
vt 0.268809 0.798439
vt 0.220841 0.801562
vt 0.219602 0.998439
vt 0.220841 0.998439
vt 0.325500 0.201563
vt 0.324262 0.201563
vt 0.325500 0.398440
vt 0.721095 0.598440
vt 0.722334 0.401563
vt 0.721095 0.401563
vt 0.969660 0.598435
vt 0.970898 0.598435
vt 0.969660 0.401556
vt 0.504294 0.801562
vt 0.503056 0.801562
vt 0.504294 0.998439
vt 0.961557 0.398433
vt 0.962176 0.201554
vt 0.960938 0.201554
vt 0.128644 0.201563
vt 0.128025 0.398440
vt 0.129263 0.398440
vt 0.207758 0.801562
vt 0.206520 0.801562
vt 0.207758 0.998439
vt 0.460685 0.201564
vt 0.459447 0.398441
vt 0.460685 0.398441
vt 0.974020 0.398433
vt 0.975258 0.201554
vt 0.974020 0.201554
vt 0.010902 0.601562
vt 0.010283 0.798439
vt 0.011521 0.798439
vt 0.158551 0.198441
vt 0.159789 0.001562
vt 0.158551 0.001562
vt 0.665643 0.201563
vt 0.664405 0.201563
vt 0.665643 0.398440
vt 0.328623 0.198441
vt 0.329861 0.001562
vt 0.328623 0.001562
vt 0.499314 0.598440
vt 0.499933 0.401563
vt 0.498695 0.401563
vt 0.085036 0.601562
vt 0.084417 0.798439
vt 0.085655 0.798439
vt 0.415839 0.398441
vt 0.417077 0.201564
vt 0.415839 0.201564
vt 0.463808 0.398441
vt 0.465046 0.201564
vt 0.463808 0.201564
vt 0.456325 0.201564
vt 0.455086 0.398440
vt 0.456325 0.398440
vt 0.194676 0.601562
vt 0.193438 0.601562
vt 0.194676 0.798439
vt 0.856280 0.998439
vt 0.857518 0.801560
vt 0.856280 0.801560
vt 0.080675 0.601562
vt 0.080056 0.798439
vt 0.081294 0.798439
vt 0.860641 0.598435
vt 0.861879 0.598435
vt 0.860641 0.401556
vt 0.172872 0.801562
vt 0.171634 0.801562
vt 0.172872 0.998439
vt 0.090016 0.601562
vt 0.088778 0.798439
vt 0.090016 0.798439
vt 0.094377 0.601562
vt 0.093139 0.798439
vt 0.094377 0.798439
vt 0.482490 0.201564
vt 0.481251 0.398440
vt 0.482490 0.398440
vt 0.159170 0.801562
vt 0.158551 0.998439
vt 0.159789 0.998439
vt 0.969660 0.398433
vt 0.970898 0.201554
vt 0.969660 0.201554
vt 0.146707 0.801562
vt 0.145469 0.801562
vt 0.146707 0.998439
vt 0.364438 0.201563
vt 0.363509 0.398440
vt 0.364747 0.398440
vt 0.151067 0.801562
vt 0.149830 0.801562
vt 0.151067 0.998439
vt 0.176613 0.801562
vt 0.175994 0.998439
vt 0.177232 0.998439
vt 0.194057 0.801562
vt 0.193437 0.998439
vt 0.194676 0.998439
vt 0.952217 0.798437
vt 0.953455 0.601558
vt 0.952217 0.601558
vt 0.328623 0.798439
vt 0.329861 0.601562
vt 0.328623 0.601562
vt 0.655684 0.998439
vt 0.656921 0.998439
vt 0.655684 0.801562
vt 0.023675 0.198441
vt 0.024603 0.001561
vt 0.023365 0.001561
vt 0.655993 0.798440
vt 0.656922 0.601563
vt 0.655684 0.601563
vt 0.277222 0.801562
vt 0.276293 0.998439
vt 0.277531 0.998439
vt 0.869362 0.598435
vt 0.870600 0.598435
vt 0.869362 0.401556
vt 0.530459 0.601562
vt 0.529221 0.601562
vt 0.530459 0.798439
vt 0.285634 0.801562
vt 0.285015 0.998439
vt 0.286253 0.998439
vt 0.424870 0.598440
vt 0.425799 0.401563
vt 0.424561 0.401563
vt 0.294974 0.801562
vt 0.293736 0.998439
vt 0.294974 0.998439
vt 0.247005 0.601562
vt 0.245767 0.798439
vt 0.247005 0.798439
vt 0.364747 0.801562
vt 0.363510 0.801562
vt 0.364747 0.998439
vt 0.699910 0.598440
vt 0.700530 0.401563
vt 0.699291 0.401563
vt 0.520705 0.598440
vt 0.521737 0.401563
vt 0.520499 0.401563
vt 0.185954 0.801562
vt 0.184716 0.801562
vt 0.185954 0.998439
vt 0.969660 0.798437
vt 0.970898 0.601558
vt 0.969660 0.601558
vt 0.677487 0.998439
vt 0.678725 0.998439
vt 0.677487 0.801562
vt 0.874342 0.598435
vt 0.874961 0.401556
vt 0.873723 0.401556
vt 0.468169 0.598440
vt 0.469407 0.598440
vt 0.468169 0.401563
vt 0.412716 0.601562
vt 0.411478 0.798439
vt 0.412716 0.798439
vt 0.255727 0.801562
vt 0.254489 0.801562
vt 0.255727 0.998439
vt 0.325191 0.801562
vt 0.324262 0.998439
vt 0.325500 0.998439
vt 0.280654 0.598440
vt 0.281892 0.401563
vt 0.280654 0.401563
vt 0.142139 0.201563
vt 0.141108 0.398440
vt 0.142346 0.398440
vt 0.787539 0.401563
vt 0.786507 0.598440
vt 0.787745 0.598440
vt 0.716735 0.598440
vt 0.717973 0.401563
vt 0.716735 0.401563
vt 0.141727 0.601562
vt 0.141108 0.798439
vt 0.142346 0.798439
vt 0.299129 0.401563
vt 0.298097 0.598440
vt 0.299335 0.598440
vt 0.604592 0.201563
vt 0.603354 0.398440
vt 0.604592 0.398440
vt 0.197798 0.398440
vt 0.199036 0.201563
vt 0.197798 0.201563
vt 0.830115 0.798439
vt 0.831353 0.601562
vt 0.830115 0.601562
vt 0.180974 0.798439
vt 0.181593 0.601562
vt 0.180355 0.601562
vt 0.175994 0.798439
vt 0.177232 0.601562
vt 0.175994 0.601562
vt 0.040809 0.598440
vt 0.042047 0.598440
vt 0.040809 0.401563
vt 0.738539 0.998439
vt 0.739777 0.801562
vt 0.738538 0.801562
vt 0.075695 0.198441
vt 0.076933 0.001562
vt 0.075695 0.001562
vt 0.821393 0.598437
vt 0.822632 0.401560
vt 0.821393 0.401560
vt 0.755982 0.998439
vt 0.757220 0.801562
vt 0.755982 0.801562
vt 0.817033 0.798439
vt 0.818271 0.601562
vt 0.817033 0.601562
vt 0.175994 0.598440
vt 0.177232 0.401563
vt 0.175994 0.401563
vt 0.429540 0.598440
vt 0.430160 0.401563
vt 0.428921 0.401563
vt 0.847558 0.998439
vt 0.848796 0.801560
vt 0.847558 0.801560
vt 0.242645 0.401563
vt 0.241407 0.401563
vt 0.242645 0.598440
vt 0.367870 0.598440
vt 0.369108 0.401563
vt 0.367870 0.401563
vt 0.407117 0.198441
vt 0.408355 0.198441
vt 0.407324 0.001562
vt 0.830115 0.998439
vt 0.831353 0.801562
vt 0.830115 0.801562
vt 0.072573 0.601562
vt 0.071334 0.798439
vt 0.072573 0.798439
vt 0.808930 0.998439
vt 0.809549 0.801562
vt 0.808311 0.801562
vt 0.878084 0.598435
vt 0.879322 0.401556
vt 0.878084 0.401556
vt 0.133005 0.798439
vt 0.133624 0.601562
vt 0.132386 0.601562
vt 0.818064 0.201561
vt 0.817033 0.398438
vt 0.818271 0.398438
vt 0.014644 0.198441
vt 0.015882 0.001562
vt 0.014644 0.001562
vt 0.002181 0.801562
vt 0.001561 0.998439
vt 0.002800 0.998439
vt 0.001561 0.798439
vt 0.002799 0.601562
vt 0.001561 0.601562
vt 0.015882 0.801562
vt 0.014644 0.998439
vt 0.015882 0.998439
vt 0.812878 0.598437
vt 0.813910 0.401560
vt 0.812672 0.401560
vt 0.084417 0.398440
vt 0.085655 0.398440
vt 0.084417 0.201564
vt 0.273170 0.401563
vt 0.271932 0.401563
vt 0.272964 0.598440
vt 0.761581 0.801562
vt 0.760343 0.801562
vt 0.761581 0.998439
vt 0.987721 0.398433
vt 0.988341 0.201554
vt 0.987102 0.201554
vt 0.241613 0.398440
vt 0.242645 0.201564
vt 0.241406 0.201564
vt 0.926052 0.598435
vt 0.927290 0.401556
vt 0.926052 0.401556
vt 0.024604 0.401563
vt 0.023366 0.401563
vt 0.024604 0.598440
vt 0.032706 0.801562
vt 0.032087 0.998439
vt 0.033325 0.998439
vt 0.787436 0.801562
vt 0.786507 0.998439
vt 0.787745 0.998439
vt 0.965608 0.598435
vt 0.966537 0.401556
vt 0.965299 0.401556
vt 0.777786 0.398440
vt 0.779023 0.398440
vt 0.777786 0.201563
vt 0.132386 0.198441
vt 0.133624 0.001562
vt 0.132386 0.001562
vt 0.446365 0.398440
vt 0.447603 0.201564
vt 0.446365 0.201564
vt 0.063232 0.598440
vt 0.063851 0.401563
vt 0.062613 0.401563
vt 0.843198 0.598435
vt 0.844436 0.401556
vt 0.843197 0.401556
vt 0.438262 0.598440
vt 0.438881 0.401563
vt 0.437643 0.401563
vt 0.825754 0.798439
vt 0.826992 0.798439
vt 0.825754 0.601562
vt 0.847558 0.598435
vt 0.848796 0.401556
vt 0.847558 0.401556
vt 0.761271 0.401563
vt 0.760342 0.598440
vt 0.761581 0.598440
vt 0.839456 0.598437
vt 0.840075 0.401558
vt 0.838837 0.401558
vt 0.638550 0.398440
vt 0.639479 0.201564
vt 0.638240 0.201564
vt 0.878084 0.998439
vt 0.879322 0.801559
vt 0.878084 0.801559
vt 0.076624 0.401563
vt 0.075695 0.598440
vt 0.076933 0.598440
vt 0.389674 0.198441
vt 0.390912 0.001562
vt 0.389674 0.001562
vt 0.098738 0.201564
vt 0.097499 0.398440
vt 0.098738 0.398440
vt 0.281273 0.201563
vt 0.280654 0.398440
vt 0.281892 0.398440
vt 0.752859 0.401563
vt 0.751621 0.598440
vt 0.752859 0.598440
vt 0.063851 0.801562
vt 0.062613 0.998439
vt 0.063851 0.998439
vt 0.097809 0.198441
vt 0.098737 0.001562
vt 0.097499 0.001562
vt 0.416458 0.198441
vt 0.417077 0.001562
vt 0.415839 0.001562
vt 0.172252 0.798439
vt 0.172872 0.601562
vt 0.171633 0.601562
vt 0.093139 0.398440
vt 0.094377 0.201564
vt 0.093139 0.201564
vt 0.764703 0.998439
vt 0.765941 0.801562
vt 0.764703 0.801562
vt 0.743209 0.798439
vt 0.744137 0.601562
vt 0.742899 0.601562
vt 0.791487 0.801562
vt 0.790868 0.998439
vt 0.792106 0.998439
vt 0.276293 0.198441
vt 0.277531 0.198441
vt 0.276293 0.001562
vt 0.293736 0.198441
vt 0.294974 0.001562
vt 0.293736 0.001562
vt 0.799590 0.798439
vt 0.800828 0.601562
vt 0.799589 0.601562
vt 0.843198 0.998439
vt 0.844436 0.801560
vt 0.843197 0.801560
vt 0.015882 0.201563
vt 0.014644 0.398440
vt 0.015882 0.398440
vt 0.049530 0.598440
vt 0.050769 0.401563
vt 0.049530 0.401563
vt 0.800208 0.398440
vt 0.800828 0.201563
vt 0.799589 0.201563
vt 0.124284 0.801562
vt 0.123664 0.998439
vt 0.124902 0.998439
vt 0.961248 0.598435
vt 0.962176 0.401556
vt 0.960938 0.401556
vt 0.076315 0.801562
vt 0.075695 0.998439
vt 0.076933 0.998439
vt 0.673333 0.398440
vt 0.674365 0.201563
vt 0.673127 0.201563
vt 0.258850 0.398440
vt 0.260088 0.398440
vt 0.258850 0.201564
vt 0.254489 0.198441
vt 0.255727 0.198441
vt 0.254489 0.001562
vt 0.887011 0.398433
vt 0.888043 0.201554
vt 0.886805 0.201554
vt 0.734178 0.598440
vt 0.735416 0.598440
vt 0.734384 0.401563
vt 0.071335 0.598440
vt 0.072573 0.401563
vt 0.071334 0.401563
vt 0.145778 0.798439
vt 0.146707 0.601562
vt 0.145468 0.601562
vt 0.150448 0.798439
vt 0.151067 0.601562
vt 0.149829 0.601562
vt 0.050769 0.801562
vt 0.049530 0.998439
vt 0.050769 0.998439
vt 0.747879 0.998439
vt 0.748498 0.801562
vt 0.747260 0.801562
vt 0.673746 0.801562
vt 0.673127 0.998439
vt 0.674365 0.998439
vt 0.011212 0.801562
vt 0.010283 0.998439
vt 0.011521 0.998439
vt 0.891166 0.398434
vt 0.892404 0.398434
vt 0.891166 0.201554
vt 0.055129 0.801562
vt 0.053892 0.801562
vt 0.055129 0.998439
vt 0.660044 0.398440
vt 0.661282 0.398440
vt 0.660044 0.201564
vt 0.803950 0.398440
vt 0.805188 0.201563
vt 0.803950 0.201563
vt 0.411478 0.198441
vt 0.412716 0.001562
vt 0.411478 0.001562
vt 0.442004 0.398441
vt 0.443242 0.398441
vt 0.442004 0.201564
vt 0.620797 0.798439
vt 0.622035 0.601562
vt 0.620797 0.601562
vt 0.921691 0.398434
vt 0.922929 0.398434
vt 0.921691 0.201554
vt 0.398396 0.598440
vt 0.399634 0.401563
vt 0.398396 0.401563
vt 0.699291 0.398440
vt 0.700530 0.201564
vt 0.699291 0.201564
vt 0.669385 0.398440
vt 0.670004 0.201563
vt 0.668766 0.201563
vt 0.041428 0.801562
vt 0.040809 0.998439
vt 0.042047 0.998439
vt 0.795229 0.998439
vt 0.796467 0.801562
vt 0.795229 0.801562
vt 0.242025 0.798439
vt 0.242645 0.601562
vt 0.241406 0.601562
vt 0.068212 0.601562
vt 0.066974 0.798439
vt 0.068212 0.798439
vt 0.202159 0.198441
vt 0.203397 0.198441
vt 0.202159 0.001562
vt 0.356026 0.201563
vt 0.354788 0.398440
vt 0.356026 0.398440
vt 0.473149 0.398441
vt 0.473768 0.201564
vt 0.472530 0.201564
vt 0.731055 0.401563
vt 0.729817 0.598440
vt 0.731055 0.598440
vt 0.751621 0.398440
vt 0.752859 0.398440
vt 0.751621 0.201563
vt 0.337551 0.598440
vt 0.338582 0.401563
vt 0.337344 0.401563
vt 0.704890 0.201563
vt 0.703652 0.398440
vt 0.704890 0.398440
vt 0.847558 0.398434
vt 0.848796 0.398434
vt 0.847558 0.201554
vt 0.347304 0.401563
vt 0.346066 0.598440
vt 0.347304 0.598440
vt 0.207139 0.598440
vt 0.207758 0.401563
vt 0.206520 0.401563
vt 0.882444 0.598435
vt 0.883683 0.401556
vt 0.882444 0.401556
vt 0.834476 0.998439
vt 0.835714 0.998439
vt 0.834476 0.801562
vt 0.643839 0.201564
vt 0.642601 0.201564
vt 0.643530 0.398440
vt 0.024604 0.801562
vt 0.023365 0.998439
vt 0.024604 0.998439
vt 0.773425 0.398440
vt 0.774663 0.398440
vt 0.773425 0.201563
vt 0.053891 0.198441
vt 0.055129 0.001562
vt 0.053891 0.001562
vt 0.686828 0.201564
vt 0.686209 0.398440
vt 0.687447 0.398440
vt 0.040809 0.398440
vt 0.042047 0.398440
vt 0.040809 0.201563
vt 0.036654 0.398440
vt 0.037686 0.201563
vt 0.036448 0.201563
vt 0.380953 0.198441
vt 0.382191 0.001562
vt 0.380953 0.001562
vt 0.220221 0.798439
vt 0.220841 0.601562
vt 0.219602 0.601562
vt 0.516138 0.798439
vt 0.517376 0.798439
vt 0.516138 0.601562
vt 0.743518 0.398440
vt 0.744137 0.201563
vt 0.742899 0.201563
vt 0.059490 0.801562
vt 0.058252 0.998439
vt 0.059490 0.998439
vt 0.821600 0.998439
vt 0.822632 0.801562
vt 0.821393 0.801562
vt 0.019005 0.398440
vt 0.020242 0.398440
vt 0.019005 0.201563
vt 0.164150 0.401563
vt 0.162912 0.401563
vt 0.163944 0.598440
vt 0.748498 0.401563
vt 0.747260 0.401563
vt 0.748498 0.598440
vt 0.992082 0.398433
vt 0.992701 0.201554
vt 0.991463 0.201554
vt 0.337551 0.398440
vt 0.338582 0.201564
vt 0.337344 0.201564
vt 0.930413 0.598435
vt 0.931651 0.401556
vt 0.930413 0.401556
vt 0.020243 0.401563
vt 0.019005 0.401563
vt 0.020243 0.598440
vt 0.028346 0.801562
vt 0.027726 0.998439
vt 0.028964 0.998439
vt 0.774354 0.401563
vt 0.773425 0.598440
vt 0.774663 0.598440
vt 0.969969 0.998439
vt 0.970898 0.801559
vt 0.969660 0.801559
vt 0.755982 0.398440
vt 0.757219 0.398440
vt 0.755982 0.201563
vt 0.223963 0.198441
vt 0.225201 0.001562
vt 0.223963 0.001562
vt 0.629519 0.398441
vt 0.630757 0.201564
vt 0.629519 0.201564
vt 0.237665 0.598440
vt 0.238284 0.401563
vt 0.237046 0.401563
vt 0.843198 0.398434
vt 0.844436 0.201555
vt 0.843197 0.201555
vt 0.455705 0.598440
vt 0.456325 0.401563
vt 0.455086 0.401563
vt 0.825754 0.598437
vt 0.826992 0.598437
vt 0.825754 0.401560
vt 0.847558 0.798437
vt 0.848796 0.601558
vt 0.847558 0.601558
vt 0.739467 0.601562
vt 0.738538 0.798439
vt 0.739777 0.798439
vt 0.843817 0.798437
vt 0.844436 0.601558
vt 0.843197 0.601558
vt 0.599303 0.398440
vt 0.600231 0.201564
vt 0.598993 0.201564
vt 0.097809 0.598440
vt 0.098738 0.401563
vt 0.097499 0.401563
vt 0.398396 0.198441
vt 0.399634 0.001562
vt 0.398396 0.001562
vt 0.059490 0.201563
vt 0.058252 0.398440
vt 0.059490 0.398440
vt 0.573448 0.998439
vt 0.574067 0.801562
vt 0.572829 0.801562
vt 0.412716 0.401563
vt 0.411478 0.401563
vt 0.412716 0.598440
vt 0.960938 0.998439
vt 0.962176 0.801560
vt 0.960938 0.801560
vt 0.621416 0.998439
vt 0.622035 0.801562
vt 0.620797 0.801562
vt 0.537942 0.998439
vt 0.539180 0.998439
vt 0.537942 0.801562
vt 0.114943 0.598440
vt 0.116181 0.401563
vt 0.114943 0.401563
vt 0.559746 0.998439
vt 0.560984 0.801562
vt 0.559746 0.801562
vt 0.124284 0.601562
vt 0.123664 0.798439
vt 0.124902 0.798439
vt 0.508036 0.801562
vt 0.507416 0.998439
vt 0.508655 0.998439
vt 0.189077 0.598440
vt 0.190315 0.598440
vt 0.189077 0.401563
vt 0.813291 0.798439
vt 0.813910 0.601560
vt 0.812672 0.601560
vt 0.263211 0.598440
vt 0.264449 0.401563
vt 0.263211 0.401563
vt 0.084417 0.598440
vt 0.085655 0.598440
vt 0.084417 0.401563
vt 0.211500 0.598440
vt 0.212119 0.401563
vt 0.210881 0.401563
vt 0.512396 0.798439
vt 0.513015 0.601562
vt 0.511777 0.601562
vt 0.154190 0.598440
vt 0.155428 0.401563
vt 0.154190 0.401563
vt 0.159789 0.601562
vt 0.158551 0.798439
vt 0.159789 0.798439
vt 0.228324 0.598440
vt 0.229562 0.401563
vt 0.228324 0.401563
vt 0.529840 0.801562
vt 0.529220 0.998439
vt 0.530459 0.998439
vt 0.792106 0.601562
vt 0.790868 0.798439
vt 0.792106 0.798439
vt 0.058871 0.598440
vt 0.059490 0.401563
vt 0.058252 0.401563
vt 0.726694 0.201564
vt 0.725456 0.398440
vt 0.726694 0.398440
vt 0.825754 0.398438
vt 0.826992 0.201561
vt 0.825754 0.201561
vt 0.791487 0.598440
vt 0.792106 0.401563
vt 0.790868 0.401563
vt 0.947856 0.598435
vt 0.949094 0.598435
vt 0.947856 0.401556
vt 0.825754 0.998439
vt 0.826992 0.801562
vt 0.825754 0.801562
vt 0.795848 0.598440
vt 0.796467 0.401563
vt 0.795229 0.401563
vt 0.111201 0.598440
vt 0.111820 0.401563
vt 0.110582 0.401563
vt 0.433901 0.598440
vt 0.434520 0.401563
vt 0.433282 0.401563
vt 0.834476 0.398436
vt 0.835714 0.398436
vt 0.834785 0.201556
vt 0.891166 0.598435
vt 0.892404 0.598435
vt 0.891166 0.401556
vt 0.067593 0.801562
vt 0.066974 0.998439
vt 0.068212 0.998439
vt 0.904248 0.398434
vt 0.905486 0.201554
vt 0.904248 0.201554
vt 0.232685 0.398440
vt 0.233923 0.398440
vt 0.232685 0.201564
vt 0.734178 0.398440
vt 0.735416 0.201564
vt 0.734178 0.201564
vt 0.006541 0.398440
vt 0.007160 0.201563
vt 0.005922 0.201563
vt 0.116181 0.201563
vt 0.114943 0.398440
vt 0.116181 0.398440
vt 0.555385 0.798439
vt 0.556624 0.601562
vt 0.555385 0.601562
vt 0.159170 0.401563
vt 0.158551 0.598440
vt 0.159789 0.598440
vt 0.258850 0.598440
vt 0.260088 0.401563
vt 0.258850 0.401563
vt 0.613314 0.201564
vt 0.612076 0.201564
vt 0.613314 0.398440
vt 0.101860 0.198441
vt 0.103098 0.001562
vt 0.101860 0.001562
vt 0.533581 0.798439
vt 0.534819 0.798439
vt 0.533581 0.601562
vt 0.046408 0.801562
vt 0.045170 0.801562
vt 0.046408 0.998439
vt 0.838836 0.798439
vt 0.840075 0.601562
vt 0.838836 0.601562
vt 0.852538 0.998439
vt 0.853157 0.801559
vt 0.851919 0.801559
vt 0.202778 0.598440
vt 0.203397 0.401563
vt 0.202159 0.401563
vt 0.080056 0.598440
vt 0.081294 0.401563
vt 0.080056 0.401563
vt 0.145468 0.398440
vt 0.146707 0.201563
vt 0.145468 0.201563
vt 0.316778 0.201564
vt 0.315541 0.201564
vt 0.316778 0.398440
vt 0.306819 0.398440
vt 0.308057 0.201563
vt 0.306819 0.201564
vt 0.184716 0.398440
vt 0.185954 0.201563
vt 0.184716 0.201563
vt 0.194676 0.201563
vt 0.193437 0.398440
vt 0.194676 0.398440
vt 0.098119 0.601562
vt 0.097499 0.798439
vt 0.098738 0.798439
vt 0.712374 0.598440
vt 0.713612 0.401563
vt 0.712374 0.401563
vt 0.212119 0.801562
vt 0.210881 0.801562
vt 0.212119 0.998439
vt 0.886805 0.998439
vt 0.888043 0.801560
vt 0.886805 0.801560
vt 0.251366 0.201564
vt 0.250128 0.398440
vt 0.251366 0.398440
vt 0.691189 0.598440
vt 0.691808 0.401563
vt 0.690570 0.401563
vt 0.190315 0.801562
vt 0.189077 0.998439
vt 0.190315 0.998439
vt 0.276912 0.201563
vt 0.276293 0.398440
vt 0.277531 0.398440
vt 0.447603 0.601562
vt 0.446365 0.798439
vt 0.447603 0.798439
vt 0.376592 0.798439
vt 0.377830 0.601562
vt 0.376592 0.601562
vt 0.154190 0.398440
vt 0.155428 0.201563
vt 0.154190 0.201563
vt 0.983361 0.998439
vt 0.983980 0.801559
vt 0.982742 0.801559
vt 0.407117 0.998439
vt 0.408355 0.801562
vt 0.407117 0.801562
vt 0.559746 0.598440
vt 0.560984 0.401563
vt 0.559746 0.401563
vt 0.978381 0.598435
vt 0.979619 0.401556
vt 0.978381 0.401556
vt 0.303077 0.201563
vt 0.302458 0.398440
vt 0.303696 0.398440
vt 0.673746 0.798439
vt 0.674365 0.601562
vt 0.673127 0.601562
vt 0.250747 0.801562
vt 0.250128 0.998439
vt 0.251366 0.998439
vt 0.660044 0.598440
vt 0.661282 0.401563
vt 0.660044 0.401563
vt 0.974639 0.598435
vt 0.975258 0.401556
vt 0.974020 0.401556
vt 0.264449 0.801562
vt 0.263211 0.801562
vt 0.264449 0.998439
vt 0.638859 0.998439
vt 0.639479 0.801562
vt 0.638240 0.801562
vt 0.978381 0.998439
vt 0.979619 0.998439
vt 0.978381 0.801559
vt 0.172872 0.201563
vt 0.171633 0.398440
vt 0.172872 0.398440
vt 0.180355 0.198441
vt 0.181593 0.001562
vt 0.180355 0.001562
vt 0.298716 0.801562
vt 0.298097 0.998439
vt 0.299335 0.998439
vt 0.446365 0.598440
vt 0.447603 0.401563
vt 0.446365 0.401563
vt 0.408355 0.201564
vt 0.407117 0.398441
vt 0.408355 0.398441
vt 0.385932 0.201564
vt 0.385313 0.398440
vt 0.386551 0.398440
vt 0.416458 0.801562
vt 0.415839 0.998439
vt 0.417077 0.998439
vt 0.124902 0.201563
vt 0.123664 0.398440
vt 0.124902 0.398440
vt 0.085655 0.801562
vt 0.084417 0.801562
vt 0.085655 0.998439
vt 0.587149 0.201564
vt 0.585911 0.201564
vt 0.587149 0.398441
vt 0.037686 0.601562
vt 0.036448 0.601562
vt 0.037686 0.798439
vt 0.513015 0.201563
vt 0.511778 0.201563
vt 0.513015 0.398440
vt 0.398396 0.998439
vt 0.399634 0.801562
vt 0.398396 0.801562
vt 0.237046 0.398440
vt 0.238284 0.201563
vt 0.237046 0.201563
vt 0.294355 0.598440
vt 0.294974 0.401563
vt 0.293736 0.401563
vt 0.587149 0.801562
vt 0.585911 0.801562
vt 0.587149 0.998439
vt 0.363509 0.198441
vt 0.364747 0.001562
vt 0.363509 0.001562
vt 0.145778 0.198441
vt 0.146706 0.001562
vt 0.145468 0.001562
vt 0.565345 0.801562
vt 0.564107 0.801562
vt 0.565345 0.998439
vt 0.939134 0.998439
vt 0.940372 0.998439
vt 0.939134 0.801560
vt 0.141727 0.801562
vt 0.141108 0.998439
vt 0.142346 0.998439
vt 0.578428 0.201563
vt 0.577189 0.398440
vt 0.578428 0.398440
vt 0.093139 0.198441
vt 0.094377 0.001562
vt 0.093139 0.001562
vt 0.341705 0.798439
vt 0.342943 0.601562
vt 0.341705 0.601562
vt 0.273170 0.201563
vt 0.271932 0.398440
vt 0.273170 0.398440
vt 0.987721 0.598435
vt 0.988341 0.401556
vt 0.987102 0.401556
vt 0.490592 0.601562
vt 0.489973 0.798439
vt 0.491211 0.798439
vt 0.267571 0.198441
vt 0.268809 0.001562
vt 0.267571 0.001562
vt 0.377830 0.201564
vt 0.376592 0.201564
vt 0.377830 0.398441
vt 0.934774 0.598435
vt 0.936012 0.598435
vt 0.934774 0.401556
vt 0.582169 0.801562
vt 0.581550 0.998439
vt 0.582788 0.998439
vt 0.934774 0.798437
vt 0.936012 0.601558
vt 0.934774 0.601558
vt 0.516757 0.801562
vt 0.516138 0.998439
vt 0.517376 0.998439
vt 0.369108 0.201563
vt 0.367870 0.201563
vt 0.369108 0.398440
vt 0.168511 0.801562
vt 0.167273 0.998439
vt 0.168511 0.998439
vt 0.337963 0.198441
vt 0.338582 0.001562
vt 0.337344 0.001562
vt 0.782146 0.798439
vt 0.783385 0.601562
vt 0.782146 0.601562
vt 0.943495 0.398433
vt 0.944733 0.398433
vt 0.943495 0.201554
vt 0.912970 0.798437
vt 0.914208 0.601558
vt 0.912970 0.601558
vt 0.402757 0.798439
vt 0.403995 0.601562
vt 0.402756 0.601563
vt 0.429541 0.601562
vt 0.428921 0.798439
vt 0.430160 0.798439
vt 0.254798 0.598440
vt 0.255727 0.401563
vt 0.254489 0.401563
vt 0.577809 0.601562
vt 0.577189 0.798439
vt 0.578428 0.798439
vt 0.948475 0.398433
vt 0.949094 0.201554
vt 0.947856 0.201554
vt 0.215242 0.398440
vt 0.216479 0.398440
vt 0.215242 0.201563
vt 0.110582 0.198441
vt 0.111820 0.001562
vt 0.110582 0.001562
vt 0.769064 0.998439
vt 0.770302 0.801562
vt 0.769064 0.801562
vt 0.111820 0.801562
vt 0.110582 0.998439
vt 0.111820 0.998439
vt 0.895527 0.998439
vt 0.896765 0.801560
vt 0.895526 0.801560
vt 0.537942 0.398440
vt 0.539180 0.398440
vt 0.537942 0.201564
vt 0.106840 0.601563
vt 0.106221 0.798439
vt 0.107459 0.798439
vt 0.438881 0.801562
vt 0.437643 0.998439
vt 0.438881 0.998439
vt 0.033325 0.601562
vt 0.032087 0.798439
vt 0.033325 0.798439
vt 0.498695 0.798439
vt 0.499933 0.798439
vt 0.498695 0.601563
vt 0.315540 0.198441
vt 0.316778 0.001562
vt 0.315540 0.001562
vt 0.520499 0.998439
vt 0.521737 0.998439
vt 0.520499 0.801562
vt 0.534200 0.998439
vt 0.534819 0.801562
vt 0.533581 0.801562
vt 0.634499 0.798439
vt 0.635118 0.601562
vt 0.633880 0.601562
vt 0.499933 0.801562
vt 0.498695 0.998439
vt 0.499933 0.998439
vt 0.042047 0.601562
vt 0.040809 0.798439
vt 0.042047 0.798439
vt 0.560984 0.201563
vt 0.559746 0.398440
vt 0.560984 0.398440
vt 0.141108 0.198441
vt 0.142346 0.001562
vt 0.141108 0.001562
vt 0.120542 0.601562
vt 0.119304 0.601562
vt 0.120542 0.798439
vt 0.908609 0.398434
vt 0.909847 0.398434
vt 0.908609 0.201554
vt 0.225201 0.601562
vt 0.223963 0.798439
vt 0.225201 0.798439
vt 0.582788 0.201564
vt 0.581550 0.398441
vt 0.582788 0.398441
vt 0.411478 0.998439
vt 0.412716 0.801562
vt 0.411478 0.801562
vt 0.164150 0.801562
vt 0.162912 0.998439
vt 0.164150 0.998439
vt 0.294974 0.201563
vt 0.293736 0.398440
vt 0.294974 0.398440
vt 0.995824 0.398433
vt 0.997062 0.201554
vt 0.995824 0.201554
vt 0.504294 0.201564
vt 0.503056 0.398441
vt 0.504294 0.398441
vt 0.107459 0.801562
vt 0.106221 0.998439
vt 0.107459 0.998439
vt 0.150448 0.398440
vt 0.151067 0.201563
vt 0.149829 0.201563
vt 0.133624 0.801562
vt 0.132386 0.998439
vt 0.133624 0.998439
vt 0.438881 0.601562
vt 0.437643 0.798439
vt 0.438881 0.798439
vt 0.494334 0.998439
vt 0.495572 0.998439
vt 0.494334 0.801562
vt 0.939134 0.598435
vt 0.940372 0.401556
vt 0.939134 0.401556
vt 0.591510 0.201564
vt 0.590272 0.398441
vt 0.591510 0.398441
vt 0.190315 0.601562
vt 0.189077 0.601562
vt 0.190315 0.798439
vt 0.028964 0.601562
vt 0.027727 0.601562
vt 0.028964 0.798439
vt 0.007160 0.601562
vt 0.005922 0.601562
vt 0.007160 0.798439
vt 0.233304 0.598440
vt 0.233923 0.401563
vt 0.232685 0.401563
vt 0.180355 0.398440
vt 0.181593 0.201563
vt 0.180355 0.201563
vt 0.380952 0.598440
vt 0.382190 0.598440
vt 0.380952 0.401563
vt 0.395273 0.201564
vt 0.394035 0.201564
vt 0.395273 0.398441
vt 0.774044 0.998439
vt 0.774663 0.801562
vt 0.773425 0.801562
vt 0.066974 0.198441
vt 0.068212 0.198441
vt 0.066974 0.001561
vt 0.635118 0.201564
vt 0.633880 0.398440
vt 0.635118 0.398441
vt 0.729817 0.798439
vt 0.731055 0.798439
vt 0.729817 0.601562
vt 0.373469 0.201563
vt 0.372231 0.398440
vt 0.373469 0.398440
vt 0.001561 0.398440
vt 0.002800 0.201563
vt 0.001561 0.201563
vt 0.469407 0.201564
vt 0.468169 0.398440
vt 0.469407 0.398440
vt 0.071334 0.398440
vt 0.072572 0.398440
vt 0.071334 0.201563
vt 0.119303 0.398440
vt 0.120542 0.201563
vt 0.119303 0.201563
vt 0.608024 0.598440
vt 0.608953 0.401563
vt 0.607715 0.401563
vt 0.324881 0.198441
vt 0.325500 0.001562
vt 0.324262 0.001562
vt 0.342324 0.201564
vt 0.341705 0.398441
vt 0.342943 0.398441
vt 0.538561 0.798439
vt 0.539180 0.601562
vt 0.537942 0.601562
vt 0.351665 0.201563
vt 0.350427 0.398440
vt 0.351665 0.398440
vt 0.499933 0.201564
vt 0.498695 0.398441
vt 0.499933 0.398441
vt 0.574067 0.601562
vt 0.572829 0.601562
vt 0.574067 0.798439
vt 0.128025 0.198441
vt 0.129263 0.001562
vt 0.128025 0.001562
vt 0.093758 0.801562
vt 0.093139 0.998439
vt 0.094377 0.998439
vt 0.478129 0.201563
vt 0.476891 0.398440
vt 0.478129 0.398440
vt 0.189696 0.198441
vt 0.190315 0.001562
vt 0.189077 0.001562
vt 0.046408 0.601562
vt 0.045170 0.798439
vt 0.046408 0.798439
vt 0.372231 0.198441
vt 0.373469 0.198441
vt 0.372231 0.001562
vt 0.769064 0.598440
vt 0.770302 0.401563
vt 0.769064 0.401563
vt 0.547283 0.798439
vt 0.547902 0.601563
vt 0.546664 0.601563
vt 0.425799 0.801562
vt 0.424561 0.801562
vt 0.425799 0.998439
vt 0.399634 0.201564
vt 0.398396 0.398441
vt 0.399634 0.398441
vt 0.212119 0.601562
vt 0.210881 0.798439
vt 0.212119 0.798439
vt 0.116181 0.801562
vt 0.114943 0.801562
vt 0.116181 0.998439
vt 0.608953 0.201563
vt 0.607715 0.201563
vt 0.608953 0.398440
vt 0.055129 0.601562
vt 0.053892 0.601562
vt 0.055129 0.798439
vt 0.622035 0.201563
vt 0.620798 0.201563
vt 0.622035 0.398440
vt 0.402757 0.998439
vt 0.403995 0.801562
vt 0.402756 0.801562
vt 0.424561 0.398440
vt 0.425799 0.201564
vt 0.424560 0.201564
vt 0.285634 0.598440
vt 0.286253 0.401563
vt 0.285015 0.401563
vt 0.582788 0.601563
vt 0.581550 0.601563
vt 0.582788 0.798439
vt 0.350427 0.198441
vt 0.351665 0.001562
vt 0.350427 0.001562
vt 0.089087 0.198441
vt 0.090016 0.001562
vt 0.088778 0.001562
vt 0.552263 0.601563
vt 0.551025 0.601563
vt 0.552263 0.798439
vt 0.899887 0.798437
vt 0.901125 0.798437
vt 0.899887 0.601558
vt 0.128644 0.801562
vt 0.128025 0.998439
vt 0.129263 0.998439
vt 0.451964 0.201564
vt 0.450726 0.398440
vt 0.451964 0.398440
vt 0.154190 0.198441
vt 0.155428 0.001562
vt 0.154190 0.001562
vt 0.306819 0.798439
vt 0.308057 0.601562
vt 0.306819 0.601562
vt 0.421438 0.201564
vt 0.420200 0.398440
vt 0.421438 0.398440
vt 0.996443 0.598435
vt 0.997062 0.401556
vt 0.995824 0.401556
vt 0.473149 0.601562
vt 0.472530 0.798439
vt 0.473768 0.798439
vt 0.250128 0.198441
vt 0.251366 0.001562
vt 0.250128 0.001562
vt 0.390912 0.201563
vt 0.389674 0.201563
vt 0.390912 0.398440
vt 0.939134 0.798437
vt 0.940372 0.798437
vt 0.939134 0.601558
vt 0.577809 0.801562
vt 0.577189 0.998439
vt 0.578428 0.998439
vt 0.934774 0.998439
vt 0.936012 0.801560
vt 0.934774 0.801560
vt 0.542922 0.801562
vt 0.542303 0.998439
vt 0.543541 0.998439
vt 0.347304 0.201564
vt 0.346066 0.201564
vt 0.347304 0.398441
vt 0.155428 0.801562
vt 0.154190 0.998439
vt 0.155428 0.998439
vt 0.289994 0.198441
vt 0.290613 0.001562
vt 0.289375 0.001562
vt 0.782146 0.998439
vt 0.783385 0.801562
vt 0.782146 0.801562
vt 0.947856 0.798437
vt 0.949094 0.798437
vt 0.947856 0.601558
vt 0.912970 0.998439
vt 0.914208 0.801560
vt 0.912970 0.801560
vt 0.407117 0.798439
vt 0.408355 0.601562
vt 0.407117 0.601563
vt 0.416458 0.601562
vt 0.415839 0.798439
vt 0.417077 0.798439
vt 0.276602 0.598440
vt 0.277531 0.401563
vt 0.276293 0.401563
vt 0.586530 0.601563
vt 0.585911 0.798439
vt 0.587149 0.798439
vt 0.952836 0.998439
vt 0.953455 0.801560
vt 0.952217 0.801560
vt 0.202159 0.398440
vt 0.203397 0.398440
vt 0.202159 0.201563
vt 0.119304 0.198441
vt 0.120542 0.001562
vt 0.119303 0.001562
vt 0.777786 0.998439
vt 0.779024 0.801562
vt 0.777786 0.801562
vt 0.081294 0.801562
vt 0.080056 0.998439
vt 0.081294 0.998439
vt 0.934774 0.398433
vt 0.936011 0.201554
vt 0.934773 0.201554
vt 0.555385 0.398440
vt 0.556623 0.398440
vt 0.555385 0.201563
vt 0.050150 0.601562
vt 0.049530 0.798439
vt 0.050769 0.798439
vt 0.451964 0.801562
vt 0.450726 0.998439
vt 0.451964 0.998439
vt 0.076933 0.601562
vt 0.075695 0.798439
vt 0.076933 0.798439
vt 0.316778 0.801562
vt 0.315541 0.801562
vt 0.316778 0.998439
vt 0.090016 0.801562
vt 0.088778 0.998439
vt 0.090016 0.998439
vt 0.987721 0.998439
vt 0.988340 0.801559
vt 0.987102 0.801559
vt 0.347304 0.801562
vt 0.346066 0.998439
vt 0.347304 0.998439
vt 0.377830 0.801562
vt 0.376592 0.801562
vt 0.377830 0.998439
vt 0.380953 0.798439
vt 0.382191 0.601562
vt 0.380952 0.601562
vt 0.281892 0.801562
vt 0.280654 0.801562
vt 0.281892 0.998439
vt 0.389674 0.798439
vt 0.390912 0.601562
vt 0.389674 0.601563
vt 0.237665 0.801562
vt 0.237046 0.998439
vt 0.238284 0.998439
vt 0.917331 0.798437
vt 0.918569 0.798437
vt 0.917330 0.601558
vt 0.268810 0.801562
vt 0.267571 0.998439
vt 0.268809 0.998439
vt 0.494334 0.798439
vt 0.495572 0.798439
vt 0.494334 0.601563
vt 0.901125 0.998439
vt 0.635118 0.801562
vt 0.633880 0.801562
vt 0.634499 0.998439
vt 0.598993 0.798439
vt 0.608953 0.801562
vt 0.369108 0.801562
vt 0.367870 0.801562
vt 0.368489 0.998439
vt 0.268809 0.401563
vt 0.853157 0.598435
vt 0.713612 0.398440
vt 0.712580 0.201563
vt 0.712374 0.398440
vt 0.687447 0.401563
vt 0.037686 0.801562
vt 0.036448 0.801562
vt 0.036654 0.998439
vt 0.438881 0.001562
vt 0.285015 0.201563
vt 0.987102 0.601558
vt 0.988031 0.798437
vt 0.988341 0.601558
vt 0.661282 0.998439
vt 0.734178 0.601562
vt 0.735106 0.798439
vt 0.735416 0.601562
vt 0.263211 0.398441
vt 0.472530 0.598440
vt 0.473768 0.598440
vt 0.473149 0.401563
vt 0.748498 0.798439
vt 0.840075 0.201557
vt 0.683086 0.598440
vt 0.258850 0.601562
vt 0.716735 0.201563
vt 0.703652 0.798439
vt 0.005922 0.998439
vt 0.494334 0.201564
vt 0.045170 0.001562
vt 0.046098 0.198441
vt 0.046408 0.001562
vt 0.840075 0.801562
vt 0.455086 0.998439
vt 0.687447 0.798439
vt 0.979619 0.398433
vt 0.395273 0.801562
vt 0.394035 0.801562
vt 0.394654 0.998439
vt 0.547902 0.598440
vt 0.220841 0.201563
vt 0.219603 0.201564
vt 0.220221 0.398440
vt 0.312418 0.198441
vt 0.442004 0.998439
vt 0.389674 0.801562
vt 0.482489 0.598440
vt 0.721095 0.201563
vt 0.722024 0.398440
vt 0.722334 0.201563
vt 0.800827 0.598440
vt 0.046407 0.398440
vt 0.049530 0.398440
vt 0.870600 0.398434
vt 0.709251 0.798439
vt 0.708323 0.601562
vt 0.708013 0.798439
vt 0.892404 0.801559
vt 0.325500 0.798439
vt 0.324572 0.601562
vt 0.324262 0.798439
vt 0.107459 0.198441
vt 0.947856 0.998439
vt 0.949094 0.998439
vt 0.948475 0.801560
vt 0.590272 0.598440
vt 0.591510 0.598440
vt 0.590891 0.401563
vt 0.124902 0.198441
vt 0.298097 0.601562
vt 0.058252 0.198441
vt 0.059490 0.198441
vt 0.059284 0.001561
vt 0.643839 0.601562
vt 0.642601 0.601562
vt 0.642911 0.798439
vt 0.656921 0.598440
vt 0.303696 0.401563
vt 0.302458 0.401563
vt 0.303077 0.598440
vt 0.319901 0.598440
vt 0.312418 0.998439
vt 0.311489 0.801562
vt 0.311179 0.998439
vt 0.997062 0.801560
vt 0.489973 0.801562
vt 0.551025 0.801562
vt 0.551953 0.998439
vt 0.552263 0.801562
vt 0.713612 0.801562
vt 0.526098 0.398441
vt 0.525066 0.201564
vt 0.524860 0.398441
vt 0.206520 0.798439
vt 0.604592 0.401563
vt 0.861879 0.398434
vt 0.485612 0.798439
vt 0.225201 0.398440
vt 0.485612 0.998439
vt 0.360387 0.801562
vt 0.359149 0.801562
vt 0.359458 0.998439
vt 0.918569 0.998439
vt 0.526098 0.601563
vt 0.315540 0.598440
vt 0.316778 0.598440
vt 0.316159 0.401563
vt 0.481252 0.998439
vt 0.482489 0.998439
vt 0.481871 0.801562
vt 0.478129 0.801562
vt 0.014644 0.798439
vt 0.403995 0.401563
vt 0.638240 0.598440
vt 0.639478 0.598440
vt 0.638860 0.401563
vt 0.328623 0.398440
vt 0.033325 0.198441
vt 0.255727 0.798439
vt 0.254696 0.601562
vt 0.254489 0.798439
vt 0.914208 0.401556
vt 0.704890 0.598440
vt 0.120542 0.401563
vt 0.373469 0.798439
vt 0.372437 0.601562
vt 0.372231 0.798439
vt 0.385314 0.401563
vt 0.136747 0.001562
vt 0.137675 0.198441
vt 0.137985 0.001562
vt 0.338582 0.798439
vt 0.337551 0.601562
vt 0.337344 0.798439
vt 0.626396 0.801562
vt 0.271932 0.198441
vt 0.273170 0.198441
vt 0.272551 0.001562
vt 0.603354 0.601562
vt 0.782146 0.598440
vt 0.783384 0.598440
vt 0.782765 0.401563
vt 0.944733 0.598435
vt 0.094376 0.598440
vt 0.694931 0.998439
vt 0.696169 0.998439
vt 0.695859 0.801562
vt 0.066974 0.598440
vt 0.184716 0.401563
vt 0.185644 0.598440
vt 0.185954 0.401563
vt 0.273170 0.798439
vt 0.272242 0.601562
vt 0.271932 0.798439
vt 0.507416 0.598440
vt 0.363509 0.798439
vt 0.359148 0.598440
vt 0.360386 0.598440
vt 0.359767 0.401563
vt 0.293737 0.601562
vt 0.289376 0.601562
vt 0.761580 0.398440
vt 0.011521 0.598440
vt 0.010593 0.401563
vt 0.010283 0.598440
vt 0.725456 0.798439
vt 0.726694 0.798439
vt 0.726488 0.601563
vt 0.908609 0.598435
vt 0.909847 0.598435
vt 0.909228 0.401556
vt 0.709251 0.801562
vt 0.260088 0.198441
vt 0.356026 0.798439
vt 0.354994 0.601562
vt 0.354788 0.798439
vt 0.639479 0.601562
vt 0.691808 0.601562
vt 0.678725 0.798439
vt 0.626396 0.598440
vt 0.360387 0.798439
vt 0.359355 0.601562
vt 0.359148 0.798439
vt 0.162912 0.001562
vt 0.163943 0.198441
vt 0.164150 0.001562
vt 0.677488 0.598440
vt 0.678725 0.598440
vt 0.678519 0.401563
vt 0.377830 0.001562
vt 0.594633 0.601563
vt 0.107459 0.398440
vt 0.351665 0.798439
vt 0.350737 0.601562
vt 0.350427 0.798439
vt 0.818271 0.598437
vt 0.922929 0.801560
vt 0.630757 0.598440
vt 0.533582 0.401563
vt 0.311179 0.798439
vt 0.403995 0.001562
vt 0.356026 0.801562
vt 0.354788 0.801562
vt 0.355407 0.998439
vt 0.063851 0.001562
vt 0.360387 0.398440
vt 0.359458 0.201563
vt 0.359148 0.398440
vt 0.116181 0.198441
vt 0.873723 0.398434
vt 0.874961 0.398434
vt 0.874342 0.201555
vt 0.338583 0.801562
vt 0.337345 0.801562
vt 0.337963 0.998439
vt 0.212119 0.198441
vt 0.430159 0.398440
vt 0.167273 0.001562
vt 0.168201 0.198441
vt 0.168511 0.001562
vt 0.473768 0.801562
vt 0.472530 0.801562
vt 0.473149 0.998439
vt 0.655684 0.201563
vt 0.560984 0.601562
vt 0.559747 0.601562
vt 0.560365 0.798439
vt 0.468169 0.798439
vt 0.273170 0.998439
vt 0.272242 0.801562
vt 0.271932 0.998439
vt 0.992701 0.801560
vt 0.555386 0.801562
vt 0.542303 0.601562
vt 0.543231 0.798439
vt 0.543541 0.601562
vt 0.385314 0.801562
vt 0.394035 0.798439
vt 0.395273 0.798439
vt 0.394654 0.601562
vt 0.024604 0.601562
vt 0.023366 0.601562
vt 0.023985 0.798439
vt 0.241407 0.801562
vt 0.232685 0.998439
vt 0.443242 0.601563
vt 0.430160 0.801562
vt 0.180355 0.998439
vt 0.914208 0.398434
vt 0.197799 0.801562
vt 0.927290 0.398433
vt 0.478129 0.798439
vt 0.223964 0.801562
vt 0.328623 0.998439
vt 0.491211 0.598440
vt 0.380953 0.801562
vt 0.979619 0.601558
vt 0.136747 0.601562
vt 0.870600 0.801560
vt 0.460685 0.801562
vt 0.459448 0.801562
vt 0.460066 0.998439
vt 0.076933 0.398440
vt 0.696168 0.398440
vt 0.617675 0.601562
vt 0.543541 0.598440
vt 0.149830 0.401563
vt 0.670004 0.998439
vt 0.268809 0.201564
vt 0.883682 0.398434
vt 0.787745 0.398440
vt 0.225201 0.598440
vt 0.590272 0.601562
vt 0.062613 0.798439
vt 0.412716 0.398441
vt 0.478129 0.401563
vt 0.476891 0.401563
vt 0.477510 0.598440
vt 0.835714 0.598437
vt 0.866239 0.398434
vt 0.809549 0.401560
vt 0.090016 0.401563
vt 0.071335 0.801562
vt 0.779023 0.598440
vt 0.045170 0.401563
vt 0.600231 0.598440
vt 0.796467 0.398440
vt 0.931651 0.998439
vt 0.751621 0.601562
vt 0.786507 0.798439
vt 0.787745 0.798439
vt 0.787436 0.601562
vt 0.805188 0.598440
vt 0.805188 0.998439
vt 0.137985 0.598440
vt 0.190315 0.398440
vt 0.364747 0.598440
vt 0.957815 0.398433
vt 0.556624 0.401563
vt 0.281892 0.001562
vt 0.742900 0.401563
vt 0.508654 0.798439
vt 0.709251 0.598440
vt 0.799589 0.801562
vt 0.800621 0.998439
vt 0.800828 0.801562
vt 0.739776 0.398440
vt 0.992701 0.401556
vt 0.513015 0.401563
vt 0.199036 0.001562
vt 0.263211 0.798439
vt 0.001561 0.001561
vt 0.002490 0.198440
vt 0.002799 0.001561
vt 0.747260 0.201563
vt 0.748292 0.398440
vt 0.748498 0.201563
vt 0.613314 0.801562
vt 0.181593 0.401563
vt 0.504294 0.401563
vt 0.503056 0.401563
vt 0.503675 0.598440
vt 0.783385 0.201564
vt 0.782147 0.201564
vt 0.782765 0.398440
vt 0.926052 0.998439
vt 0.927290 0.998439
vt 0.926671 0.801560
vt 0.103098 0.598440
vt 0.199036 0.598440
vt 0.630757 0.801562
vt 0.678725 0.398440
vt 0.229562 0.001562
vt 0.486850 0.401563
vt 0.665643 0.601562
vt 0.539180 0.598440
vt 0.007160 0.198441
vt 0.264449 0.198441
vt 0.302458 0.798439
vt 0.334222 0.198441
vt 0.917331 0.398434
vt 0.918569 0.398434
vt 0.917949 0.201554
vt 0.726694 0.598440
vt 0.665643 0.998439
vt 0.674365 0.598440
vt 0.899887 0.398434
vt 0.901125 0.398434
vt 0.900506 0.201554
vt 0.289375 0.598440
vt 0.909847 0.998439
vt 0.312417 0.598440
vt 0.232685 0.001562
vt 0.233613 0.198441
vt 0.233923 0.001562
vt 0.168510 0.798439
vt 0.443242 0.198441
vt 0.568468 0.998439
vt 0.734178 0.998439
vt 0.735416 0.998439
vt 0.735106 0.801562
vt 0.652561 0.798439
vt 0.299335 0.001562
vt 0.648200 0.801562
vt 0.530459 0.401563
vt 0.193438 0.401563
vt 0.133624 0.401563
vt 0.696168 0.798439
vt 0.072572 0.198441
vt 0.376592 0.598440
vt 0.377830 0.598440
vt 0.377211 0.401563
vt 0.033325 0.598440
vt 0.896765 0.398434
vt 0.661282 0.798439
vt 0.909847 0.798437
vt 0.068211 0.398440
vt 0.721095 0.798439
vt 0.722333 0.798439
vt 0.721714 0.601562
vt 0.014644 0.401563
vt 0.367870 0.601562
vt 0.683086 0.998439
vt 0.308057 0.001562
vt 0.683086 0.798439
vt 0.276293 0.601562
vt 0.835714 0.798439
vt 0.725456 0.998439
vt 0.726694 0.998439
vt 0.726075 0.801562
vt 0.172871 0.198441
vt 0.177232 0.198441
vt 0.107459 0.598440
vt 0.569706 0.798439
vt 0.626396 0.798439
vt 0.652561 0.401563
vt 0.717973 0.798439
vt 0.220840 0.598440
vt 0.245767 0.598440
vt 0.247005 0.598440
vt 0.246386 0.401563
vt 0.289376 0.801562
vt 0.028964 0.198441
vt 0.019005 0.601562
vt 0.450726 0.598440
vt 0.451963 0.598440
vt 0.451345 0.401563
vt 0.299335 0.398440
vt 0.298304 0.201563
vt 0.298097 0.398440
vt 0.194676 0.198441
vt 0.526098 0.801562
vt 0.050768 0.198441
vt 0.520499 0.398441
vt 0.164150 0.398440
vt 0.311180 0.201563
vt 0.254489 0.201563
vt 0.434520 0.798439
vt 0.407117 0.598440
vt 0.408355 0.598440
vt 0.408149 0.401563
vt 0.386551 0.798439
vt 0.417077 0.401563
vt 0.258850 0.998439
vt 0.447603 0.998439
vt 0.687447 0.998439
vt 0.228324 0.201563
vt 0.608953 0.798439
vt 0.133624 0.398440
vt 0.011521 0.198441
vt 0.175994 0.201563
vt 0.176923 0.398440
vt 0.177232 0.201563
vt 0.962176 0.601558
vt 0.569706 0.398440
vt 0.507417 0.201563
vt 0.965299 0.201554
vt 0.966227 0.398433
vt 0.966537 0.201554
vt 0.459448 0.601562
vt 0.966537 0.998439
vt 0.332984 0.201564
vt 0.957815 0.598435
vt 0.228324 0.801562
vt 0.731055 0.801562
vt 0.504294 0.798439
vt 0.757219 0.798439
vt 0.521737 0.798439
vt 0.551025 0.398441
vt 0.904248 0.998439
vt 0.905486 0.998439
vt 0.904867 0.801560
vt 0.267572 0.601562
vt 0.219603 0.801562
vt 0.324262 0.398440
vt 0.722333 0.598440
vt 0.970898 0.401556
vt 0.503056 0.998439
vt 0.206520 0.998439
vt 0.459448 0.201564
vt 0.975258 0.398433
vt 0.159789 0.198441
vt 0.664405 0.398440
vt 0.329861 0.198441
vt 0.873723 0.998439
vt 0.874961 0.998439
vt 0.874342 0.801560
vt 0.417077 0.398441
vt 0.465046 0.398441
vt 0.455087 0.201564
vt 0.926052 0.798437
vt 0.927290 0.798437
vt 0.926671 0.601558
vt 0.193437 0.798439
vt 0.857518 0.998439
vt 0.861879 0.401556
vt 0.171633 0.998439
vt 0.856280 0.598435
vt 0.857518 0.598435
vt 0.856899 0.401556
vt 0.088778 0.601562
vt 0.093139 0.601562
vt 0.481252 0.201564
vt 0.860641 0.998439
vt 0.861879 0.998439
vt 0.861260 0.801560
vt 0.970898 0.398433
vt 0.145468 0.998439
vt 0.149829 0.998439
vt 0.953455 0.798437
vt 0.329861 0.798439
vt 0.421438 0.998439
vt 0.420510 0.801562
vt 0.420200 0.998439
vt 0.656922 0.801562
vt 0.870600 0.401556
vt 0.529220 0.798439
vt 0.293737 0.801562
vt 0.245768 0.601562
vt 0.334222 0.998439
vt 0.333293 0.801562
vt 0.332983 0.998439
vt 0.991463 0.798437
vt 0.992701 0.798437
vt 0.992082 0.601558
vt 0.342943 0.998439
vt 0.341912 0.801562
vt 0.341705 0.998439
vt 0.363509 0.998439
vt 0.103098 0.601563
vt 0.101861 0.601563
vt 0.102479 0.798439
vt 0.184716 0.998439
vt 0.970898 0.798437
vt 0.974020 0.798437
vt 0.975258 0.798437
vt 0.975052 0.601558
vt 0.171633 0.598440
vt 0.172871 0.598440
vt 0.172252 0.401563
vt 0.678726 0.801562
vt 0.668766 0.401563
vt 0.669694 0.598440
vt 0.670004 0.401563
vt 0.469407 0.401563
vt 0.411478 0.601562
vt 0.254489 0.998439
vt 0.281892 0.598440
vt 0.199036 0.601562
vt 0.197799 0.601562
vt 0.198417 0.798439
vt 0.974020 0.998439
vt 0.975258 0.998439
vt 0.975052 0.801559
vt 0.123664 0.598440
vt 0.124902 0.598440
vt 0.124283 0.401563
vt 0.717972 0.598440
vt 0.206520 0.001562
vt 0.207552 0.198441
vt 0.207758 0.001562
vt 0.603354 0.201563
vt 0.546664 0.201564
vt 0.547592 0.398440
vt 0.547902 0.201564
vt 0.199036 0.398440
vt 0.808311 0.798439
vt 0.809549 0.798439
vt 0.808930 0.601560
vt 0.831353 0.798439
vt 0.032087 0.398440
vt 0.033325 0.398440
vt 0.032706 0.201564
vt 0.177232 0.798439
vt 0.101860 0.201564
vt 0.102789 0.398441
vt 0.103098 0.201564
vt 0.042047 0.401563
vt 0.739776 0.998439
vt 0.080056 0.201564
vt 0.081088 0.398440
vt 0.081294 0.201564
vt 0.709251 0.398440
vt 0.708220 0.201564
vt 0.708013 0.398440
vt 0.076933 0.198441
vt 0.822631 0.598437
vt 0.757219 0.998439
vt 0.817033 0.801562
vt 0.817961 0.998439
vt 0.818271 0.801562
vt 0.818270 0.798439
vt 0.177232 0.598440
vt 0.812672 0.801562
vt 0.813600 0.998439
vt 0.813910 0.801562
vt 0.848796 0.998439
vt 0.241406 0.598440
vt 0.369108 0.598440
vt 0.831353 0.998439
vt 0.071335 0.601562
vt 0.830115 0.201559
vt 0.831147 0.398436
vt 0.831353 0.201559
vt 0.055129 0.201564
vt 0.053891 0.201564
vt 0.054098 0.398440
vt 0.879322 0.598435
vt 0.015882 0.198441
vt 0.285015 0.198441
vt 0.286253 0.198441
vt 0.285634 0.001562
vt 0.245767 0.398440
vt 0.247005 0.398440
vt 0.246696 0.201564
vt 0.002799 0.798439
vt 0.120542 0.801562
vt 0.119304 0.801562
vt 0.119923 0.998439
vt 0.533581 0.201563
vt 0.534510 0.398440
vt 0.534819 0.201563
vt 0.769064 0.201563
vt 0.769992 0.398440
vt 0.770302 0.201563
vt 0.014644 0.801562
vt 0.812672 0.398438
vt 0.813910 0.398438
vt 0.813291 0.201559
vt 0.085655 0.201564
vt 0.760342 0.998439
vt 0.128025 0.598440
vt 0.129263 0.598440
vt 0.128644 0.401563
vt 0.927290 0.598435
vt 0.023365 0.598440
vt 0.250128 0.798439
vt 0.251366 0.798439
vt 0.250747 0.601562
vt 0.237046 0.001562
vt 0.237974 0.198441
vt 0.238284 0.001562
vt 0.779024 0.201563
vt 0.133624 0.198441
vt 0.447603 0.398440
vt 0.844436 0.598435
vt 0.790868 0.201563
vt 0.791899 0.398440
vt 0.792106 0.201563
vt 0.826992 0.601562
vt 0.848796 0.598435
vt 0.879322 0.998439
vt 0.390912 0.198441
vt 0.097500 0.201564
vt 0.751621 0.401563
vt 0.995824 0.798437
vt 0.997062 0.798437
vt 0.996443 0.601558
vt 0.062613 0.801562
vt 0.094376 0.398440
vt 0.765941 0.998439
vt 0.277531 0.001562
vt 0.690570 0.398440
vt 0.691808 0.398440
vt 0.691189 0.201564
vt 0.010283 0.398440
vt 0.011521 0.398440
vt 0.010902 0.201563
vt 0.294974 0.198441
vt 0.137985 0.801562
vt 0.136747 0.801562
vt 0.137366 0.998439
vt 0.800827 0.798439
vt 0.844436 0.998439
vt 0.237046 0.798439
vt 0.238284 0.798439
vt 0.237665 0.601562
vt 0.014644 0.201563
vt 0.564107 0.398440
vt 0.565345 0.398440
vt 0.564726 0.201563
vt 0.050768 0.598440
vt 0.212119 0.398440
vt 0.211087 0.201563
vt 0.210881 0.398440
vt 0.260088 0.201564
vt 0.114943 0.798439
vt 0.116181 0.798439
vt 0.115562 0.601562
vt 0.564107 0.798439
vt 0.565345 0.798439
vt 0.564726 0.601562
vt 0.255727 0.001562
vt 0.072572 0.598440
vt 0.943495 0.601558
vt 0.944527 0.798437
vt 0.944733 0.601558
vt 0.049531 0.801562
vt 0.024604 0.201564
vt 0.023366 0.201564
vt 0.023675 0.398440
vt 0.110582 0.398441
vt 0.111820 0.398441
vt 0.111201 0.201564
vt 0.892404 0.201554
vt 0.053891 0.998439
vt 0.626396 0.201564
vt 0.625158 0.201564
vt 0.625777 0.398441
vt 0.661282 0.201564
vt 0.805188 0.398440
vt 0.412716 0.198441
vt 0.128025 0.798439
vt 0.129263 0.798439
vt 0.128644 0.601562
vt 0.764703 0.798439
vt 0.765941 0.798439
vt 0.765322 0.601562
vt 0.443242 0.201564
vt 0.622035 0.798439
vt 0.922929 0.201554
vt 0.796467 0.798439
vt 0.795435 0.601562
vt 0.795229 0.798439
vt 0.399634 0.598440
vt 0.700529 0.398440
vt 0.796467 0.998439
vt 0.027726 0.201563
vt 0.028655 0.398440
vt 0.028964 0.201563
vt 0.066974 0.601562
vt 0.203397 0.001562
vt 0.354788 0.201563
vt 0.729817 0.401563
vt 0.752859 0.201563
vt 0.703652 0.201564
vt 0.848796 0.201554
vt 0.346066 0.401563
vt 0.883682 0.598435
vt 0.835714 0.801562
vt 0.202159 0.601562
vt 0.203191 0.798439
vt 0.203397 0.601562
vt 0.023366 0.801562
vt 0.774663 0.201563
vt 0.055129 0.198441
vt 0.042047 0.201563
vt 0.382191 0.198441
vt 0.731055 0.398440
vt 0.730024 0.201564
vt 0.729817 0.398440
vt 0.517376 0.601562
vt 0.594633 0.201564
vt 0.595561 0.398440
vt 0.595871 0.201564
vt 0.058252 0.801562
vt 0.821393 0.798439
vt 0.822631 0.798439
vt 0.822012 0.601560
vt 0.020243 0.201563
vt 0.747260 0.598440
vt 0.145468 0.598440
vt 0.146706 0.598440
vt 0.146087 0.401563
vt 0.931651 0.598435
vt 0.019005 0.598440
vt 0.285015 0.798439
vt 0.286252 0.798439
vt 0.285634 0.601562
vt 0.219602 0.001562
vt 0.220531 0.198441
vt 0.220840 0.001562
vt 0.757220 0.201563
vt 0.225201 0.198441
vt 0.630757 0.398441
vt 0.844436 0.398434
vt 0.803950 0.601562
vt 0.804982 0.798439
vt 0.805188 0.601562
vt 0.826992 0.401560
vt 0.848796 0.798437
vt 0.878084 0.398434
vt 0.879322 0.398434
vt 0.879012 0.201554
vt 0.399634 0.198441
vt 0.058252 0.201563
vt 0.411478 0.598440
vt 0.962176 0.998439
vt 0.539180 0.801562
vt 0.116181 0.598440
vt 0.560984 0.998439
vt 0.190315 0.401563
vt 0.264448 0.598440
vt 0.085655 0.401563
vt 0.155428 0.598440
vt 0.158551 0.601562
vt 0.229562 0.598440
vt 0.790868 0.601562
vt 0.725456 0.201564
vt 0.826992 0.398438
vt 0.949094 0.401556
vt 0.495572 0.598440
vt 0.494541 0.401563
vt 0.494334 0.598440
vt 0.826992 0.998439
vt 0.742899 0.801562
vt 0.743828 0.998439
vt 0.744137 0.801562
vt 0.892404 0.401556
vt 0.738538 0.401563
vt 0.739467 0.598440
vt 0.739777 0.401563
vt 0.905486 0.398434
vt 0.233923 0.201564
vt 0.735416 0.398440
vt 0.114943 0.201563
vt 0.556623 0.798439
vt 0.260088 0.598440
vt 0.612076 0.398440
vt 0.103098 0.198441
vt 0.542303 0.201564
vt 0.543231 0.398440
vt 0.543541 0.201564
vt 0.534819 0.601562
vt 0.045170 0.998439
vt 0.840074 0.798439
vt 0.437643 0.398440
vt 0.438881 0.398440
vt 0.438262 0.201564
vt 0.081294 0.598440
vt 0.146706 0.398440
vt 0.982742 0.598435
vt 0.983980 0.598435
vt 0.983361 0.401556
vt 0.315540 0.398440
vt 0.308057 0.398440
vt 0.185954 0.398440
vt 0.193438 0.201563
vt 0.712374 0.798439
vt 0.713612 0.798439
vt 0.712993 0.601562
vt 0.713612 0.598440
vt 0.210881 0.998439
vt 0.442004 0.598440
vt 0.443242 0.598440
vt 0.442623 0.401563
vt 0.888043 0.998439
vt 0.250128 0.201564
vt 0.189077 0.801562
vt 0.446365 0.601562
vt 0.377830 0.798439
vt 0.155428 0.398440
vt 0.408355 0.998439
vt 0.560984 0.598440
vt 0.979619 0.598435
vt 0.469407 0.801562
vt 0.468169 0.801562
vt 0.468788 0.998439
vt 0.661282 0.598440
vt 0.263211 0.998439
vt 0.979619 0.801560
vt 0.171634 0.201563
vt 0.181593 0.198441
vt 0.425799 0.601562
vt 0.424561 0.601562
vt 0.425180 0.798439
vt 0.447603 0.598440
vt 0.407118 0.201564
vt 0.123665 0.201563
vt 0.956578 0.798437
vt 0.957816 0.798437
vt 0.957196 0.601558
vt 0.084417 0.998439
vt 0.585911 0.398441
vt 0.036448 0.798439
vt 0.511777 0.398440
vt 0.394035 0.198441
vt 0.395273 0.198441
vt 0.394654 0.001562
vt 0.399634 0.998439
vt 0.952217 0.598435
vt 0.953455 0.598435
vt 0.953145 0.401556
vt 0.238284 0.398440
vt 0.585911 0.998439
vt 0.364747 0.198441
vt 0.434520 0.201564
vt 0.433282 0.201564
vt 0.433901 0.398440
vt 0.564107 0.998439
vt 0.940372 0.801560
vt 0.577190 0.201563
vt 0.094377 0.198441
vt 0.342943 0.798439
vt 0.271932 0.201563
vt 0.334222 0.601562
vt 0.332984 0.601562
vt 0.333603 0.798439
vt 0.268809 0.198441
vt 0.376592 0.398441
vt 0.936012 0.401556
vt 0.936012 0.798437
vt 0.367870 0.398440
vt 0.167273 0.801562
vt 0.783384 0.798439
vt 0.944733 0.201554
vt 0.914208 0.798437
vt 0.403994 0.798439
vt 0.158551 0.398440
vt 0.159789 0.398440
vt 0.159170 0.201563
vt 0.434520 0.801562
vt 0.433283 0.801562
vt 0.433901 0.998439
vt 0.216480 0.201563
vt 0.111820 0.198441
vt 0.770302 0.998439
vt 0.110582 0.801562
vt 0.896765 0.998439
vt 0.539180 0.201564
vt 0.437643 0.801562
vt 0.032087 0.601562
vt 0.306819 0.401563
vt 0.307850 0.598440
vt 0.308057 0.401563
vt 0.499933 0.601563
vt 0.316778 0.198441
vt 0.521737 0.801562
vt 0.498695 0.801562
vt 0.040809 0.601562
vt 0.559747 0.201563
vt 0.142346 0.198441
vt 0.080056 0.001562
vt 0.080985 0.198441
vt 0.081294 0.001562
vt 0.119303 0.798439
vt 0.574067 0.201564
vt 0.572829 0.201564
vt 0.573448 0.398440
vt 0.909847 0.201554
vt 0.223964 0.601562
vt 0.581550 0.201564
vt 0.777786 0.798439
vt 0.779023 0.798439
vt 0.778714 0.601562
vt 0.412716 0.998439
vt 0.162912 0.801562
vt 0.420200 0.598440
vt 0.421438 0.598440
vt 0.420819 0.401563
vt 0.293737 0.201563
vt 0.185954 0.601562
vt 0.184716 0.601562
vt 0.184922 0.798439
vt 0.997062 0.398433
vt 0.503056 0.201564
vt 0.106221 0.801562
vt 0.132386 0.801562
vt 0.245767 0.001562
vt 0.246696 0.198441
vt 0.247005 0.001562
vt 0.651323 0.201564
vt 0.652251 0.398440
vt 0.652561 0.201564
vt 0.421438 0.601562
vt 0.420200 0.601562
vt 0.420819 0.798439
vt 0.437643 0.601562
vt 0.495572 0.801562
vt 0.940372 0.598435
vt 0.590272 0.201564
vt 0.189077 0.798439
vt 0.027726 0.798439
vt 0.005922 0.798439
vt 0.181593 0.398440
vt 0.382191 0.401563
vt 0.394035 0.398441
vt 0.068212 0.001561
vt 0.633880 0.201564
vt 0.731055 0.601562
vt 0.372231 0.201563
vt 0.002799 0.398440
vt 0.468169 0.201564
vt 0.072573 0.201563
vt 0.524860 0.598440
vt 0.526098 0.598440
vt 0.525891 0.401563
vt 0.886805 0.598435
vt 0.888043 0.598435
vt 0.887424 0.401556
vt 0.120541 0.398440
vt 0.350427 0.201563
vt 0.498695 0.201564
vt 0.572829 0.798439
vt 0.129263 0.198441
vt 0.476891 0.201563
vt 0.045170 0.601562
vt 0.373469 0.001562
vt 0.770302 0.598440
vt 0.103098 0.801562
vt 0.101861 0.801562
vt 0.102479 0.998439
vt 0.424561 0.998439
vt 0.398396 0.201564
vt 0.088778 0.398440
vt 0.090016 0.398440
vt 0.089397 0.201563
vt 0.210881 0.601562
vt 0.956578 0.998439
vt 0.957816 0.998439
vt 0.957196 0.801560
vt 0.114943 0.998439
vt 0.607715 0.398440
vt 0.053891 0.798439
vt 0.620797 0.398440
vt 0.354788 0.198441
vt 0.356026 0.198441
vt 0.355407 0.001562
vt 0.403994 0.998439
vt 0.952217 0.398433
vt 0.953455 0.398433
vt 0.953145 0.201554
vt 0.425798 0.398440
vt 0.581550 0.798439
vt 0.351665 0.198441
vt 0.517376 0.201563
vt 0.516138 0.201563
vt 0.516757 0.398440
vt 0.551025 0.798439
vt 0.901125 0.601558
vt 0.450726 0.201564
vt 0.155428 0.198441
vt 0.308057 0.798439
vt 0.420200 0.201564
vt 0.347304 0.601562
vt 0.346066 0.601562
vt 0.346685 0.798439
vt 0.251366 0.198441
vt 0.389674 0.398440
vt 0.940372 0.601558
vt 0.936012 0.998439
vt 0.346066 0.398441
vt 0.154190 0.801562
vt 0.783384 0.998439
vt 0.949094 0.601558
vt 0.914208 0.998439
vt 0.408355 0.798439
vt 0.167273 0.398440
vt 0.168510 0.398440
vt 0.167892 0.201563
vt 0.456325 0.601562
vt 0.455087 0.601562
vt 0.455705 0.798439
vt 0.203397 0.201563
vt 0.120542 0.198441
vt 0.779023 0.998439
vt 0.080056 0.801562
vt 0.936011 0.398433
vt 0.556624 0.201563
vt 0.450726 0.801562
vt 0.075696 0.601562
vt 0.315540 0.998439
vt 0.088778 0.801562
vt 0.346066 0.801562
vt 0.376592 0.998439
vt 0.382190 0.798439
vt 0.280654 0.998439
vt 0.390912 0.798439
vt 0.918568 0.601558
vt 0.851919 0.398434
vt 0.853157 0.398434
vt 0.852538 0.201554
vt 0.267572 0.801562
vt 0.495572 0.601563
s 1
f 2/1/1 3/2/2 68/3/3
f 2/1/1 4/4/4 3/2/2
f 5/5/5 6/6/6 7/7/7
f 8/8/8 9/9/9 6/6/6
f 79/10/10 13/11/11 12/12/12
f 18/13/13 14/14/14 17/15/15
f 19/16/16 20/17/17 53/18/18
f 84/19/19 83/20/20 20/17/17
f 21/21/21 22/22/22 23/16/23
f 28/23/24 27/24/25 60/25/26
f 31/26/27 30/27/28 32/28/29
f 30/27/28 92/29/30 33/30/31
f 34/31/32 32/28/29 35/32/33
f 38/33/34 39/34/35 37/35/36
f 42/36/37 41/37/38 43/38/39
f 43/38/39 4/4/4 2/1/1
f 44/39/40 45/40/41 7/7/7
f 46/41/42 11/42/43 12/12/12
f 47/43/44 48/44/45 46/41/42
f 51/45/46 16/46/47 17/15/15
f 49/47/48 50/48/49 51/45/46
f 55/49/50 54/50/51 53/18/18
f 56/51/52 57/52/53 58/53/54
f 58/53/54 21/21/21 23/16/23
f 61/54/55 62/55/56 60/25/26
f 63/56/57 34/31/32 35/32/33
f 65/57/58 36/58/59 37/35/36
f 66/59/60 67/60/61 65/57/58
f 1/61/62 68/3/3 69/62/63
f 72/63/64 73/64/65 74/65/66
f 9/9/9 75/66/67 72/63/64
f 9/9/9 8/8/8 75/66/67
f 13/11/11 77/67/68 78/68/69
f 14/14/14 15/69/70 80/70/71
f 83/20/20 85/71/72 108/72/73
f 22/22/22 86/73/74 87/74/75
f 87/74/75 86/73/74 88/75/76
f 89/76/77 91/77/78 114/78/79
f 27/24/25 26/79/80 89/76/77
f 33/30/31 93/80/81 94/81/82
f 94/81/82 93/80/81 95/82/83
f 39/34/35 96/83/84 97/84/85
f 100/85/86 71/86/87 99/87/88
f 102/88/89 101/89/90 74/65/66
f 103/90/91 104/91/92 78/68/69
f 81/92/93 107/93/94 80/70/71
f 106/94/95 105/95/96 107/93/94
f 109/96/97 110/97/98 108/72/73
f 111/98/99 112/99/100 88/75/76
f 115/100/101 116/101/102 114/78/79
f 118/102/103 117/103/104 95/82/83
f 120/104/105 121/105/106 97/84/85
f 125/106/107 126/107/107 127/108/107
f 126/107/107 123/109/107 127/108/107
f 122/110/107 132/111/107 123/109/107
f 124/112/107 135/113/107 125/106/107
f 130/114/107 136/115/107 131/116/107
f 128/117/107 134/118/107 133/119/107
f 137/120/107 128/117/107 132/111/107
f 133/119/107 130/114/107 131/116/107
f 147/121/108 140/122/109 139/123/110
f 142/124/111 149/125/112 143/126/113
f 140/122/109 150/127/114 138/128/115
f 151/129/116 152/130/117 148/131/118
f 146/132/119 153/133/120 142/124/111
f 148/131/118 155/134/121 139/123/110
f 155/134/121 147/121/108 139/123/110
f 149/125/112 156/135/122 145/136/123
f 157/137/124 158/138/124 159/139/124
f 160/140/124 161/141/124 162/142/124
f 163/143/124 164/144/124 165/145/124
f 159/139/124 167/146/124 168/147/124
f 169/148/124 170/149/124 171/150/124
f 168/147/124 172/151/124 173/152/124
f 166/153/124 174/154/124 175/155/124
f 169/148/124 176/156/124 162/142/124
f 177/157/124 162/142/124 176/156/124
f 169/148/124 175/155/124 170/149/124
f 160/140/124 177/157/124 178/158/124
f 179/159/125 183/160/126 180/161/127
f 180/161/127 184/162/128 181/163/129
f 181/163/129 182/164/130 185/165/131
f 192/166/132 253/167/133 194/168/134
f 187/169/135 195/170/136 196/171/137
f 190/172/138 198/173/139 199/174/140
f 187/169/135 191/175/141 195/170/136
f 188/176/142 197/177/143 189/178/144
f 188/176/142 196/171/137 200/179/145
f 191/175/141 204/180/146 202/181/147
f 197/177/143 203/182/148 189/178/144
f 194/168/134 205/183/149 204/180/146
f 206/184/124 158/138/124 157/137/124
f 208/185/124 164/144/124 163/143/124
f 206/184/124 161/141/124 207/186/124
f 174/154/124 166/153/124 211/187/124
f 189/178/144 203/182/148 201/188/150
f 212/189/124 209/190/124 160/140/124
f 211/187/124 209/190/124 210/191/124
f 213/192/124 160/140/124 178/158/124
f 179/159/125 214/193/151 186/194/152
f 217/195/153 218/196/154 219/197/155
f 141/198/156 220/199/157 144/200/158
f 143/126/113 145/136/123 221/201/159
f 138/128/115 222/202/160 223/203/161
f 141/198/156 225/204/162 226/205/163
f 138/128/115 142/124/111 222/202/160
f 140/122/109 224/206/164 139/123/110
f 140/122/109 223/203/161 227/207/165
f 142/124/111 230/208/166 228/209/167
f 224/206/164 229/210/168 139/123/110
f 221/201/159 231/211/169 230/208/166
f 236/212/170 237/213/170 238/214/170
f 242/215/170 238/214/170 233/216/170
f 243/217/170 244/218/170 245/219/170
f 148/131/118 139/123/110 225/204/162
f 246/220/170 240/221/170 235/222/170
f 245/219/170 240/221/170 241/223/170
f 247/224/170 234/225/170 248/226/170
f 251/227/171 182/164/130 184/162/128
f 249/228/172 183/160/126 186/194/152
f 252/229/173 190/172/138 193/230/174
f 255/231/175 188/176/142 189/178/144
f 191/175/141 256/232/176 192/166/132
f 188/176/142 257/233/177 187/169/135
f 258/234/178 259/235/179 198/173/139
f 254/236/180 260/237/181 191/175/141
f 262/238/182 255/231/175 189/178/144
f 256/232/176 263/239/183 253/167/133
f 234/225/170 265/240/170 266/241/170
f 267/242/170 237/213/170 268/243/170
f 270/244/170 271/245/170 272/246/170
f 269/247/170 238/214/170 273/248/170
f 234/225/170 264/249/170 265/240/170
f 244/218/170 243/217/170 274/250/170
f 273/248/170 238/214/170 267/242/170
f 198/173/139 262/238/182 189/178/144
f 270/244/170 275/251/170 266/241/170
f 276/252/170 266/241/170 275/251/170
f 270/244/170 274/250/170 271/245/170
f 234/225/170 276/252/170 248/226/170
f 277/253/184 216/254/185 278/255/186
f 278/255/186 219/197/155 279/256/187
f 279/256/187 218/196/154 280/257/188
f 1/61/62 2/1/1 68/3/3
f 5/5/5 10/258/189 6/6/6
f 10/258/189 8/8/8 6/6/6
f 11/42/43 79/10/10 12/12/12
f 14/14/14 18/13/13 15/69/70
f 16/46/47 18/13/13 17/15/15
f 19/16/16 84/19/19 20/17/17
f 21/21/21 25/259/190 22/22/22
f 22/22/22 25/259/190 24/260/191
f 28/23/24 26/79/80 27/24/25
f 31/26/27 29/261/192 30/27/28
f 30/27/28 29/261/192 92/29/30
f 34/31/32 31/26/27 32/28/29
f 36/58/59 40/262/193 37/35/36
f 40/262/193 38/33/34 37/35/36
f 43/38/39 41/37/38 4/4/4
f 7/7/7 45/40/41 5/5/5
f 46/41/42 48/44/45 11/42/43
f 51/45/46 52/263/194 16/46/47
f 51/45/46 50/48/49 52/263/194
f 53/18/18 54/50/51 19/16/16
f 56/51/52 59/264/195 57/52/53
f 58/53/54 57/52/53 21/21/21
f 60/25/26 62/55/56 28/23/24
f 63/56/57 64/265/196 34/31/32
f 65/57/58 67/60/61 36/58/59
f 69/62/63 68/3/3 70/266/197
f 69/62/63 70/266/197 71/86/87
f 72/63/64 76/267/198 73/64/65
f 72/63/64 75/66/67 76/267/198
f 13/11/11 79/10/10 77/67/68
f 80/70/71 82/268/199 81/92/93
f 80/70/71 15/69/70 82/268/199
f 83/20/20 84/19/19 85/71/72
f 22/22/22 24/260/191 86/73/74
f 89/76/77 26/79/80 90/81/200
f 89/76/77 90/81/200 91/77/78
f 33/30/31 92/29/30 93/80/81
f 39/34/35 38/33/34 96/83/84
f 98/269/201 100/85/86 99/87/88
f 100/85/86 69/62/63 71/86/87
f 73/64/65 102/88/89 74/65/66
f 77/67/68 103/90/91 78/68/69
f 81/92/93 106/94/95 107/93/94
f 85/71/72 109/96/97 108/72/73
f 111/98/99 113/270/202 112/99/100
f 86/73/74 111/98/99 88/75/76
f 91/77/78 115/100/101 114/78/79
f 118/102/103 119/271/203 117/103/104
f 93/80/81 118/102/103 95/82/83
f 96/83/84 120/104/105 97/84/85
f 125/106/107 135/113/107 126/107/107
f 122/110/107 137/120/107 132/111/107
f 123/109/107 126/107/107 122/110/107
f 130/114/107 281/272/107 136/115/107
f 128/117/107 129/273/107 134/118/107
f 137/120/107 129/273/107 128/117/107
f 133/119/107 134/118/107 130/114/107
f 143/126/113 149/125/112 145/136/123
f 144/200/158 151/129/116 141/198/156
f 138/128/115 150/127/114 146/132/119
f 141/198/156 151/129/116 148/131/118
f 138/128/115 146/132/119 142/124/111
f 147/121/108 154/274/204 140/122/109
f 140/122/109 154/274/204 150/127/114
f 142/124/111 153/133/120 149/125/112
f 159/139/124 158/138/124 167/146/124
f 168/147/124 167/146/124 172/151/124
f 173/152/124 172/151/124 163/143/124
f 148/131/118 152/130/117 155/134/121
f 169/148/124 171/150/124 176/156/124
f 169/148/124 166/153/124 175/155/124
f 160/140/124 162/142/124 177/157/124
f 181/163/129 184/162/128 182/164/130
f 179/159/125 186/194/152 183/160/126
f 183/160/126 184/162/128 180/161/127
f 190/172/138 199/174/140 193/230/174
f 188/176/142 200/179/145 197/177/143
f 191/175/141 192/166/132 194/168/134
f 188/176/142 187/169/135 196/171/137
f 199/174/140 198/173/139 201/188/150
f 195/170/136 191/175/141 202/181/147
f 191/175/141 194/168/134 204/180/146
f 194/168/134 253/167/133 282/183/205
f 207/186/124 161/141/124 160/140/124
f 209/190/124 283/275/124 210/191/124
f 206/184/124 157/137/124 161/141/124
f 172/151/124 208/185/124 163/143/124
f 198/173/139 189/178/144 201/188/150
f 212/189/124 283/275/124 209/190/124
f 213/192/124 212/189/124 160/140/124
f 211/187/124 166/153/124 209/190/124
f 214/193/151 215/276/206 216/254/185
f 215/276/206 217/195/153 219/197/155
f 217/195/153 284/277/207 218/196/154
f 215/276/206 219/197/155 216/254/185
f 214/193/151 216/254/185 186/194/152
f 141/198/156 226/205/163 220/199/157
f 141/198/156 148/131/118 225/204/162
f 140/122/109 227/207/165 224/206/164
f 142/124/111 143/126/113 221/201/159
f 140/122/109 138/128/115 223/203/161
f 222/202/160 142/124/111 228/209/167
f 142/124/111 221/201/159 230/208/166
f 221/201/159 145/136/123 285/211/208
f 232/278/170 239/279/170 233/216/170
f 239/279/170 242/215/170 233/216/170
f 240/221/170 286/280/170 241/223/170
f 225/204/162 139/123/110 229/210/168
f 246/220/170 286/280/170 240/221/170
f 247/224/170 246/220/170 235/222/170
f 245/219/170 244/218/170 240/221/170
f 247/224/170 235/222/170 234/225/170
f 249/228/172 250/281/209 183/160/126
f 250/281/209 251/227/171 184/162/128
f 251/227/171 287/282/210 182/164/130
f 250/281/209 184/162/128 183/160/126
f 192/166/132 256/232/176 253/167/133
f 252/229/173 258/234/178 190/172/138
f 187/169/135 257/233/177 254/236/180
f 190/172/138 258/234/178 198/173/139
f 187/169/135 254/236/180 191/175/141
f 255/231/175 261/283/211 188/176/142
f 188/176/142 261/283/211 257/233/177
f 191/175/141 260/237/181 256/232/176
f 264/249/170 232/278/170 233/216/170
f 267/242/170 238/214/170 237/213/170
f 269/247/170 233/216/170 238/214/170
f 234/225/170 232/278/170 264/249/170
f 198/173/139 259/235/179 262/238/182
f 270/244/170 272/246/170 275/251/170
f 270/244/170 244/218/170 274/250/170
f 234/225/170 266/241/170 276/252/170
f 249/228/172 186/194/152 277/253/184
f 279/256/187 219/197/155 218/196/154
f 216/254/185 219/197/155 278/255/186
f 186/194/152 216/254/185 277/253/184
f 290/284/170 289/285/170 288/286/170
f 294/287/170 293/288/170 292/289/170
f 296/290/170 297/291/170 295/292/170
f 300/293/170 299/294/170 298/295/170
f 306/296/170 307/297/170 304/298/170
f 310/299/170 311/300/170 308/301/170
f 314/302/170 313/303/170 312/304/170
f 320/305/170 319/306/170 318/307/170
f 322/308/170 323/309/170 321/310/170
f 326/311/124 325/312/124 324/313/124
f 329/314/124 330/315/124 327/316/124
f 333/317/124 332/318/124 331/319/124
f 336/320/124 335/321/124 334/322/124
f 339/323/124 338/324/124 337/325/124
f 342/326/124 341/327/124 340/328/124
f 345/329/124 344/330/124 343/331/124
f 352/332/170 353/333/170 350/334/170
f 359/335/170 358/336/170 357/337/170
f 362/338/124 363/339/124 360/340/124
f 366/341/124 365/342/124 364/343/124
f 369/344/124 368/345/124 367/346/124
f 372/347/124 371/348/124 370/349/124
f 375/350/170 374/351/170 373/352/170
f 382/353/124 381/354/124 380/355/124
f 386/356/124 385/357/124 384/358/124
f 392/359/124 393/360/124 390/361/124
f 396/362/124 395/363/124 394/364/124
f 399/365/124 398/366/124 397/367/124
f 405/368/124 404/369/124 403/370/124
f 408/371/124 407/372/124 406/373/124
f 412/374/124 413/375/124 410/376/124
f 416/377/124 415/378/124 414/379/124
f 419/380/124 418/381/124 417/382/124
f 422/383/170 421/384/170 420/385/170
f 426/386/170 425/387/170 424/388/170
f 430/389/124 429/390/124 428/391/124
f 434/392/170 435/393/170 432/394/170
f 438/395/124 437/396/124 436/397/124
f 441/398/124 440/399/124 439/400/124
f 444/401/124 445/402/124 442/403/124
f 448/404/124 447/405/124 446/406/124
f 455/407/124 456/408/124 453/409/124
f 459/410/124 458/411/124 457/412/124
f 462/413/124 461/414/124 460/415/124
f 465/416/124 466/417/124 463/418/124
f 469/419/124 468/420/124 467/421/124
f 473/422/124 472/423/124 471/424/124
f 480/425/124 479/426/124 478/427/124
f 484/428/124 483/429/124 482/430/124
f 490/431/124 489/432/124 488/433/124
f 494/434/124 495/435/124 492/436/124
f 498/437/170 497/438/170 496/439/170
f 502/440/124 501/441/124 500/442/124
f 505/443/124 504/444/124 503/445/124
f 509/446/124 508/447/124 507/448/124
f 515/449/124 514/450/124 513/451/124
f 519/452/124 518/453/124 517/454/124
f 522/455/170 521/456/170 520/457/170
f 525/458/124 524/459/124 523/460/124
f 529/461/124 528/462/124 527/463/124
f 532/464/124 533/465/124 530/466/124
f 536/467/124 535/468/124 534/469/124
f 543/470/124 544/471/124 541/472/124
f 547/473/170 546/474/170 545/475/170
f 550/476/170 549/477/170 548/478/170
f 553/479/170 552/480/170 551/481/170
f 556/482/170 555/483/170 554/484/170
f 562/485/170 561/486/170 560/487/170
f 566/488/170 565/489/170 564/490/170
f 575/491/170 574/492/170 573/493/170
f 578/494/170 577/495/170 576/496/170
f 582/497/170 581/498/170 580/499/170
f 585/500/170 584/501/170 583/502/170
f 589/503/170 588/504/170 587/505/170
f 598/506/170 597/507/170 596/508/170
f 601/509/170 600/510/170 599/511/170
f 605/512/170 604/513/170 603/514/170
f 611/515/170 610/516/170 609/517/170
f 614/518/170 615/519/170 612/520/170
f 618/521/170 617/522/170 616/523/170
f 624/524/170 625/525/170 622/526/170
f 628/527/170 627/528/170 626/529/170
f 632/530/170 631/531/170 630/532/170
f 635/533/170 634/534/170 633/535/170
f 641/536/124 642/537/124 639/538/124
f 648/539/170 649/540/170 646/541/170
f 652/542/170 653/543/170 650/544/170
f 656/545/170 655/546/170 654/547/170
f 660/548/170 661/549/170 658/550/170
f 664/551/170 663/552/170 662/553/170
f 668/554/170 667/555/170 666/556/170
f 671/557/170 672/558/170 669/559/170
f 678/560/170 677/561/170 676/562/170
f 682/563/170 681/564/170 680/565/170
f 685/566/170 686/567/170 683/568/170
f 689/569/170 688/570/170 687/571/170
f 692/572/170 691/573/170 690/574/170
f 701/575/170 700/576/170 699/577/170
f 704/578/170 705/579/170 702/580/170
f 708/581/170 709/582/170 706/583/170
f 712/584/170 713/585/170 710/586/170
f 719/587/170 718/588/170 717/589/170
f 722/590/170 723/591/170 720/592/170
f 726/593/170 725/594/170 724/595/170
f 730/596/170 729/597/170 728/598/170
f 733/599/170 732/600/170 731/601/170
f 739/602/170 740/603/170 737/604/170
f 743/605/170 742/606/170 741/607/170
f 746/608/170 745/609/170 744/610/170
f 749/611/170 748/612/170 747/613/170
f 752/614/170 751/615/170 750/616/170
f 755/617/170 754/618/170 753/619/170
f 759/620/170 760/621/170 757/622/170
f 766/623/170 765/624/170 764/625/170
f 776/626/170 775/627/170 774/628/170
f 779/629/170 778/630/170 777/631/170
f 782/632/170 783/633/170 780/634/170
f 789/635/170 788/636/170 787/637/170
f 792/638/170 791/639/170 790/640/170
f 799/641/170 798/642/170 797/643/170
f 802/644/170 801/645/170 800/646/170
f 806/647/170 805/648/170 804/649/170
f 809/650/170 808/651/170 807/652/170
f 815/653/170 816/654/170 814/655/170
f 819/656/170 820/657/170 817/658/170
f 823/659/170 822/660/170 821/661/170
f 832/662/170 833/663/170 830/664/170
f 836/665/170 835/666/170 834/667/170
f 839/668/170 840/669/170 837/670/170
f 846/671/170 845/672/170 844/673/170
f 850/674/170 849/675/170 848/676/170
f 854/677/170 853/678/170 852/679/170
f 867/680/170 868/681/170 865/682/170
f 871/683/170 870/684/170 869/685/170
f 874/686/170 873/687/170 872/688/170
f 881/689/170 882/690/170 879/691/170
f 885/692/170 886/693/170 883/694/170
f 889/695/170 888/696/170 887/697/170
f 893/698/170 892/699/170 891/700/170
f 896/701/170 895/702/170 894/703/170
f 899/704/170 898/705/170 897/706/170
f 912/707/170 913/708/170 910/709/170
f 916/710/170 915/711/170 914/712/170
f 920/713/170 919/714/170 918/715/170
f 923/716/170 922/717/170 921/718/170
f 926/719/170 925/720/170 924/721/170
f 933/722/170 932/723/170 931/724/170
f 937/725/170 936/726/170 935/727/170
f 940/728/170 941/729/170 938/730/170
f 944/731/170 943/732/170 942/733/170
f 948/734/170 947/735/170 946/736/170
f 951/737/170 950/738/170 949/739/170
f 955/740/170 956/741/170 953/742/170
f 959/743/170 960/744/170 957/745/170
f 966/746/170 967/747/170 964/748/170
f 970/749/170 969/750/170 968/751/170
f 973/752/170 972/753/170 971/754/170
f 976/755/170 975/756/170 974/757/170
f 979/758/170 978/759/170 977/760/170
f 985/761/170 984/762/170 983/763/170
f 989/764/170 988/765/170 987/766/170
f 998/767/170 997/768/170 996/769/170
f 1001/770/170 1000/771/170 999/772/170
f 1005/773/170 1004/774/170 1003/775/170
f 1008/776/170 1007/777/170 1006/778/170
f 1012/779/170 1011/780/170 1010/781/170
f 1021/782/170 1020/783/170 1019/784/170
f 1024/785/170 1023/786/170 1022/787/170
f 1028/788/170 1027/789/170 1026/790/170
f 1034/791/170 1033/792/170 1032/793/170
f 1037/794/170 1038/795/170 1035/796/170
f 1041/797/170 1040/798/170 1039/799/170
f 1047/800/170 1048/801/170 1045/802/170
f 1051/803/170 1050/804/170 1049/805/170
f 1055/806/170 1054/807/170 1053/808/170
f 1058/809/170 1057/810/170 1056/811/170
f 1064/812/124 1063/813/124 1062/814/124
f 1067/815/124 1066/816/124 1065/817/124
f 1077/818/124 1076/819/124 1075/820/124
f 1080/821/170 1079/822/170 1078/823/170
f 1084/824/170 1085/825/170 1082/826/170
f 1088/827/170 1087/828/170 1086/829/170
f 1091/830/170 1090/831/170 1089/832/170
f 1094/833/170 1095/834/170 1092/835/170
f 1098/836/170 1099/837/170 1096/838/170
f 1102/839/170 1103/840/170 1100/841/170
f 1106/842/170 1105/843/170 1104/844/170
f 1110/845/170 1109/846/170 1108/847/170
f 1114/848/170 1113/849/170 1112/850/170
f 1118/851/124 1117/852/124 1116/853/124
f 1122/854/170 1121/855/170 1120/856/170
f 1126/857/170 1125/858/170 1124/859/170
f 1129/860/124 1130/861/124 1127/862/124
f 1133/863/124 1132/864/124 1131/865/124
f 1136/866/124 1135/867/124 1134/868/124
f 1139/869/124 1138/870/124 1137/871/124
f 1143/872/124 1142/873/124 1141/874/124
f 1146/875/124 1145/876/124 1144/877/124
f 1150/878/124 1149/879/124 1148/880/124
f 1153/881/124 1154/882/124 1151/883/124
f 1157/884/170 1156/885/170 1155/886/170
f 1161/887/124 1160/888/124 1159/889/124
f 1164/890/170 1165/891/170 1162/892/170
f 1171/893/124 1170/894/124 1169/895/124
f 1175/896/124 1174/897/124 1173/898/124
f 1179/899/170 1180/900/170 1177/901/170
f 1183/902/170 1182/903/170 1181/904/170
f 1187/905/170 1186/906/170 1185/907/170
f 1191/908/170 1190/909/170 1189/910/170
f 1195/911/124 1196/912/124 1193/913/124
f 1199/914/124 1198/915/124 1197/916/124
f 1203/917/124 1202/918/124 1201/919/124
f 1207/920/124 1206/921/124 1205/922/124
f 1211/923/170 1210/924/170 1209/925/170
f 1215/926/124 1216/927/124 1213/928/124
f 1221/929/124 1220/930/124 1219/931/124
f 1228/932/170 1227/933/170 1226/934/170
f 1231/935/124 1230/936/124 1229/937/124
f 1235/938/124 1234/939/124 1233/940/124
f 1239/941/124 1240/942/124 1237/943/124
f 1243/944/124 1242/945/124 1241/946/124
f 1246/947/124 1247/948/124 1244/949/124
f 1250/950/124 1249/951/124 1248/952/124
f 1254/953/124 1253/954/124 1252/955/124
f 1258/956/170 1257/957/170 1256/958/170
f 1262/959/124 1261/960/124 1260/961/124
f 1265/962/170 1264/963/170 1263/964/170
f 1269/965/124 1268/966/124 1267/967/124
f 1273/968/170 1272/969/170 1271/970/170
f 1277/971/124 1276/972/124 1275/973/124
f 1284/974/124 1283/975/124 1282/976/124
f 1288/977/124 1287/978/124 1286/979/124
f 1292/980/124 1291/981/124 1290/982/124
f 1296/983/124 1295/984/124 1294/985/124
f 1300/986/124 1299/987/124 1298/988/124
f 1304/989/124 1303/990/124 1302/991/124
f 1308/992/124 1309/993/124 1306/994/124
f 1312/995/124 1311/996/124 1310/997/124
f 1315/998/124 1316/999/124 1313/1000/124
f 1319/1001/124 1318/1002/124 1317/1003/124
f 1323/1004/124 1322/1005/124 1321/1006/124
f 1327/1007/170 1326/1008/170 1325/1009/170
f 1334/1010/124 1333/1011/124 1332/1012/124
f 1338/1013/124 1339/1014/124 1336/1015/124
f 1342/1016/170 1343/1017/170 1340/1018/170
f 1346/1019/124 1345/1020/124 1344/1021/124
f 1349/1022/124 1350/1023/124 1347/1024/124
f 1353/1025/124 1354/1026/124 1351/1027/124
f 1363/1028/170 1364/1029/170 1361/1030/170
f 1367/1031/124 1368/1032/124 1365/1033/124
f 1374/1034/124 1373/1035/124 1372/1036/124
f 1377/1037/124 1376/1038/124 1375/1039/124
f 1386/1040/170 1385/1041/170 1384/1042/170
f 1390/1043/124 1389/1044/124 1388/1045/124
f 1394/1046/170 1395/1047/170 1392/1048/170
f 1398/1049/170 1397/1050/170 1396/1051/170
f 1402/1052/170 1403/1053/170 1400/1054/170
f 1406/1055/170 1407/1056/170 1404/1057/170
f 1410/1058/170 1409/1059/170 1408/1060/170
f 1413/1061/170 1412/1062/170 1411/1063/170
f 1416/1064/170 1417/1065/170 1414/1066/170
f 1420/1067/170 1419/1068/170 1418/1069/170
f 1424/1070/170 1423/1071/170 1422/1072/170
f 1428/1073/170 1427/1074/170 1426/1075/170
f 1431/1076/170 1430/1077/170 1429/1078/170
f 1435/1079/170 1436/1080/170 1433/1081/170
f 1439/1082/170 1438/1083/170 1437/1084/170
f 1443/1085/170 1442/1086/170 1441/1087/170
f 1446/1088/170 1445/1089/170 1444/1090/170
f 1452/1091/170 1451/1092/170 1450/1093/170
f 1456/1094/170 1455/1095/170 1454/1096/170
f 1460/1097/170 1459/1098/170 1458/1099/170
f 1467/1100/170 1468/1101/170 1465/1102/170
f 1471/1103/170 1470/1104/170 1469/1105/170
f 1475/1106/170 1474/1107/170 1473/1108/170
f 1482/1109/124 1481/1110/124 1480/1111/124
f 1486/1112/170 1485/1113/170 1484/1114/170
f 1490/1115/170 1491/1116/170 1488/1117/170
f 1497/1118/170 1496/1119/170 1495/1120/170
f 1501/1121/170 1502/1122/170 1499/1123/170
f 1505/1124/170 1506/1125/170 1503/1126/170
f 1508/1127/170 1509/1128/170 1507/1129/170
f 1512/1130/170 1511/1131/170 1510/1132/170
f 1515/1133/170 1516/1134/170 1513/1135/170
f 1519/1136/170 1518/1137/170 1517/1138/170
f 1522/1139/170 1521/1140/170 1520/1141/170
f 1526/1142/170 1527/1143/170 1524/1144/170
f 1530/1145/170 1529/1146/170 1528/1147/170
f 1534/1148/170 1533/1149/170 1532/1150/170
f 1541/1151/170 1540/1152/170 1539/1153/170
f 1545/1154/170 1544/1155/170 1543/1156/170
f 1549/1157/170 1548/1158/170 1547/1159/170
f 1553/1160/170 1552/1161/170 1551/1162/170
f 1556/1163/170 1555/1164/170 1554/1165/170
f 1560/1166/170 1559/1167/170 1558/1168/170
f 1563/1169/170 1562/1170/170 1561/1171/170
f 1570/1172/170 1569/1173/170 1568/1174/170
f 1574/1175/170 1573/1176/170 1572/1177/170
f 1578/1178/170 1577/1179/170 1576/1180/170
f 1582/1181/170 1583/1182/170 1580/1183/170
f 1586/1184/170 1585/1185/170 1584/1186/170
f 1590/1187/170 1589/1188/170 1588/1189/170
f 1594/1190/124 1593/1191/124 1592/1192/124
f 1601/1193/170 1600/1194/170 1599/1195/170
f 1604/1196/170 1603/1197/170 1602/1198/170
f 1607/1199/170 1606/1200/170 1605/1201/170
f 1611/1202/170 1610/1203/170 1609/1204/170
f 1615/1205/170 1614/1206/170 1613/1207/170
f 1619/1208/170 1618/1209/170 1617/1210/170
f 1623/1211/170 1622/1212/170 1621/1213/170
f 1626/1214/170 1625/1215/170 1624/1216/170
f 1630/1217/170 1631/1218/170 1628/1219/170
f 1634/1220/170 1633/1221/170 1632/1222/170
f 1638/1223/170 1637/1224/170 1636/1225/170
f 1641/1226/170 1640/1227/170 1639/1228/170
f 1648/1229/170 1647/1230/170 1646/1231/170
f 1651/1232/170 1650/1233/170 1649/1234/170
f 1655/1235/170 1654/1236/170 1653/1237/170
f 1659/1238/170 1658/1239/170 1657/1240/170
f 1666/1241/170 1665/1242/170 1664/1243/170
f 1672/1244/170 1671/1245/170 1670/1246/170
f 1676/1247/170 1677/1248/170 1674/1249/170
f 1680/1250/170 1679/1251/170 1678/1252/170
f 1683/1253/170 1682/1254/170 1681/1255/170
f 1686/1256/170 1685/1257/170 1684/1258/170
f 1689/1259/170 1688/1260/170 1687/1261/170
f 1693/1262/170 1694/1263/170 1691/1264/170
f 1697/1265/170 1696/1266/170 1695/1267/170
f 1701/1268/170 1700/1269/170 1699/1270/170
f 1705/1271/170 1704/1272/170 1703/1273/170
f 1709/1274/170 1708/1275/170 1707/1276/170
f 1716/1277/170 1715/1278/170 1714/1279/170
f 1720/1280/170 1721/1281/170 1718/1282/170
f 1724/1283/170 1725/1284/170 1722/1285/170
f 1728/1286/170 1727/1287/170 1726/1288/170
f 1731/1289/170 1730/1290/170 1729/1291/170
f 1734/1292/170 1733/1293/170 1732/1294/170
f 1738/1295/170 1737/1296/170 1736/1297/170
f 1742/1298/170 1741/1299/170 1740/1300/170
f 1746/1301/170 1745/1302/170 1744/1303/170
f 1750/1304/170 1749/1305/170 1748/1306/170
f 1753/1307/170 1752/1308/170 1751/1309/170
f 1757/1310/170 1756/1311/170 1755/1312/170
f 1761/1313/170 1760/1314/170 1759/1315/170
f 1767/1316/170 1768/1317/170 1765/1318/170
f 1771/1319/170 1770/1320/170 1769/1321/170
f 1775/1322/170 1774/1323/170 1773/1324/170
f 1777/1325/170 1778/1326/170 1776/1327/170
f 1781/1328/170 1780/1329/170 1779/1330/170
f 1784/1331/170 1783/1332/170 1782/1333/170
f 1791/1334/170 1790/1335/170 1789/1336/170
f 1795/1337/170 1794/1338/170 1793/1339/170
f 1798/1340/170 1797/1341/170 1796/1342/170
f 1802/1343/170 1801/1344/170 1800/1345/170
f 1806/1346/170 1805/1347/170 1804/1348/170
f 1810/1349/170 1809/1350/170 1808/1351/170
f 1814/1352/170 1815/1353/170 1812/1354/170
f 1818/1355/170 1817/1356/170 1816/1357/170
f 1822/1358/170 1821/1359/170 1820/1360/170
f 1825/1361/170 1824/1362/170 1823/1363/170
f 1829/1364/170 1828/1365/170 1827/1366/170
f 1833/1367/170 1834/1368/170 1831/1369/170
f 1840/1370/170 1839/1371/170 1838/1372/170
f 1844/1373/124 1843/1374/124 1842/1375/124
f 1848/1376/170 1849/1377/170 1846/1378/170
f 1852/1379/170 1851/1380/170 1850/1381/170
f 1856/1382/170 1857/1383/170 1854/1384/170
f 1860/1385/170 1861/1386/170 1858/1387/170
f 1864/1388/170 1863/1389/170 1862/1390/170
f 1867/1391/170 1866/1392/170 1865/1393/170
f 1870/1394/170 1871/1395/170 1868/1396/170
f 1874/1397/170 1873/1398/170 1872/1399/170
f 1878/1400/170 1877/1401/170 1876/1402/170
f 1882/1403/170 1881/1404/170 1880/1405/170
f 1885/1406/170 1884/1407/170 1883/1408/170
f 1889/1409/170 1890/1410/170 1887/1411/170
f 1893/1412/170 1892/1413/170 1891/1414/170
f 1897/1415/170 1896/1416/170 1895/1417/170
f 1900/1418/170 1899/1419/170 1898/1420/170
f 1906/1421/170 1905/1422/170 1904/1423/170
f 1910/1424/170 1909/1425/170 1908/1426/170
f 1914/1427/170 1913/1428/170 1912/1429/170
f 1921/1430/170 1922/1431/170 1919/1432/170
f 1925/1433/170 1924/1434/170 1923/1435/170
f 1929/1436/170 1928/1437/170 1927/1438/170
f 1932/1439/170 1933/1440/170 1930/1441/170
f 1936/1442/124 1937/1443/124 1934/1444/124
f 1943/1445/170 1942/1446/170 1941/1447/170
f 1947/1448/170 1946/1449/170 1945/1450/170
f 1951/1451/170 1950/1452/170 1949/1453/170
f 1958/1454/170 1957/1455/170 1956/1456/170
f 1961/1457/170 1960/1458/170 1959/1459/170
f 1965/1460/124 1966/1461/124 1963/1462/124
f 1969/1463/124 1968/1464/124 1967/1465/124
f 1972/1466/124 1973/1467/124 1970/1468/124
f 1976/1469/170 1975/1470/170 1974/1471/170
f 1979/1472/124 1978/1473/124 1977/1474/124
f 1982/1475/124 1981/1476/124 1980/1477/124
f 1986/1478/170 1985/1479/170 1984/1480/170
f 1993/1481/124 1994/1482/124 1991/1483/124
f 1997/1484/124 1996/1485/124 1995/1486/124
f 2000/1487/124 1999/1488/124 1998/1489/124
f 2003/1490/124 2002/1491/124 2001/1492/124
f 2006/1493/124 2007/1494/124 2004/1495/124
f 2010/1496/124 2011/1497/124 2008/1498/124
f 2014/1499/124 2013/1500/124 2012/1501/124
f 2017/1502/124 2016/1503/124 2015/1504/124
f 2020/1505/124 2019/1506/124 2018/1507/124
f 2024/1508/124 2023/1509/124 2022/1510/124
f 2037/1511/124 2038/1512/124 2035/1513/124
f 2041/1514/124 2040/1515/124 2039/1516/124
f 2044/1517/124 2043/1518/124 2042/1519/124
f 2050/1520/124 2051/1521/124 2048/1522/124
f 2054/1523/124 2053/1524/124 2052/1525/124
f 2064/1526/124 2065/1527/124 2062/1528/124
f 2068/1529/124 2067/1530/124 2066/1531/124
f 2074/1532/124 2075/1533/124 2072/1534/124
f 2078/1535/124 2077/1536/124 2076/1537/124
f 2082/1538/124 2083/1539/124 2080/1540/124
f 2086/1541/124 2085/1542/124 2084/1543/124
f 2089/1544/124 2088/1545/124 2087/1546/124
f 2093/1547/124 2092/1548/124 2091/1549/124
f 2102/1550/124 2101/1551/124 2100/1552/124
f 2108/1553/124 2107/1554/124 2106/1555/124
f 2112/1556/124 2111/1557/124 2110/1558/124
f 2118/1559/124 2117/1560/124 2116/1561/124
f 2121/1562/124 2120/1563/124 2119/1564/124
f 2128/1565/124 2127/1566/124 2126/1567/124
f 2135/1568/124 2134/1569/124 2133/1570/124
f 2142/1571/124 2141/1572/124 2140/1573/124
f 2145/1574/124 2144/1575/124 2143/1576/124
f 2152/1577/124 2153/1578/124 2150/1579/124
f 2156/1580/124 2155/1581/124 2154/1582/124
f 2166/1583/124 2165/1584/124 2164/1585/124
f 2170/1586/124 2169/1587/124 2168/1588/124
f 2174/1589/124 2173/1590/124 2172/1591/124
f 2181/1592/124 2180/1593/124 2179/1594/124
f 2185/1595/124 2184/1596/124 2183/1597/124
f 2192/1598/124 2191/1599/124 2190/1600/124
f 2195/1601/124 2194/1602/124 2193/1603/124
f 2199/1604/124 2200/1605/124 2197/1606/124
f 2203/1607/124 2202/1608/124 2201/1609/124
f 2207/1610/124 2206/1611/124 2205/1612/124
f 2210/1613/124 2209/1614/124 2208/1615/124
f 2214/1616/124 2213/1617/124 2212/1618/124
f 2218/1619/124 2217/1620/124 2216/1621/124
f 2227/1622/124 2226/1623/124 2225/1624/124
f 2231/1625/124 2230/1626/124 2229/1627/124
f 2234/1628/124 2233/1629/124 2232/1630/124
f 2237/1631/124 2236/1632/124 2235/1633/124
f 2241/1634/124 2240/1635/124 2239/1636/124
f 2250/1637/124 2249/1638/124 2248/1639/124
f 2263/1640/124 2262/1641/124 2261/1642/124
f 2267/1643/124 2266/1644/124 2265/1645/124
f 2273/1646/124 2274/1647/124 2271/1648/124
f 2277/1649/124 2276/1650/124 2275/1651/124
f 2280/1652/124 2281/1653/124 2278/1654/124
f 2287/1655/124 2286/1656/124 2285/1657/124
f 2290/1658/124 2289/1659/124 2288/1660/124
f 2293/1661/124 2292/1662/124 2291/1663/124
f 2297/1664/124 2298/1665/124 2295/1666/124
f 2301/1667/124 2300/1668/124 2299/1669/124
f 2304/1670/124 2303/1671/124 2302/1672/124
f 2307/1673/124 2306/1674/124 2305/1675/124
f 2316/1676/124 2317/1677/124 2314/1678/124
f 2320/1679/124 2319/1680/124 2318/1681/124
f 2324/1682/124 2323/1683/124 2322/1684/124
f 2328/1685/124 2327/1686/124 2326/1687/124
f 2331/1688/124 2330/1689/124 2329/1690/124
f 2335/1691/124 2334/1692/124 2333/1693/124
f 2341/1694/124 2342/1695/124 2339/1696/124
f 2345/1697/124 2344/1698/124 2343/1699/124
f 2349/1700/124 2348/1701/124 2347/1702/124
f 2352/1703/124 2351/1704/124 2350/1705/124
f 2355/1706/124 2354/1707/124 2353/1708/124
f 2358/1709/124 2357/1710/124 2356/1711/124
f 2362/1712/124 2361/1713/124 2360/1714/124
f 2365/1715/124 2364/1716/124 2363/1717/124
f 2369/1718/124 2368/1719/124 2367/1720/124
f 2373/1721/124 2372/1722/124 2371/1723/124
f 2376/1724/124 2375/1725/124 2374/1726/124
f 2383/1727/124 2382/1728/124 2381/1729/124
f 2387/1730/124 2386/1731/124 2385/1732/124
f 2390/1733/124 2389/1734/124 2388/1735/124
f 2393/1736/124 2392/1737/124 2391/1738/124
f 2396/1739/124 2395/1740/124 2394/1741/124
f 2400/1742/124 2399/1743/124 2398/1744/124
f 2404/1745/124 2403/1746/124 2402/1747/124
f 2407/1748/124 2406/1749/124 2405/1750/124
f 2410/1751/124 2411/1752/124 2408/1753/124
f 2420/1754/124 2419/1755/124 2418/1756/124
f 2427/1757/124 2426/1758/124 2425/1759/124
f 2431/1760/124 2430/1761/124 2429/1762/124
f 2438/1763/124 2437/1764/124 2436/1765/124
f 2445/1766/124 2444/1767/124 2443/1768/124
f 2449/1769/124 2448/1770/124 2447/1771/124
f 2452/1772/124 2451/1773/124 2450/1774/124
f 2455/1775/124 2454/1776/124 2453/1777/124
f 2458/1778/124 2457/1779/124 2456/1780/124
f 2461/1781/124 2460/1782/124 2459/1783/124
f 2467/1784/124 2468/1785/124 2465/1786/124
f 2477/1787/124 2478/1788/124 2475/1789/124
f 2481/1790/124 2480/1791/124 2479/1792/124
f 2484/1793/124 2483/1794/124 2482/1795/124
f 2487/1796/124 2486/1797/124 2485/1798/124
f 2494/1799/124 2493/1800/124 2492/1801/124
f 2497/1802/124 2496/1803/124 2495/1804/124
f 2500/1805/124 2499/1806/124 2498/1807/124
f 2510/1808/124 2509/1809/124 2508/1810/124
f 2513/1811/124 2512/1812/124 2511/1813/124
f 2516/1814/124 2515/1815/124 2514/1816/124
f 2519/1817/124 2520/1818/124 2517/1819/124
f 2523/1820/124 2524/1821/124 2521/1822/124
f 2530/1823/124 2531/1824/124 2528/1825/124
f 2534/1826/124 2533/1827/124 2532/1828/124
f 2538/1829/124 2537/1830/124 2536/1831/124
f 2548/1832/124 2549/1833/124 2546/1834/124
f 2552/1835/124 2551/1836/124 2550/1837/124
f 2556/1838/124 2557/1839/124 2554/1840/124
f 2563/1841/124 2562/1842/124 2561/1843/124
f 2567/1844/124 2566/1845/124 2565/1846/124
f 2571/1847/124 2570/1848/124 2569/1849/124
f 2574/1850/124 2573/1851/124 2572/1852/124
f 2577/1853/124 2576/1854/124 2575/1855/124
f 2581/1856/124 2580/1857/124 2579/1858/124
f 2587/1859/124 2586/1860/124 2585/1861/124
f 2591/1862/124 2592/1863/124 2589/1864/124
f 2595/1865/124 2594/1866/124 2593/1867/124
f 2601/1868/124 2600/1869/124 2599/1870/124
f 2604/1871/124 2603/1872/124 2602/1873/124
f 2608/1874/124 2609/1875/124 2606/1876/124
f 2612/1877/124 2611/1878/124 2610/1879/124
f 2615/1880/124 2614/1881/124 2613/1882/124
f 2619/1883/124 2620/1884/124 2617/1885/124
f 2623/1886/124 2622/1887/124 2621/1888/124
f 2627/1889/124 2626/1890/124 2625/1891/124
f 2630/1892/124 2629/1893/124 2628/1894/124
f 2634/1895/124 2635/1896/124 2632/1897/124
f 2640/1898/124 2641/1899/124 2639/1900/124
f 2644/1901/124 2643/1902/124 2642/1903/124
f 2648/1904/124 2649/1905/124 2646/1906/124
f 2652/1907/124 2651/1908/124 2650/1909/124
f 2656/1910/124 2655/1911/124 2654/1912/124
f 2659/1913/124 2660/1914/124 2657/1915/124
f 2665/1916/124 2664/1917/124 2663/1918/124
f 2668/1919/124 2667/1920/124 2666/1921/124
f 2672/1922/124 2671/1923/124 2670/1924/124
f 2678/1925/124 2679/1926/124 2676/1927/124
f 2685/1928/124 2684/1929/124 2683/1930/124
f 2688/1931/124 2687/1932/124 2686/1933/124
f 2692/1934/124 2691/1935/124 2690/1936/124
f 2698/1937/124 2699/1938/124 2696/1939/124
f 2702/1940/124 2701/1941/124 2700/1942/124
f 2705/1943/124 2706/1944/124 2703/1945/124
f 2712/1946/124 2711/1947/124 2710/1948/124
f 2715/1949/124 2714/1950/124 2713/1951/124
f 2718/1952/124 2717/1953/124 2716/1954/124
f 2722/1955/124 2723/1956/124 2720/1957/124
f 2726/1958/124 2725/1959/124 2724/1960/124
f 2729/1961/124 2728/1962/124 2727/1963/124
f 2732/1964/124 2731/1965/124 2730/1966/124
f 2741/1967/124 2742/1968/124 2739/1969/124
f 2745/1970/124 2744/1971/124 2743/1972/124
f 2749/1973/124 2748/1974/124 2747/1975/124
f 2753/1976/124 2752/1977/124 2751/1978/124
f 2756/1979/124 2755/1980/124 2754/1981/124
f 2760/1982/124 2759/1983/124 2758/1984/124
f 2766/1985/124 2767/1986/124 2764/1987/124
f 2770/1988/124 2769/1989/124 2768/1990/124
f 2774/1991/124 2773/1992/124 2772/1993/124
f 2777/1994/124 2776/1995/124 2775/1996/124
f 2780/1997/124 2779/1998/124 2778/1999/124
f 2786/2000/124 2785/2001/124 2784/2002/124
f 2789/2003/124 2788/2004/124 2787/2005/124
f 2793/2006/124 2792/2007/124 2791/2008/124
f 2797/2009/170 2796/2010/170 2795/2011/170
f 2800/2012/170 2801/2013/170 2798/2014/170
f 2804/2015/124 2803/2016/124 2802/2017/124
f 2808/2018/170 2807/2019/170 2806/2020/170
f 2811/2021/124 2812/2022/124 2809/2023/124
f 2815/2024/124 2814/2025/124 2813/2026/124
f 2819/2027/124 2818/2028/124 2817/2029/124
f 2823/2030/124 2822/2031/124 2821/2032/124
f 2826/2033/124 2825/2034/124 2824/2035/124
f 2829/2036/124 2830/2037/124 2827/2038/124
f 2833/2039/124 2832/2040/124 2831/2041/124
f 2836/2042/124 2835/2043/124 2834/2044/124
f 2840/2045/124 2841/2046/124 2838/2047/124
f 2844/2048/124 2843/2049/124 2842/2050/124
f 2847/2051/124 2846/2052/124 2845/2053/124
f 2850/2054/124 2849/2055/124 2848/2056/124
f 2854/2057/124 2853/2058/124 2852/2059/124
f 2858/2060/124 2857/2061/124 2856/2062/124
f 2862/2063/124 2861/2064/124 2860/2065/124
f 2865/2066/124 2864/2067/124 2863/2068/124
f 2869/2069/124 2868/2070/124 2867/2071/124
f 2872/2072/124 2871/2073/124 2870/2074/124
f 2876/2075/124 2875/2076/124 2874/2077/124
f 2880/2078/124 2879/2079/124 2878/2080/124
f 2883/2081/124 2884/2082/124 2881/2083/124
f 2890/2084/124 2889/2085/124 2888/2086/124
f 2894/2087/124 2893/2088/124 2892/2089/124
f 2897/2090/124 2896/2091/124 2895/2092/124
f 2900/2093/124 2899/2094/124 2898/2095/124
f 2905/2096/124 2906/2097/124 2904/2098/124
f 2909/2099/124 2910/2100/124 2907/2101/124
f 2913/2102/124 2912/2103/124 2911/2104/124
f 2919/2105/124 2918/2106/124 2917/2107/124
f 2923/2108/124 2924/2109/124 2921/2110/124
f 2927/2111/124 2926/2112/124 2925/2113/124
f 2931/2114/124 2930/2115/124 2929/2116/124
f 2934/2117/124 2933/2118/124 2932/2119/124
f 2938/2120/124 2937/2121/124 2936/2122/124
f 2942/2123/124 2941/2124/124 2940/2125/124
f 2945/2126/124 2944/2127/124 2943/2128/124
f 2949/2129/124 2950/2130/124 2947/2131/124
f 2953/2132/124 2952/2133/124 2951/2134/124
f 2960/2135/124 2961/2136/124 2958/2137/124
f 2964/2138/124 2965/2139/124 2962/2140/124
f 2968/2141/124 2967/2142/124 2966/2143/124
f 2972/2144/124 2971/2145/124 2970/2146/124
f 2978/2147/124 2977/2148/124 2976/2149/124
f 2981/2150/124 2980/2151/124 2979/2152/124
f 2985/2153/124 2984/2154/124 2983/2155/124
f 2992/2156/124 2993/2157/124 2990/2158/124
f 2996/2159/124 2995/2160/124 2994/2161/124
f 3000/2162/124 2999/2163/124 2998/2164/124
f 3004/2165/124 3003/2166/124 3002/2167/124
f 3011/2168/124 3010/2169/124 3009/2170/124
f 3014/2171/124 3013/2172/124 3012/2173/124
f 3018/2174/124 3019/2175/124 3016/2176/124
f 3025/2177/124 3024/2178/124 3023/2179/124
f 3029/2180/124 3028/2181/124 3027/2182/124
f 3033/2183/124 3032/2184/124 3031/2185/124
f 3036/2186/124 3035/2187/124 3034/2188/124
f 3040/2189/124 3039/2190/124 3038/2191/124
f 3043/2192/124 3042/2193/124 3041/2194/124
f 3047/2195/124 3046/2196/124 3045/2197/124
f 3051/2198/124 3050/2199/124 3049/2200/124
f 3055/2201/124 3054/2202/124 3053/2203/124
f 3058/2204/124 3057/2205/124 3056/2206/124
f 3062/2207/124 3061/2208/124 3060/2209/124
f 3066/2210/124 3065/2211/124 3064/2212/124
f 3070/2213/124 3069/2214/124 3068/2215/124
f 3073/2216/124 3072/2217/124 3071/2218/124
f 3076/2219/124 3075/2220/124 3074/2221/124
f 3082/2222/124 3081/2223/124 3080/2224/124
f 3086/2225/124 3085/2226/124 3084/2227/124
f 3089/2228/124 3090/2229/124 3087/2230/124
f 3093/2231/124 3092/2232/124 3091/2233/124
f 3096/2234/124 3097/2235/124 3094/2236/124
f 3100/2237/124 3099/2238/124 3098/2239/124
f 3104/2240/124 3103/2241/124 3102/2242/124
f 3111/2243/124 3110/2244/124 3109/2245/124
f 3114/2246/124 3113/2247/124 3112/2248/124
f 3118/2249/124 3117/2250/124 3116/2251/124
f 3122/2252/124 3121/2253/124 3120/2254/124
f 3125/2255/124 3124/2256/124 3123/2257/124
f 3128/2258/124 3127/2259/124 3126/2260/124
f 3135/2261/124 3136/2262/124 3133/2263/124
f 3139/2264/124 3140/2265/124 3137/2266/124
f 3143/2267/124 3144/2268/124 3141/2269/124
f 3147/2270/124 3148/2271/124 3145/2272/124
f 3154/2273/124 3153/2274/124 3152/2275/124
f 3161/2276/124 3160/2277/124 3159/2278/124
f 3165/2279/124 3164/2280/124 3163/2281/124
f 3168/2282/124 3169/2283/124 3166/2284/124
f 3172/2285/124 3171/2286/124 3170/2287/124
f 3179/2288/124 3178/2289/124 3177/2290/124
f 3182/2291/124 3183/2292/124 3180/2293/124
f 3186/2294/124 3187/2295/124 3184/2296/124
f 3190/2297/124 3189/2298/124 3188/2299/124
f 3193/2300/124 3192/2301/124 3191/2302/124
f 3197/2303/124 3196/2304/124 3195/2305/124
f 3201/2306/124 3200/2307/124 3199/2308/124
f 3205/2309/124 3204/2310/124 3203/2311/124
f 3212/2312/124 3211/2313/124 3210/2314/124
f 3215/2315/124 3214/2316/124 3213/2317/124
f 3218/2318/124 3217/2319/124 3216/2320/124
f 3222/2321/124 3223/2322/124 3220/2323/124
f 3226/2324/124 3227/2325/124 3224/2326/124
f 3230/2327/124 3229/2328/124 3228/2329/124
f 3233/2330/124 3232/2331/124 3231/2332/124
f 3237/2333/124 3236/2334/124 3235/2335/124
f 3240/2336/124 3241/2337/124 3238/2338/124
f 3244/2339/124 3243/2340/124 3242/2341/124
f 3248/2342/124 3247/2343/124 3246/2344/124
f 3251/2345/124 3250/2346/124 3249/2347/124
f 3255/2348/124 3256/2349/124 3253/2350/124
f 3259/2351/124 3258/2352/124 3257/2353/124
f 3263/2354/124 3262/2355/124 3261/2356/124
f 3267/2357/124 3266/2358/124 3265/2359/124
f 3273/2360/124 3272/2361/124 3271/2362/124
f 3276/2363/124 3275/2364/124 3274/2365/124
f 3279/2366/124 3278/2367/124 3277/2368/124
f 3285/2369/124 3286/2370/124 3283/2371/124
f 3289/2372/124 3288/2373/124 3287/2374/124
f 3293/2375/124 3292/2376/124 3291/2377/124
f 3297/2378/124 3296/2379/124 3295/2380/124
f 3301/2381/124 3300/2382/124 3299/2383/124
f 3305/2384/124 3306/2385/124 3303/2386/124
f 3309/2387/124 3308/2388/124 3307/2389/124
f 3312/2390/124 3311/2391/124 3310/2392/124
f 3316/2393/124 3315/2394/124 3314/2395/124
f 3323/2396/124 3324/2397/124 3321/2398/124
f 3327/2399/124 3326/2400/124 3325/2401/124
f 3331/2402/124 3332/2403/124 3329/2404/124
f 3335/2405/124 3334/2406/124 3333/2407/124
f 3338/2408/124 3337/2409/124 3336/2410/124
f 3341/2411/124 3340/2412/124 3339/2413/124
f 3345/2414/124 3344/2415/124 3343/2416/124
f 3349/2417/124 3348/2418/124 3347/2419/124
f 3353/2420/124 3352/2421/124 3351/2422/124
f 3360/2423/124 3361/2424/124 3358/2425/124
f 3367/2426/124 3368/2427/124 3365/2428/124
f 3371/2429/124 3370/2430/124 3369/2431/124
f 3375/2432/124 3374/2433/124 3373/2434/124
f 3382/2435/124 3381/2436/124 3380/2437/124
f 3386/2438/124 3385/2439/124 3384/2440/124
f 3393/2441/124 3392/2442/124 3391/2443/124
f 3400/2444/124 3399/2445/124 3398/2446/124
f 3404/2447/124 3403/2448/124 3402/2449/124
f 3408/2450/124 3407/2451/124 3406/2452/124
f 3412/2453/124 3411/2454/124 3410/2455/124
f 3415/2456/124 3414/2457/124 3413/2458/124
f 3428/2459/124 3427/2460/124 3426/2461/124
f 3432/2462/124 3433/2463/124 3430/2464/124
f 3436/2465/124 3435/2466/124 3434/2467/124
f 3440/2468/124 3439/2469/124 3438/2470/124
f 3444/2471/124 3445/2472/124 3442/2473/124
f 3448/2474/124 3449/2475/124 3446/2476/124
f 3452/2477/124 3453/2478/124 3450/2479/124
f 3456/2480/124 3455/2481/124 3454/2482/124
f 3459/2483/124 3458/2484/124 3457/2485/124
f 3463/2486/124 3464/2487/124 3461/2488/124
f 3467/2489/124 3468/2490/124 3465/2491/124
f 3471/2492/124 3470/2493/124 3469/2494/124
f 3474/2495/124 3475/2496/124 3472/2497/124
f 3478/2498/124 3477/2499/124 3476/2500/124
f 3482/2501/124 3483/2502/124 3480/2503/124
f 3486/2504/124 3485/2505/124 3484/2506/124
f 3490/2507/124 3489/2508/124 3488/2509/124
f 3494/2510/124 3493/2511/124 3492/2512/124
f 3498/2513/124 3499/2514/124 3496/2515/124
f 3508/2516/124 3507/2517/124 3506/2518/124
f 3512/2519/124 3511/2520/124 3510/2521/124
f 3515/2522/124 3514/2523/124 3513/2524/124
f 3518/2525/124 3517/2526/124 3516/2527/124
f 3521/2528/124 3520/2529/124 3519/2530/124
f 3524/2531/124 3523/2532/124 3522/2533/124
f 3528/2534/124 3527/2535/124 3526/2536/124
f 3532/2537/124 3533/2538/124 3530/2539/124
f 3536/2540/124 3535/2541/124 3534/2542/124
f 3540/2543/124 3539/2544/124 3538/2545/124
f 3543/2546/124 3542/2547/124 3541/2548/124
f 3547/2549/124 3546/2550/124 3545/2551/124
f 3550/2552/124 3549/2553/124 3548/2554/124
f 3554/2555/124 3555/2556/124 3552/2557/124
f 3558/2558/124 3557/2559/124 3556/2560/124
f 3565/2561/124 3564/2562/124 3563/2563/124
f 3568/2564/124 3569/2565/124 3566/2566/124
f 3572/2567/124 3571/2568/124 3570/2569/124
f 3579/2570/124 3578/2571/124 3577/2572/124
f 3586/2573/124 3587/2574/124 3584/2575/124
f 3590/2576/124 3591/2577/124 3588/2578/124
f 3594/2579/124 3595/2580/124 3592/2581/124
f 3598/2582/124 3599/2583/124 3596/2584/124
f 3605/2585/124 3604/2586/124 3603/2587/124
f 3612/2588/124 3611/2589/124 3610/2590/124
f 3616/2591/124 3615/2592/124 3614/2593/124
f 3619/2594/124 3620/2595/124 3617/2596/124
f 3623/2597/124 3622/2598/124 3621/2599/124
f 3630/2600/124 3629/2601/124 3628/2602/124
f 3633/2603/124 3634/2604/124 3631/2605/124
f 3637/2606/124 3638/2607/124 3635/2608/124
f 3641/2609/124 3640/2610/124 3639/2611/124
f 3644/2612/124 3643/2613/124 3642/2614/124
f 3648/2615/124 3647/2616/124 3646/2617/124
f 3652/2618/124 3651/2619/124 3650/2620/124
f 3656/2621/124 3655/2622/124 3654/2623/124
f 3663/2624/124 3662/2625/124 3661/2626/124
f 3666/2627/124 3665/2628/124 3664/2629/124
f 3669/2630/124 3668/2631/124 3667/2632/124
f 3673/2633/124 3674/2634/124 3671/2635/124
f 3677/2636/124 3678/2637/124 3675/2638/124
f 3681/2639/124 3680/2640/124 3679/2641/124
f 3684/2642/124 3683/2643/124 3682/2644/124
f 3688/2645/124 3687/2646/124 3686/2647/124
f 3691/2648/124 3692/2649/124 3689/2650/124
f 3695/2651/124 3694/2652/124 3693/2653/124
f 3699/2654/124 3698/2655/124 3697/2656/124
f 3702/2657/124 3701/2658/124 3700/2659/124
f 3706/2660/124 3707/2661/124 3704/2662/124
f 3710/2663/124 3709/2664/124 3708/2665/124
f 3714/2666/124 3713/2667/124 3712/2668/124
f 3718/2669/124 3717/2670/124 3716/2671/124
f 3724/2672/124 3723/2673/124 3722/2674/124
f 3727/2675/124 3726/2676/124 3725/2677/124
f 3730/2678/124 3729/2679/124 3728/2680/124
f 3736/2681/124 3737/2682/124 3734/2683/124
f 3740/2684/124 3739/2685/124 3738/2686/124
f 3744/2687/124 3743/2688/124 3742/2689/124
f 3748/2690/124 3747/2691/124 3746/2692/124
f 3752/2693/124 3751/2694/124 3750/2695/124
f 3756/2696/124 3757/2697/124 3754/2698/124
f 3760/2699/124 3759/2700/124 3758/2701/124
f 3763/2702/124 3762/2703/124 3761/2704/124
f 3767/2705/124 3766/2706/124 3765/2707/124
f 3771/2708/124 3772/2709/124 3769/2710/124
f 3775/2711/124 3774/2712/124 3773/2713/124
f 3779/2714/124 3778/2715/124 3777/2716/124
f 3782/2717/124 3781/2718/124 3780/2719/124
f 3786/2720/124 3787/2721/124 3784/2722/124
f 3790/2723/124 3789/2724/124 3788/2725/124
f 3794/2726/124 3795/2727/124 3792/2728/124
f 3798/2729/124 3797/2730/124 3796/2731/124
f 3802/2732/124 3801/2733/124 3800/2734/124
f 3805/2735/124 3806/2736/124 3803/2737/124
f 3812/2738/124 3811/2739/124 3810/2740/124
f 3816/2741/124 3817/2742/124 3814/2743/124
f 290/284/170 291/2744/170 289/285/170
f 302/2745/170 303/2746/170 301/2747/170
f 304/298/170 307/297/170 305/2748/170
f 308/301/170 311/300/170 309/2749/170
f 316/2750/124 317/2751/124 315/2752/124
f 327/316/124 330/315/124 328/2753/124
f 345/329/124 346/2754/124 344/330/124
f 347/2755/124 349/2756/124 348/2757/124
f 350/334/170 353/333/170 351/2758/170
f 354/2759/124 356/2760/124 355/2761/124
f 360/340/124 363/339/124 361/2762/124
f 375/350/170 376/2763/170 374/351/170
f 377/2764/170 379/2765/170 378/2766/170
f 382/353/124 383/2767/124 381/354/124
f 387/2768/124 389/2769/124 388/2770/124
f 390/361/124 393/360/124 391/2771/124
f 401/2772/124 402/2773/124 400/2774/124
f 408/371/124 409/2775/124 407/372/124
f 410/376/124 413/375/124 411/2776/124
f 422/383/170 423/2777/170 421/384/170
f 426/386/170 427/2778/170 425/387/170
f 430/389/124 431/2779/124 429/390/124
f 432/394/170 435/393/170 433/2780/170
f 442/403/124 445/402/124 443/2781/124
f 448/404/124 449/2782/124 447/405/124
f 450/2783/124 452/2784/124 451/2785/124
f 453/409/124 456/408/124 454/2786/124
f 463/418/124 466/417/124 464/2787/124
f 469/419/124 470/2788/124 468/420/124
f 473/422/124 474/2789/124 472/423/124
f 476/2790/170 477/2791/170 475/2792/170
f 480/425/124 481/2793/124 479/426/124
f 486/2794/124 487/2795/124 485/2796/124
f 490/431/124 491/2797/124 489/432/124
f 492/436/124 495/435/124 493/2798/124
f 498/437/170 499/2799/170 497/438/170
f 505/443/124 506/2800/124 504/444/124
f 510/2801/124 512/2802/124 511/2803/124
f 515/449/124 516/2804/124 514/450/124
f 525/458/124 526/2805/124 524/459/124
f 530/466/124 533/465/124 531/2806/124
f 536/467/124 537/2807/124 535/468/124
f 538/2808/170 540/2809/170 539/2810/170
f 541/472/124 544/471/124 542/2811/124
f 557/2812/170 559/2813/170 558/2814/170
f 562/485/170 563/2815/170 561/486/170
f 568/2816/170 569/2817/170 567/2818/170
f 571/2819/170 572/2820/170 570/2821/170
f 578/494/170 579/2822/170 577/495/170
f 585/500/170 586/2823/170 584/501/170
f 590/2824/170 592/2825/170 591/2826/170
f 593/2827/170 595/2828/170 594/2829/170
f 601/509/170 602/2830/170 600/510/170
f 607/2831/170 608/2832/170 606/2833/170
f 612/520/170 615/519/170 613/2834/170
f 619/2835/170 621/2836/170 620/2837/170
f 622/526/170 625/525/170 623/2838/170
f 628/527/170 629/2839/170 627/528/170
f 636/2840/170 638/2841/170 637/2842/170
f 639/538/124 642/537/124 640/2843/124
f 643/2844/170 645/2845/170 644/2846/170
f 646/541/170 649/540/170 647/2847/170
f 650/544/170 653/543/170 651/2848/170
f 656/545/170 657/2849/170 655/546/170
f 658/550/170 661/549/170 659/2850/170
f 664/551/170 665/2851/170 663/552/170
f 669/559/170 672/558/170 670/2852/170
f 673/2853/170 675/2854/170 674/2855/170
f 678/560/170 679/2856/170 677/561/170
f 683/568/170 686/567/170 684/2857/170
f 694/2858/170 695/2859/170 693/2860/170
f 697/2861/170 698/2862/170 696/2863/170
f 702/580/170 705/579/170 703/2864/170
f 706/583/170 709/582/170 707/2865/170
f 710/586/170 713/585/170 711/2866/170
f 715/2867/170 716/2868/170 714/2869/170
f 720/592/170 723/591/170 721/2870/170
f 726/593/170 727/2871/170 725/594/170
f 734/2872/170 736/2873/170 735/2874/170
f 737/604/170 740/603/170 738/2875/170
f 755/617/170 756/2876/170 754/618/170
f 757/622/170 760/621/170 758/2877/170
f 761/2878/170 763/2879/170 762/2880/170
f 766/623/170 767/2881/170 765/624/170
f 768/2882/170 770/2883/170 769/2884/170
f 771/2885/170 773/2886/170 772/2887/170
f 780/634/170 783/633/170 781/2888/170
f 785/2889/170 786/2890/170 784/2891/170
f 792/638/170 793/2892/170 791/639/170
f 795/2893/170 796/2894/170 794/2895/170
f 802/644/170 803/2896/170 801/645/170
f 809/650/170 810/2897/170 808/651/170
f 811/2898/170 813/2899/170 812/2900/170
f 817/658/170 820/657/170 818/2901/170
f 824/2902/170 826/2903/170 825/2904/170
f 827/2905/170 829/2906/170 828/2907/170
f 830/664/170 833/663/170 831/2908/170
f 837/670/170 840/669/170 838/2909/170
f 842/2910/170 843/2911/170 841/2912/170
f 846/671/170 847/2913/170 845/672/170
f 850/674/170 851/2914/170 849/675/170
f 854/677/170 855/2915/170 853/678/170
f 856/2916/170 858/2917/170 857/2918/170
f 859/2919/170 861/2920/170 860/2921/170
f 863/2922/170 864/2923/170 862/2924/170
f 865/682/170 868/681/170 866/2925/170
f 874/686/170 875/2926/170 873/687/170
f 876/2927/170 878/2928/170 877/2929/170
f 879/691/170 882/690/170 880/2930/170
f 883/694/170 886/693/170 884/2931/170
f 889/695/170 890/2932/170 888/696/170
f 899/704/170 900/2933/170 898/705/170
f 901/2934/170 903/2935/170 902/2936/170
f 904/2937/170 906/2938/170 905/2939/170
f 907/2940/170 909/2941/170 908/2942/170
f 910/709/170 913/708/170 911/2943/170
f 916/710/170 917/2944/170 915/711/170
f 926/719/170 927/2945/170 925/720/170
f 928/2946/170 930/2947/170 929/2948/170
f 933/722/170 934/2949/170 932/723/170
f 938/730/170 941/729/170 939/2950/170
f 944/731/170 945/2951/170 943/732/170
f 951/737/170 952/2952/170 950/738/170
f 953/742/170 956/741/170 954/2953/170
f 957/745/170 960/744/170 958/2954/170
f 962/2955/170 963/2956/170 961/2957/170
f 964/748/170 967/747/170 965/2958/170
f 980/2959/170 982/2960/170 981/2961/170
f 985/761/170 986/2962/170 984/762/170
f 991/2963/170 992/2964/170 990/2965/170
f 994/2966/170 995/2967/170 993/2968/170
f 1001/770/170 1002/2969/170 1000/771/170
f 1008/776/170 1009/2970/170 1007/777/170
f 1013/2971/170 1015/2972/170 1014/2973/170
f 1017/2974/170 1018/2975/170 1016/2976/170
f 1024/785/170 1025/2977/170 1023/786/170
f 1030/2978/170 1031/2979/170 1029/2980/170
f 1035/796/170 1038/795/170 1036/2981/170
f 1042/2982/170 1044/2983/170 1043/2984/170
f 1045/802/170 1048/801/170 1046/2985/170
f 1051/803/170 1052/2986/170 1050/804/170
f 1059/2987/170 1061/2988/170 1060/2989/170
f 1067/815/124 1068/2990/124 1066/816/124
f 1070/2991/124 1071/2992/124 1069/2993/124
f 1073/2994/170 1074/2995/170 1072/2996/170
f 1080/821/170 1081/2997/170 1079/822/170
f 1082/826/170 1085/825/170 1083/2998/170
f 1092/835/170 1095/834/170 1093/2999/170
f 1096/838/170 1099/837/170 1097/3000/170
f 1100/841/170 1103/840/170 1101/3001/170
f 1106/842/170 1107/3002/170 1105/843/170
f 1110/845/170 1111/3003/170 1109/846/170
f 1114/848/170 1115/3004/170 1113/849/170
f 1118/851/124 1119/3005/124 1117/852/124
f 1122/854/170 1123/3006/170 1121/855/170
f 1127/862/124 1130/861/124 1128/3007/124
f 1139/869/124 1140/3008/124 1138/870/124
f 1146/875/124 1147/3009/124 1145/876/124
f 1151/883/124 1154/882/124 1152/3010/124
f 1157/884/170 1158/3011/170 1156/885/170
f 1162/892/170 1165/891/170 1163/3012/170
f 1167/3013/124 1168/3014/124 1166/3015/124
f 1171/893/124 1172/3016/124 1170/894/124
f 1175/896/124 1176/3017/124 1174/897/124
f 1177/901/170 1180/900/170 1178/3018/170
f 1183/902/170 1184/3019/170 1182/903/170
f 1187/905/170 1188/3020/170 1186/906/170
f 1191/908/170 1192/3021/170 1190/909/170
f 1193/913/124 1196/912/124 1194/3022/124
f 1199/914/124 1200/3023/124 1198/915/124
f 1203/917/124 1204/3024/124 1202/918/124
f 1207/920/124 1208/3025/124 1206/921/124
f 1211/923/170 1212/3026/170 1210/924/170
f 1213/928/124 1216/927/124 1214/3027/124
f 1221/929/124 1222/3028/124 1220/930/124
f 1224/3029/170 1225/3030/170 1223/3031/170
f 1231/935/124 1232/3032/124 1230/936/124
f 1235/938/124 1236/3033/124 1234/939/124
f 1237/943/124 1240/942/124 1238/3034/124
f 1244/949/124 1247/948/124 1245/3035/124
f 1250/950/124 1251/3036/124 1249/951/124
f 1254/953/124 1255/3037/124 1253/954/124
f 1258/956/170 1259/3038/170 1257/957/170
f 1265/962/170 1266/3039/170 1264/963/170
f 1269/965/124 1270/3040/124 1268/966/124
f 1273/968/170 1274/3041/170 1272/969/170
f 1277/971/124 1278/3042/124 1276/972/124
f 1279/3043/124 1281/3044/124 1280/3045/124
f 1284/974/124 1285/3046/124 1283/975/124
f 1288/977/124 1289/3047/124 1287/978/124
f 1292/980/124 1293/3048/124 1291/981/124
f 1296/983/124 1297/3049/124 1295/984/124
f 1300/986/124 1301/3050/124 1299/987/124
f 1304/989/124 1305/3051/124 1303/990/124
f 1306/994/124 1309/993/124 1307/3052/124
f 1313/1000/124 1316/999/124 1314/3053/124
f 1319/1001/124 1320/3054/124 1318/1002/124
f 1323/1004/124 1324/3055/124 1322/1005/124
f 1327/1007/170 1328/3056/170 1326/1008/170
f 1329/3057/124 1331/3058/124 1330/3059/124
f 1334/1010/124 1335/3060/124 1333/1011/124
f 1336/1015/124 1339/1014/124 1337/3061/124
f 1340/1018/170 1343/1017/170 1341/3062/170
f 1347/1024/124 1350/1023/124 1348/3063/124
f 1351/1027/124 1354/1026/124 1352/3064/124
f 1355/3065/124 1357/3066/124 1356/3067/124
f 1358/3068/124 1360/3069/124 1359/3070/124
f 1361/1030/170 1364/1029/170 1362/3071/170
f 1365/1033/124 1368/1032/124 1366/3072/124
f 1370/3073/170 1371/3074/170 1369/3075/170
f 1379/3076/124 1380/3077/124 1378/3078/124
f 1382/3079/170 1383/3080/170 1381/3081/170
f 1386/1040/170 1387/3082/170 1385/1041/170
f 1390/1043/124 1391/3083/124 1389/1044/124
f 1392/1048/170 1395/1047/170 1393/3084/170
f 1398/1049/170 1399/3085/170 1397/1050/170
f 1400/1054/170 1403/1053/170 1401/3086/170
f 1404/1057/170 1407/1056/170 1405/3087/170
f 1414/1066/170 1417/1065/170 1415/3088/170
f 1420/1067/170 1421/3089/170 1419/1068/170
f 1424/1070/170 1425/3090/170 1423/1071/170
f 1431/1076/170 1432/3091/170 1430/1077/170
f 1433/1081/170 1436/1080/170 1434/3092/170
f 1439/1082/170 1440/3093/170 1438/1083/170
f 1448/3094/170 1449/3095/170 1447/3096/170
f 1452/1091/170 1453/3097/170 1451/1092/170
f 1456/1094/170 1457/3098/170 1455/1095/170
f 1460/1097/170 1461/3099/170 1459/1098/170
f 1463/3100/170 1464/3101/170 1462/3102/170
f 1465/1102/170 1468/1101/170 1466/3103/170
f 1471/1103/170 1472/3104/170 1470/1104/170
f 1475/1106/170 1476/3105/170 1474/1107/170
f 1477/3106/170 1479/3107/170 1478/3108/170
f 1482/1109/124 1483/3109/124 1481/1110/124
f 1486/1112/170 1487/3110/170 1485/1113/170
f 1488/1117/170 1491/1116/170 1489/3111/170
f 1492/3112/170 1494/3113/170 1493/3114/170
f 1497/1118/170 1498/3115/170 1496/1119/170
f 1499/1123/170 1502/1122/170 1500/3116/170
f 1503/1126/170 1506/1125/170 1504/3117/170
f 1513/1135/170 1516/1134/170 1514/3118/170
f 1522/1139/170 1523/3119/170 1521/1140/170
f 1524/1144/170 1527/1143/170 1525/3120/170
f 1530/1145/170 1531/3121/170 1529/1146/170
f 1534/1148/170 1535/3122/170 1533/1149/170
f 1537/3123/170 1538/3124/170 1536/3125/170
f 1541/1151/170 1542/3126/170 1540/1152/170
f 1545/1154/170 1546/3127/170 1544/1155/170
f 1549/1157/170 1550/3128/170 1548/1158/170
f 1556/1163/170 1557/3129/170 1555/1164/170
f 1563/1169/170 1564/3130/170 1562/1170/170
f 1566/3131/170 1567/3132/170 1565/3133/170
f 1570/1172/170 1571/3134/170 1569/1173/170
f 1574/1175/170 1575/3135/170 1573/1176/170
f 1578/1178/170 1579/3136/170 1577/1179/170
f 1580/1183/170 1583/1182/170 1581/3137/170
f 1586/1184/170 1587/3138/170 1585/1185/170
f 1590/1187/170 1591/3139/170 1589/1188/170
f 1594/1190/124 1595/3140/124 1593/1191/124
f 1597/3141/170 1598/3142/170 1596/3143/170
f 1607/1199/170 1608/3144/170 1606/1200/170
f 1611/1202/170 1612/3145/170 1610/1203/170
f 1615/1205/170 1616/3146/170 1614/1206/170
f 1619/1208/170 1620/3147/170 1618/1209/170
f 1626/1214/170 1627/3148/170 1625/1215/170
f 1628/1219/170 1631/1218/170 1629/3149/170
f 1634/1220/170 1635/3150/170 1633/1221/170
f 1641/1226/170 1642/3151/170 1640/1227/170
f 1644/3152/170 1645/3153/170 1643/3154/170
f 1651/1232/170 1652/3155/170 1650/1233/170
f 1655/1235/170 1656/3156/170 1654/1236/170
f 1659/1238/170 1660/3157/170 1658/1239/170
f 1662/3158/170 1663/3159/170 1661/3160/170
f 1667/3161/170 1669/3162/170 1668/3163/170
f 1672/1244/170 1673/3164/170 1671/1245/170
f 1674/1249/170 1677/1248/170 1675/3165/170
f 1689/1259/170 1690/3166/170 1688/1260/170
f 1691/1264/170 1694/1263/170 1692/3167/170
f 1697/1265/170 1698/3168/170 1696/1266/170
f 1701/1268/170 1702/3169/170 1700/1269/170
f 1705/1271/170 1706/3170/170 1704/1272/170
f 1709/1274/170 1710/3171/170 1708/1275/170
f 1711/3172/170 1713/3173/170 1712/3174/170
f 1716/1277/170 1717/3175/170 1715/1278/170
f 1718/1282/170 1721/1281/170 1719/3176/170
f 1722/1285/170 1725/1284/170 1723/3177/170
f 1734/1292/170 1735/3178/170 1733/1293/170
f 1738/1295/170 1739/3179/170 1737/1296/170
f 1742/1298/170 1743/3180/170 1741/1299/170
f 1746/1301/170 1747/3181/170 1745/1302/170
f 1753/1307/170 1754/3182/170 1752/1308/170
f 1757/1310/170 1758/3183/170 1756/1311/170
f 1762/3184/170 1764/3185/170 1763/3186/170
f 1765/1318/170 1768/1317/170 1766/3187/170
f 1771/1319/170 1772/3188/170 1770/1320/170
f 1784/1331/170 1785/3189/170 1783/1332/170
f 1786/3190/170 1788/3191/170 1787/3192/170
f 1791/1334/170 1792/3193/170 1790/1335/170
f 1798/1340/170 1799/3194/170 1797/1341/170
f 1802/1343/170 1803/3195/170 1801/1344/170
f 1806/1346/170 1807/3196/170 1805/1347/170
f 1810/1349/170 1811/3197/170 1809/1350/170
f 1812/1354/170 1815/1353/170 1813/3198/170
f 1818/1355/170 1819/3199/170 1817/1356/170
f 1825/1361/170 1826/3200/170 1824/1362/170
f 1829/1364/170 1830/3201/170 1828/1365/170
f 1831/1369/170 1834/1368/170 1832/3202/170
f 1836/3203/170 1837/3204/170 1835/3205/170
f 1840/1370/170 1841/3206/170 1839/1371/170
f 1844/1373/124 1845/3207/124 1843/1374/124
f 1846/1378/170 1849/1377/170 1847/3208/170
f 1852/1379/170 1853/3209/170 1851/1380/170
f 1854/1384/170 1857/1383/170 1855/3210/170
f 1858/1387/170 1861/1386/170 1859/3211/170
f 1868/1396/170 1871/1395/170 1869/3212/170
f 1874/1397/170 1875/3213/170 1873/1398/170
f 1878/1400/170 1879/3214/170 1877/1401/170
f 1885/1406/170 1886/3215/170 1884/1407/170
f 1887/1411/170 1890/1410/170 1888/3216/170
f 1893/1412/170 1894/3217/170 1892/1413/170
f 1902/3218/170 1903/3219/170 1901/3220/170
f 1906/1421/170 1907/3221/170 1905/1422/170
f 1910/1424/170 1911/3222/170 1909/1425/170
f 1914/1427/170 1915/3223/170 1913/1428/170
f 1917/3224/170 1918/3225/170 1916/3226/170
f 1919/1432/170 1922/1431/170 1920/3227/170
f 1925/1433/170 1926/3228/170 1924/1434/170
f 1930/1441/170 1933/1440/170 1931/3229/170
f 1934/1444/124 1937/1443/124 1935/3230/124
f 1939/3231/170 1940/3232/170 1938/3233/170
f 1943/1445/170 1944/3234/170 1942/1446/170
f 1947/1448/170 1948/3235/170 1946/1449/170
f 1951/1451/170 1952/3236/170 1950/1452/170
f 1954/3237/170 1955/3238/170 1953/3239/170
f 1961/1457/170 1962/3240/170 1960/1458/170
f 1963/1462/124 1966/1461/124 1964/3241/124
f 1970/1468/124 1973/1467/124 1971/3242/124
f 1982/1475/124 1983/3243/124 1981/1476/124
f 1986/1478/170 1987/3244/170 1985/1479/170
f 1988/3245/124 1990/3246/124 1989/3247/124
f 1991/1483/124 1994/1482/124 1992/3248/124
f 2004/1495/124 2007/1494/124 2005/3249/124
f 2008/1498/124 2011/1497/124 2009/3250/124
f 2020/1505/124 2021/3251/124 2019/1506/124
f 2024/1508/124 2025/3252/124 2023/1509/124
f 2026/3253/124 2028/3254/124 2027/3255/124
f 2030/3256/124 2031/3257/124 2029/3258/124
f 2032/3259/124 2034/3260/124 2033/3261/124
f 2035/1513/124 2038/1512/124 2036/3262/124
f 2046/3263/124 2047/3264/124 2045/3265/124
f 2048/1522/124 2051/1521/124 2049/3266/124
f 2054/1523/124 2055/3267/124 2053/1524/124
f 2056/3268/124 2058/3269/124 2057/3270/124
f 2060/3271/124 2061/3272/124 2059/3273/124
f 2062/1528/124 2065/1527/124 2063/3274/124
f 2069/3275/124 2071/3276/124 2070/3277/124
f 2072/1534/124 2075/1533/124 2073/3278/124
f 2078/1535/124 2079/3279/124 2077/1536/124
f 2080/1540/124 2083/1539/124 2081/3280/124
f 2089/1544/124 2090/3281/124 2088/1545/124
f 2095/3282/124 2096/3283/124 2094/3284/124
f 2097/3285/124 2099/3286/124 2098/3287/124
f 2104/3288/124 2105/3289/124 2103/3290/124
f 2108/1553/124 2109/3291/124 2107/1554/124
f 2113/3292/124 2115/3293/124 2114/3294/124
f 2121/1562/124 2122/3295/124 2120/1563/124
f 2123/3296/124 2125/3297/124 2124/3298/124
f 2128/1565/124 2129/3299/124 2127/1566/124
f 2131/3300/124 2132/3301/124 2130/3302/124
f 2135/1568/124 2136/3303/124 2134/1569/124
f 2138/3304/124 2139/3305/124 2137/3306/124
f 2145/1574/124 2146/3307/124 2144/1575/124
f 2147/3308/124 2149/3309/124 2148/3310/124
f 2150/1579/124 2153/1578/124 2151/3311/124
f 2156/1580/124 2157/3312/124 2155/1581/124
f 2158/3313/124 2160/3314/124 2159/3315/124
f 2161/3316/124 2163/3317/124 2162/3318/124
f 2166/1583/124 2167/3319/124 2165/1584/124
f 2170/1586/124 2171/3320/124 2169/1587/124
f 2174/1589/124 2175/3321/124 2173/1590/124
f 2176/3322/124 2178/3323/124 2177/3324/124
f 2181/1592/124 2182/3325/124 2180/1593/124
f 2185/1595/124 2186/3326/124 2184/1596/124
f 2187/3327/124 2189/3328/124 2188/3329/124
f 2195/1601/124 2196/3330/124 2194/1602/124
f 2197/1606/124 2200/1605/124 2198/3331/124
f 2203/1607/124 2204/3332/124 2202/1608/124
f 2210/1613/124 2211/3333/124 2209/1614/124
f 2214/1616/124 2215/3334/124 2213/1617/124
f 2219/3335/124 2221/3336/124 2220/3337/124
f 2222/3338/124 2224/3339/124 2223/3340/124
f 2227/1622/124 2228/3341/124 2226/1623/124
f 2237/1631/124 2238/3342/124 2236/1632/124
f 2243/3343/124 2244/3344/124 2242/3345/124
f 2245/3346/124 2247/3347/124 2246/3348/124
f 2250/1637/124 2251/3349/124 2249/1638/124
f 2253/3350/124 2254/3351/124 2252/3352/124
f 2255/3353/124 2257/3354/124 2256/3355/124
f 2258/3356/124 2260/3357/124 2259/3358/124
f 2263/1640/124 2264/3359/124 2262/1641/124
f 2269/3360/124 2270/3361/124 2268/3362/124
f 2271/1648/124 2274/1647/124 2272/3363/124
f 2278/1654/124 2281/1653/124 2279/3364/124
f 2283/3365/124 2284/3366/124 2282/3367/124
f 2293/1661/124 2294/3368/124 2292/1662/124
f 2295/1666/124 2298/1665/124 2296/3369/124
f 2309/3370/124 2310/3371/124 2308/3372/124
f 2311/3373/124 2313/3374/124 2312/3375/124
f 2314/1678/124 2317/1677/124 2315/3376/124
f 2320/1679/124 2321/3377/124 2319/1680/124
f 2324/1682/124 2325/3378/124 2323/1683/124
f 2331/1688/124 2332/3379/124 2330/1689/124
f 2336/3380/124 2338/3381/124 2337/3382/124
f 2339/1696/124 2342/1695/124 2340/3383/124
f 2345/1697/124 2346/3384/124 2344/1698/124
f 2358/1709/124 2359/3385/124 2357/1710/124
f 2365/1715/124 2366/3386/124 2364/1716/124
f 2369/1718/124 2370/3387/124 2368/1719/124
f 2376/1724/124 2377/3388/124 2375/1725/124
f 2379/3389/124 2380/3390/124 2378/3391/124
f 2383/1727/124 2384/3392/124 2382/1728/124
f 2396/1739/124 2397/3393/124 2395/1740/124
f 2400/1742/124 2401/3394/124 2399/1743/124
f 2408/1753/124 2411/1752/124 2409/3395/124
f 2413/3396/124 2414/3397/124 2412/3398/124
f 2416/3399/124 2417/3400/124 2415/3401/124
f 2420/1754/124 2421/3402/124 2419/1755/124
f 2423/3403/124 2424/3404/124 2422/3405/124
f 2427/1757/124 2428/3406/124 2426/1758/124
f 2431/1760/124 2432/3407/124 2430/1761/124
f 2434/3408/124 2435/3409/124 2433/3410/124
f 2438/1763/124 2439/3411/124 2437/1764/124
f 2441/3412/124 2442/3413/124 2440/3414/124
f 2445/1766/124 2446/3415/124 2444/1767/124
f 2462/3416/124 2464/3417/124 2463/3418/124
f 2465/1786/124 2468/1785/124 2466/3419/124
f 2470/3420/124 2471/3421/124 2469/3422/124
f 2473/3423/124 2474/3424/124 2472/3425/124
f 2475/1789/124 2478/1788/124 2476/3426/124
f 2487/1796/124 2488/3427/124 2486/1797/124
f 2489/3428/124 2491/3429/124 2490/3430/124
f 2500/1805/124 2501/3431/124 2499/1806/124
f 2502/3432/124 2504/3433/124 2503/3434/124
f 2506/3435/124 2507/3436/124 2505/3437/124
f 2517/1819/124 2520/1818/124 2518/3438/124
f 2521/1822/124 2524/1821/124 2522/3439/124
f 2526/3440/124 2527/3441/124 2525/3442/124
f 2528/1825/124 2531/1824/124 2529/3443/124
f 2534/1826/124 2535/3444/124 2533/1827/124
f 2538/1829/124 2539/3445/124 2537/1830/124
f 2541/3446/124 2542/3447/124 2540/3448/124
f 2544/3449/124 2545/3450/124 2543/3451/124
f 2546/1834/124 2549/1833/124 2547/3452/124
f 2552/1835/124 2553/3453/124 2551/1836/124
f 2554/1840/124 2557/1839/124 2555/3454/124
f 2558/3455/124 2560/3456/124 2559/3457/124
f 2563/1841/124 2564/3458/124 2562/1842/124
f 2567/1844/124 2568/3459/124 2566/1845/124
f 2577/1853/124 2578/3460/124 2576/1854/124
f 2582/3461/124 2584/3462/124 2583/3463/124
f 2587/1859/124 2588/3464/124 2586/1860/124
f 2589/1864/124 2592/1863/124 2590/3465/124
f 2595/1865/124 2596/3466/124 2594/1866/124
f 2604/1871/124 2605/3467/124 2603/1872/124
f 2606/1876/124 2609/1875/124 2607/3468/124
f 2615/1880/124 2616/3469/124 2614/1881/124
f 2617/1885/124 2620/1884/124 2618/3470/124
f 2623/1886/124 2624/3471/124 2622/1887/124
f 2630/1892/124 2631/3472/124 2629/1893/124
f 2632/1897/124 2635/1896/124 2633/3473/124
f 2636/3474/124 2638/3475/124 2637/3476/124
f 2644/1901/124 2645/3477/124 2643/1902/124
f 2646/1906/124 2649/1905/124 2647/3478/124
f 2652/1907/124 2653/3479/124 2651/1908/124
f 2657/1915/124 2660/1914/124 2658/3480/124
f 2668/1919/124 2669/3481/124 2667/1920/124
f 2673/3482/124 2675/3483/124 2674/3484/124
f 2676/1927/124 2679/1926/124 2677/3485/124
f 2680/3486/124 2682/3487/124 2681/3488/124
f 2688/1931/124 2689/3489/124 2687/1932/124
f 2694/3490/124 2695/3491/124 2693/3492/124
f 2696/1939/124 2699/1938/124 2697/3493/124
f 2703/1945/124 2706/1944/124 2704/3494/124
f 2708/3495/124 2709/3496/124 2707/3497/124
f 2718/1952/124 2719/3498/124 2717/1953/124
f 2720/1957/124 2723/1956/124 2721/3499/124
f 2734/3500/124 2735/3501/124 2733/3502/124
f 2736/3503/124 2738/3504/124 2737/3505/124
f 2739/1969/124 2742/1968/124 2740/3506/124
f 2745/1970/124 2746/3507/124 2744/1971/124
f 2749/1973/124 2750/3508/124 2748/1974/124
f 2756/1979/124 2757/3509/124 2755/1980/124
f 2761/3510/124 2763/3511/124 2762/3512/124
f 2764/1987/124 2767/1986/124 2765/3513/124
f 2770/1988/124 2771/3514/124 2769/1989/124
f 2781/3515/124 2783/3516/124 2782/3517/124
f 2789/2003/124 2790/3518/124 2788/2004/124
f 2793/2006/124 2794/3519/124 2792/2007/124
f 2798/2014/170 2801/2013/170 2799/3520/170
f 2804/2015/124 2805/3521/124 2803/2016/124
f 2809/2023/124 2812/2022/124 2810/3522/124
f 2815/2024/124 2816/3523/124 2814/2025/124
f 2819/2027/124 2820/3524/124 2818/2028/124
f 2827/2038/124 2830/2037/124 2828/3525/124
f 2836/2042/124 2837/3526/124 2835/2043/124
f 2838/2047/124 2841/2046/124 2839/3527/124
f 2850/2054/124 2851/3528/124 2849/2055/124
f 2854/2057/124 2855/3529/124 2853/2058/124
f 2858/2060/124 2859/3530/124 2857/2061/124
f 2865/2066/124 2866/3531/124 2864/2067/124
f 2872/2072/124 2873/3532/124 2871/2073/124
f 2876/2075/124 2877/3533/124 2875/2076/124
f 2881/2083/124 2884/2082/124 2882/3534/124
f 2885/3535/124 2887/3536/124 2886/3537/124
f 2890/2084/124 2891/3538/124 2889/2085/124
f 2901/3539/124 2903/3540/124 2902/3541/124
f 2907/2101/124 2910/2100/124 2908/3542/124
f 2914/3543/124 2916/3544/124 2915/3545/124
f 2919/2105/124 2920/3546/124 2918/2106/124
f 2921/2110/124 2924/2109/124 2922/3547/124
f 2927/2111/124 2928/3548/124 2926/2112/124
f 2934/2117/124 2935/3549/124 2933/2118/124
f 2938/2120/124 2939/3550/124 2937/2121/124
f 2945/2126/124 2946/3551/124 2944/2127/124
f 2947/2131/124 2950/2130/124 2948/3552/124
f 2953/2132/124 2954/3553/124 2952/2133/124
f 2955/3554/124 2957/3555/124 2956/3556/124
f 2958/2137/124 2961/2136/124 2959/3557/124
f 2962/2140/124 2965/2139/124 2963/3558/124
f 2968/2141/124 2969/3559/124 2967/2142/124
f 2974/3560/124 2975/3561/124 2973/3562/124
f 2981/2150/124 2982/3563/124 2980/2151/124
f 2985/2153/124 2986/3564/124 2984/2154/124
f 2988/3565/124 2989/3566/124 2987/3567/124
f 2990/2158/124 2993/2157/124 2991/3568/124
f 2996/2159/124 2997/3569/124 2995/2160/124
f 3000/2162/124 3001/3570/124 2999/2163/124
f 3004/2165/124 3005/3571/124 3003/2166/124
f 3007/3572/124 3008/3573/124 3006/3574/124
f 3014/2171/124 3015/3575/124 3013/2172/124
f 3016/2176/124 3019/2175/124 3017/3576/124
f 3021/3577/124 3022/3578/124 3020/3579/124
f 3025/2177/124 3026/3580/124 3024/2178/124
f 3029/2180/124 3030/3581/124 3028/2181/124
f 3036/2186/124 3037/3582/124 3035/2187/124
f 3043/2192/124 3044/3583/124 3042/2193/124
f 3047/2195/124 3048/3584/124 3046/2196/124
f 3051/2198/124 3052/3585/124 3050/2199/124
f 3058/2204/124 3059/3586/124 3057/2205/124
f 3062/2207/124 3063/3587/124 3061/2208/124
f 3066/2210/124 3067/3588/124 3065/2211/124
f 3078/3589/124 3079/3590/124 3077/3591/124
f 3082/2222/124 3083/3592/124 3081/2223/124
f 3087/2230/124 3090/2229/124 3088/3593/124
f 3094/2236/124 3097/2235/124 3095/3594/124
f 3100/2237/124 3101/3595/124 3099/2238/124
f 3104/2240/124 3105/3596/124 3103/2241/124
f 3107/3597/124 3108/3598/124 3106/3599/124
f 3114/2246/124 3115/3600/124 3113/2247/124
f 3118/2249/124 3119/3601/124 3117/2250/124
f 3128/2258/124 3129/3602/124 3127/2259/124
f 3131/3603/124 3132/3604/124 3130/3605/124
f 3133/2263/124 3136/2262/124 3134/3606/124
f 3137/2266/124 3140/2265/124 3138/3607/124
f 3141/2269/124 3144/2268/124 3142/3608/124
f 3145/2272/124 3148/2271/124 3146/3609/124
f 3150/3610/124 3151/3611/124 3149/3612/124
f 3154/2273/124 3155/3613/124 3153/2274/124
f 3156/3614/124 3158/3615/124 3157/3616/124
f 3161/2276/124 3162/3617/124 3160/2277/124
f 3166/2284/124 3169/2283/124 3167/3618/124
f 3172/2285/124 3173/3619/124 3171/2286/124
f 3175/3620/124 3176/3621/124 3174/3622/124
f 3180/2293/124 3183/2292/124 3181/3623/124
f 3184/2296/124 3187/2295/124 3185/3624/124
f 3193/2300/124 3194/3625/124 3192/2301/124
f 3197/2303/124 3198/3626/124 3196/2304/124
f 3201/2306/124 3202/3627/124 3200/2307/124
f 3205/2309/124 3206/3628/124 3204/2310/124
f 3208/3629/124 3209/3630/124 3207/3631/124
f 3218/2318/124 3219/3632/124 3217/2319/124
f 3220/2323/124 3223/2322/124 3221/3633/124
f 3224/2326/124 3227/2325/124 3225/3634/124
f 3233/2330/124 3234/3635/124 3232/2331/124
f 3238/2338/124 3241/2337/124 3239/3636/124
f 3244/2339/124 3245/3637/124 3243/2340/124
f 3251/2345/124 3252/3638/124 3250/2346/124
f 3253/2350/124 3256/2349/124 3254/3639/124
f 3259/2351/124 3260/3640/124 3258/2352/124
f 3263/2354/124 3264/3641/124 3262/2355/124
f 3269/3642/124 3270/3643/124 3268/3644/124
f 3281/3645/124 3282/3646/124 3280/3647/124
f 3283/2371/124 3286/2370/124 3284/3648/124
f 3289/2372/124 3290/3649/124 3288/2373/124
f 3293/2375/124 3294/3650/124 3292/2376/124
f 3297/2378/124 3298/3651/124 3296/2379/124
f 3301/2381/124 3302/3652/124 3300/2382/124
f 3303/2386/124 3306/2385/124 3304/3653/124
f 3312/2390/124 3313/3654/124 3311/2391/124
f 3316/2393/124 3317/3655/124 3315/2394/124
f 3318/3656/124 3320/3657/124 3319/3658/124
f 3321/2398/124 3324/2397/124 3322/3659/124
f 3327/2399/124 3328/3660/124 3326/2400/124
f 3329/2404/124 3332/2403/124 3330/3661/124
f 3341/2411/124 3342/3662/124 3340/2412/124
f 3345/2414/124 3346/3663/124 3344/2415/124
f 3349/2417/124 3350/3664/124 3348/2418/124
f 3353/2420/124 3354/3665/124 3352/2421/124
f 3355/3666/124 3357/3667/124 3356/3668/124
f 3358/2425/124 3361/2424/124 3359/3669/124
f 3363/3670/124 3364/3671/124 3362/3672/124
f 3365/2428/124 3368/2427/124 3366/3673/124
f 3371/2429/124 3372/3674/124 3370/2430/124
f 3375/2432/124 3376/3675/124 3374/2433/124
f 3377/3676/124 3379/3677/124 3378/3678/124
f 3382/2435/124 3383/3679/124 3381/2436/124
f 3386/2438/124 3387/3680/124 3385/2439/124
f 3389/3681/124 3390/3682/124 3388/3683/124
f 3393/2441/124 3394/3684/124 3392/2442/124
f 3395/3685/124 3397/3686/124 3396/3687/124
f 3400/2444/124 3401/3688/124 3399/2445/124
f 3404/2447/124 3405/3689/124 3403/2448/124
f 3408/2450/124 3409/3690/124 3407/2451/124
f 3415/2456/124 3416/3691/124 3414/2457/124
f 3417/3692/124 3419/3693/124 3418/3694/124
f 3420/3695/124 3422/3696/124 3421/3697/124
f 3424/3698/124 3425/3699/124 3423/3700/124
f 3428/2459/124 3429/3701/124 3427/2460/124
f 3430/2464/124 3433/2463/124 3431/3702/124
f 3436/2465/124 3437/3703/124 3435/2466/124
f 3440/2468/124 3441/3704/124 3439/2469/124
f 3442/2473/124 3445/2472/124 3443/3705/124
f 3446/2476/124 3449/2475/124 3447/3706/124
f 3450/2479/124 3453/2478/124 3451/3707/124
f 3459/2483/124 3460/3708/124 3458/2484/124
f 3461/2488/124 3464/2487/124 3462/3709/124
f 3465/2491/124 3468/2490/124 3466/3710/124
f 3472/2497/124 3475/2496/124 3473/3711/124
f 3478/2498/124 3479/3712/124 3477/2499/124
f 3480/2503/124 3483/2502/124 3481/3713/124
f 3486/2504/124 3487/3714/124 3485/2505/124
f 3490/2507/124 3491/3715/124 3489/2508/124
f 3494/2510/124 3495/3716/124 3493/2511/124
f 3496/2515/124 3499/2514/124 3497/3717/124
f 3500/3718/124 3502/3719/124 3501/3720/124
f 3504/3721/124 3505/3722/124 3503/3723/124
f 3508/2516/124 3509/3724/124 3507/2517/124
f 3524/2531/124 3525/3725/124 3523/2532/124
f 3528/2534/124 3529/3726/124 3527/2535/124
f 3530/2539/124 3533/2538/124 3531/3727/124
f 3536/2540/124 3537/3728/124 3535/2541/124
f 3543/2546/124 3544/3729/124 3542/2547/124
f 3550/2552/124 3551/3730/124 3549/2553/124
f 3552/2557/124 3555/2556/124 3553/3731/124
f 3558/2558/124 3559/3732/124 3557/2559/124
f 3561/3733/124 3562/3734/124 3560/3735/124
f 3566/2566/124 3569/2565/124 3567/3736/124
f 3572/2567/124 3573/3737/124 3571/2568/124
f 3575/3738/124 3576/3739/124 3574/3740/124
f 3579/2570/124 3580/3741/124 3578/2571/124
f 3582/3742/124 3583/3743/124 3581/3744/124
f 3584/2575/124 3587/2574/124 3585/3745/124
f 3588/2578/124 3591/2577/124 3589/3746/124
f 3592/2581/124 3595/2580/124 3593/3747/124
f 3596/2584/124 3599/2583/124 3597/3748/124
f 3601/3749/124 3602/3750/124 3600/3751/124
f 3605/2585/124 3606/3752/124 3604/2586/124
f 3607/3753/124 3609/3754/124 3608/3755/124
f 3612/2588/124 3613/3756/124 3611/2589/124
f 3617/2596/124 3620/2595/124 3618/3757/124
f 3623/2597/124 3624/3758/124 3622/2598/124
f 3626/3759/124 3627/3760/124 3625/3761/124
f 3631/2605/124 3634/2604/124 3632/3762/124
f 3635/2608/124 3638/2607/124 3636/3763/124
f 3644/2612/124 3645/3764/124 3643/2613/124
f 3648/2615/124 3649/3765/124 3647/2616/124
f 3652/2618/124 3653/3766/124 3651/2619/124
f 3656/2621/124 3657/3767/124 3655/2622/124
f 3659/3768/124 3660/3769/124 3658/3770/124
f 3669/2630/124 3670/3771/124 3668/2631/124
f 3671/2635/124 3674/2634/124 3672/3772/124
f 3675/2638/124 3678/2637/124 3676/3773/124
f 3684/2642/124 3685/3774/124 3683/2643/124
f 3689/2650/124 3692/2649/124 3690/3775/124
f 3695/2651/124 3696/3776/124 3694/2652/124
f 3702/2657/124 3703/3777/124 3701/2658/124
f 3704/2662/124 3707/2661/124 3705/3778/124
f 3710/2663/124 3711/3779/124 3709/2664/124
f 3714/2666/124 3715/3780/124 3713/2667/124
f 3720/3781/124 3721/3782/124 3719/3783/124
f 3732/3784/124 3733/3785/124 3731/3786/124
f 3734/2683/124 3737/2682/124 3735/3787/124
f 3740/2684/124 3741/3788/124 3739/2685/124
f 3744/2687/124 3745/3789/124 3743/2688/124
f 3748/2690/124 3749/3790/124 3747/2691/124
f 3752/2693/124 3753/3791/124 3751/2694/124
f 3754/2698/124 3757/2697/124 3755/3792/124
f 3763/2702/124 3764/3793/124 3762/2703/124
f 3767/2705/124 3768/3794/124 3766/2706/124
f 3769/2710/124 3772/2709/124 3770/3795/124
f 3775/2711/124 3776/3796/124 3774/2712/124
f 3782/2717/124 3783/3797/124 3781/2718/124
f 3784/2722/124 3787/2721/124 3785/3798/124
f 3790/2723/124 3791/3799/124 3789/2724/124
f 3792/2728/124 3795/2727/124 3793/3800/124
f 3798/2729/124 3799/3801/124 3797/2730/124
f 3803/2737/124 3806/2736/124 3804/3802/124
f 3808/3803/124 3809/3804/124 3807/3805/124
f 3812/2738/124 3813/3806/124 3811/2739/124
f 3814/2743/124 3817/2742/124 3815/3807/124
l 2661 2662
l 1217 1218
l 2597 2598
